assessment_id,learner_id,course_id,assessment_date,assessment_type,attempt_number,questions_attempted,questions_correct,score_percentage,retry_count
AS00001,L001,READ01,2025-10-13,Quiz,1,12,9,75.0,0
AS00002,L001,READ01,2026-01-09,Test,1,20,16,80.0,0
AS00003,L001,READ01,2026-03-24,Practice,2,20,15,75.0,1
AS00004,L001,READ01,2026-04-06,Test,1,19,15,78.9,0
AS00005,L001,READ01,2026-04-22,Quiz,2,19,15,78.9,1
AS00006,L001,READ01,2026-08-13,Practice,1,15,12,80.0,0
AS00007,L001,READ01,2026-08-22,Test,2,16,13,81.2,1
AS00008,L001,ELA02,2025-10-10,Test,2,16,13,81.2,1
AS00009,L001,ELA02,2025-10-27,Practice,1,11,8,72.7,0
AS00010,L001,ELA02,2025-11-03,Quiz,2,14,11,78.6,1
AS00011,L001,ELA02,2026-01-17,Practice,2,14,11,78.6,1
AS00012,L001,ELA02,2026-05-31,Quiz,1,13,10,76.9,0
AS00013,L001,ELA02,2026-06-08,Test,2,11,8,72.7,1
AS00014,L001,ELA02,2026-08-17,Practice,1,14,12,85.7,0
AS00015,L001,MATH03,2026-01-23,Quiz,1,14,11,78.6,0
AS00016,L001,MATH03,2026-02-26,Practice,1,12,10,83.3,0
AS00017,L001,MATH03,2026-05-29,Test,1,12,10,83.3,0
AS00018,L001,MATH03,2026-06-10,Test,1,20,17,85.0,0
AS00019,L001,MATH03,2026-06-20,Practice,1,18,15,83.3,0
AS00020,L001,MATH03,2026-08-25,Practice,1,17,15,88.2,0
AS00021,L002,SCI03,2025-11-04,Practice,1,16,13,81.2,0
AS00022,L002,SCI03,2025-11-13,Test,1,10,9,90.0,0
AS00023,L002,SCI03,2025-11-19,Quiz,1,15,14,93.3,0
AS00024,L002,SCI03,2026-05-21,Test,1,20,18,90.0,0
AS00025,L002,SCI03,2026-08-03,Practice,1,17,16,94.1,0
AS00026,L002,SCI03,2026-08-18,Practice,1,17,16,94.1,0
AS00027,L002,ELA04,2025-10-15,Test,2,20,19,95.0,1
AS00028,L002,ELA04,2025-10-17,Quiz,1,13,11,84.6,0
AS00029,L002,ELA04,2025-12-27,Test,2,19,18,94.7,1
AS00030,L002,ELA04,2026-02-04,Practice,1,14,13,92.9,0
AS00031,L002,ELA04,2026-02-04,Practice,1,10,8,80.0,0
AS00032,L002,ELA04,2026-02-08,Test,1,20,18,90.0,0
AS00033,L002,ELA04,2026-03-28,Test,1,12,11,91.7,0
AS00034,L002,ELA04,2026-05-25,Test,1,20,18,90.0,0
AS00035,L002,ELA04,2026-07-23,Test,1,11,9,81.8,0
AS00036,L002,READ01,2025-09-04,Quiz,1,18,15,83.3,0
AS00037,L002,READ01,2026-01-04,Quiz,1,19,17,89.5,0
AS00038,L002,READ01,2026-02-24,Test,1,20,18,90.0,0
AS00039,L002,READ01,2026-04-06,Practice,1,13,12,92.3,0
AS00040,L002,READ01,2026-06-01,Quiz,1,12,11,91.7,0
AS00041,L002,READ01,2026-08-05,Quiz,1,16,15,93.8,0
AS00042,L002,READ01,2026-08-26,Practice,1,15,14,93.3,0
AS00043,L003,READ01,2025-10-31,Test,2,13,11,84.6,1
AS00044,L003,READ01,2026-01-14,Practice,1,19,18,94.7,0
AS00045,L003,READ01,2026-01-27,Quiz,1,20,19,95.0,0
AS00046,L003,READ01,2026-01-29,Practice,1,17,16,94.1,0
AS00047,L003,READ01,2026-02-01,Test,1,10,9,90.0,0
AS00048,L003,READ01,2026-05-06,Practice,1,17,15,88.2,0
AS00049,L003,READ01,2026-06-04,Test,2,11,10,90.9,1
AS00050,L003,ELA01,2025-09-05,Quiz,1,11,9,81.8,0
AS00051,L003,ELA01,2025-10-22,Practice,1,16,15,93.8,0
AS00052,L003,ELA01,2025-12-11,Test,1,10,9,90.0,0
AS00053,L003,ELA01,2026-03-01,Practice,1,14,13,92.9,0
AS00054,L003,ELA01,2026-03-25,Practice,1,15,13,86.7,0
AS00055,L003,ELA01,2026-04-09,Practice,1,12,12,100.0,0
AS00056,L003,ELA01,2026-05-10,Test,1,11,10,90.9,0
AS00057,L003,MATH01,2025-09-03,Quiz,1,13,12,92.3,0
AS00058,L003,MATH01,2025-10-27,Practice,1,16,15,93.8,0
AS00059,L003,MATH01,2025-11-11,Quiz,1,10,9,90.0,0
AS00060,L003,MATH01,2025-11-22,Practice,1,17,15,88.2,0
AS00061,L003,MATH01,2025-12-11,Test,1,11,10,90.9,0
AS00062,L003,MATH01,2026-03-01,Test,1,17,16,94.1,0
AS00063,L003,MATH01,2026-03-03,Practice,1,12,11,91.7,0
AS00064,L003,MATH01,2026-04-11,Test,1,18,16,88.9,0
AS00065,L003,MATH01,2026-08-30,Quiz,1,16,15,93.8,0
AS00066,L004,MATH04,2025-09-07,Practice,2,13,10,76.9,1
AS00067,L004,MATH04,2025-11-04,Test,1,16,13,81.2,0
AS00068,L004,MATH04,2025-11-19,Practice,1,10,8,80.0,0
AS00069,L004,MATH04,2026-02-24,Practice,1,14,11,78.6,0
AS00070,L004,MATH04,2026-05-15,Test,1,13,10,76.9,0
AS00071,L004,MATH04,2026-08-17,Practice,1,18,15,83.3,0
AS00072,L004,SCI03,2025-12-11,Quiz,1,17,12,70.6,0
AS00073,L004,SCI03,2026-01-05,Quiz,1,18,14,77.8,0
AS00074,L004,SCI03,2026-01-13,Quiz,1,19,15,78.9,0
AS00075,L004,SCI03,2026-04-08,Practice,2,13,10,76.9,1
AS00076,L004,SCI03,2026-08-08,Quiz,1,10,9,90.0,0
AS00077,L004,SCI03,2026-08-25,Test,1,12,10,83.3,0
AS00078,L004,ELA04,2025-09-27,Quiz,1,20,16,80.0,0
AS00079,L004,ELA04,2025-10-17,Quiz,1,15,12,80.0,0
AS00080,L004,ELA04,2026-02-04,Quiz,1,18,13,72.2,0
AS00081,L004,ELA04,2026-03-14,Practice,2,14,10,71.4,1
AS00082,L004,ELA04,2026-03-28,Test,1,14,11,78.6,0
AS00083,L004,ELA04,2026-05-27,Quiz,2,16,12,75.0,1
AS00084,L004,ELA04,2026-08-25,Quiz,2,12,9,75.0,1
AS00085,L005,READ01,2025-10-22,Practice,1,14,10,71.4,0
AS00086,L005,READ01,2025-12-04,Quiz,1,15,10,66.7,0
AS00087,L005,READ01,2025-12-18,Test,2,20,14,70.0,1
AS00088,L005,READ01,2026-01-22,Test,1,12,9,75.0,0
AS00089,L005,READ01,2026-01-25,Test,1,15,10,66.7,0
AS00090,L005,READ01,2026-04-09,Quiz,1,18,12,66.7,0
AS00091,L005,READ01,2026-04-30,Test,2,20,14,70.0,1
AS00092,L005,READ01,2026-07-08,Quiz,2,16,11,68.8,1
AS00093,L005,SCI01,2025-09-22,Quiz,1,13,9,69.2,0
AS00094,L005,SCI01,2025-11-01,Test,1,11,7,63.6,0
AS00095,L005,SCI01,2025-12-07,Practice,1,15,11,73.3,0
AS00096,L005,SCI01,2026-06-28,Quiz,1,13,9,69.2,0
AS00097,L005,SCI01,2026-07-06,Practice,2,10,7,70.0,1
AS00098,L005,SCI01,2026-07-20,Test,1,18,13,72.2,0
AS00099,L005,SCI01,2026-08-02,Practice,1,15,11,73.3,0
AS00100,L005,MATH01,2025-10-05,Practice,2,10,7,70.0,1
AS00101,L005,MATH01,2026-04-03,Test,2,12,8,66.7,1
AS00102,L005,MATH01,2026-04-12,Test,1,10,7,70.0,0
AS00103,L005,MATH01,2026-05-06,Practice,1,13,10,76.9,0
AS00104,L005,MATH01,2026-05-16,Test,1,17,13,76.5,0
AS00105,L005,MATH01,2026-05-27,Test,1,11,9,81.8,0
AS00106,L006,MATH01,2025-09-02,Test,2,19,12,63.2,1
AS00107,L006,MATH01,2025-11-21,Test,1,10,7,70.0,0
AS00108,L006,MATH01,2025-12-04,Test,2,17,10,58.8,1
AS00109,L006,MATH01,2025-12-15,Quiz,2,18,13,72.2,1
AS00110,L006,MATH01,2026-01-18,Test,1,14,9,64.3,0
AS00111,L006,MATH01,2026-03-19,Quiz,2,11,7,63.6,1
AS00112,L006,MATH01,2026-03-25,Quiz,2,18,12,66.7,1
AS00113,L006,MATH01,2026-06-15,Practice,2,20,14,70.0,1
AS00114,L006,MATH01,2026-07-08,Quiz,2,12,8,66.7,1
AS00115,L006,ELA01,2025-09-01,Practice,1,19,13,68.4,0
AS00116,L006,ELA01,2025-10-30,Test,1,11,7,63.6,0
AS00117,L006,ELA01,2025-12-17,Practice,1,14,9,64.3,0
AS00118,L006,ELA01,2026-02-25,Quiz,2,19,14,73.7,1
AS00119,L006,ELA01,2026-06-01,Practice,1,20,14,70.0,0
AS00120,L006,ELA01,2026-07-21,Practice,1,13,10,76.9,0
AS00121,L006,ELA01,2026-07-30,Quiz,2,12,9,75.0,1
AS00122,L006,SCI01,2026-01-10,Practice,1,19,12,63.2,0
AS00123,L006,SCI01,2026-03-15,Quiz,1,13,9,69.2,0
AS00124,L006,SCI01,2026-07-18,Practice,1,19,12,63.2,0
AS00125,L006,SCI01,2026-07-22,Test,1,12,8,66.7,0
AS00126,L006,SCI01,2026-08-01,Practice,1,16,11,68.8,0
AS00127,L006,SCI01,2026-08-19,Practice,2,11,7,63.6,1
AS00128,L007,ELA01,2025-11-30,Quiz,2,10,6,60.0,1
AS00129,L007,ELA01,2025-12-02,Quiz,1,16,11,68.8,0
AS00130,L007,ELA01,2025-12-06,Practice,2,11,7,63.6,1
AS00131,L007,ELA01,2026-01-23,Test,2,13,8,61.5,1
AS00132,L007,ELA01,2026-05-10,Test,2,16,12,75.0,1
AS00133,L007,ELA01,2026-06-19,Quiz,1,12,8,66.7,0
AS00134,L007,ELA01,2026-07-29,Practice,2,19,13,68.4,1
AS00135,L007,READ01,2025-09-07,Test,2,11,7,63.6,1
AS00136,L007,READ01,2025-09-23,Quiz,2,19,11,57.9,1
AS00137,L007,READ01,2025-10-27,Practice,3,11,6,54.5,2
AS00138,L007,READ01,2025-11-07,Practice,3,11,6,54.5,2
AS00139,L007,READ01,2026-01-06,Quiz,1,19,11,57.9,0
AS00140,L007,READ01,2026-07-27,Quiz,2,14,9,64.3,1
AS00141,L007,MATH01,2025-09-29,Quiz,1,10,6,60.0,0
AS00142,L007,MATH01,2025-11-03,Test,2,18,11,61.1,1
AS00143,L007,MATH01,2026-01-15,Quiz,2,16,11,68.8,1
AS00144,L007,MATH01,2026-06-06,Practice,2,10,6,60.0,1
AS00145,L007,MATH01,2026-06-06,Practice,1,12,9,75.0,0
AS00146,L007,MATH01,2026-07-19,Test,1,13,9,69.2,0
AS00147,L007,MATH01,2026-08-21,Test,1,16,11,68.8,0
AS00148,L008,READ01,2025-10-23,Practice,2,15,11,73.3,1
AS00149,L008,READ01,2025-10-27,Quiz,2,11,7,63.6,1
AS00150,L008,READ01,2025-11-26,Quiz,1,10,7,70.0,0
AS00151,L008,READ01,2025-12-24,Test,1,16,11,68.8,0
AS00152,L008,READ01,2026-01-23,Quiz,1,12,8,66.7,0
AS00153,L008,READ01,2026-05-10,Test,1,20,15,75.0,0
AS00154,L008,ELA02,2025-10-24,Quiz,1,11,8,72.7,0
AS00155,L008,ELA02,2026-01-14,Quiz,2,20,12,60.0,1
AS00156,L008,ELA02,2026-01-17,Practice,1,16,11,68.8,0
AS00157,L008,ELA02,2026-02-26,Practice,2,11,7,63.6,1
AS00158,L008,ELA02,2026-03-08,Practice,2,14,10,71.4,1
AS00159,L008,ELA02,2026-05-14,Practice,2,12,8,66.7,1
AS00160,L008,ELA02,2026-08-05,Practice,1,15,10,66.7,0
AS00161,L008,ELA02,2026-08-31,Practice,1,17,13,76.5,0
AS00162,L008,MATH02,2025-11-10,Test,1,18,14,77.8,0
AS00163,L008,MATH02,2026-01-04,Test,1,13,10,76.9,0
AS00164,L008,MATH02,2026-03-16,Test,1,16,11,68.8,0
AS00165,L008,MATH02,2026-04-03,Quiz,1,13,8,61.5,0
AS00166,L008,MATH02,2026-05-13,Quiz,2,15,11,73.3,1
AS00167,L008,MATH02,2026-06-03,Quiz,1,15,12,80.0,0
AS00168,L008,MATH02,2026-06-09,Practice,2,11,8,72.7,1
AS00169,L008,MATH02,2026-08-01,Quiz,1,15,12,80.0,0
AS00170,L009,SCI01,2025-09-29,Test,2,12,8,66.7,1
AS00171,L009,SCI01,2025-11-13,Quiz,1,12,8,66.7,0
AS00172,L009,SCI01,2025-12-17,Test,1,16,11,68.8,0
AS00173,L009,SCI01,2025-12-24,Quiz,1,11,7,63.6,0
AS00174,L009,SCI01,2026-01-03,Quiz,1,17,12,70.6,0
AS00175,L009,SCI01,2026-04-04,Quiz,2,10,7,70.0,1
AS00176,L009,SCI01,2026-04-24,Quiz,2,11,8,72.7,1
AS00177,L009,SCI01,2026-06-10,Practice,1,19,13,68.4,0
AS00178,L009,READ01,2025-11-11,Practice,1,16,11,68.8,0
AS00179,L009,READ01,2025-12-03,Practice,1,20,14,70.0,0
AS00180,L009,READ01,2026-02-01,Test,2,11,7,63.6,1
AS00181,L009,READ01,2026-04-29,Quiz,1,10,7,70.0,0
AS00182,L009,READ01,2026-04-29,Practice,2,18,12,66.7,1
AS00183,L009,READ01,2026-05-29,Practice,1,16,11,68.8,0
AS00184,L009,READ01,2026-08-24,Practice,1,18,12,66.7,0
AS00185,L009,ELA01,2025-10-18,Practice,1,12,8,66.7,0
AS00186,L009,ELA01,2025-11-20,Practice,2,19,13,68.4,1
AS00187,L009,ELA01,2025-12-26,Test,1,12,9,75.0,0
AS00188,L009,ELA01,2026-01-18,Test,1,19,13,68.4,0
AS00189,L009,ELA01,2026-03-13,Test,1,17,12,70.6,0
AS00190,L009,ELA01,2026-04-05,Practice,1,20,13,65.0,0
AS00191,L009,ELA01,2026-05-26,Practice,2,12,9,75.0,1
AS00192,L009,ELA01,2026-08-30,Practice,1,20,14,70.0,0
AS00193,L010,READ01,2025-09-15,Test,2,13,9,69.2,1
AS00194,L010,READ01,2025-10-10,Test,2,11,8,72.7,1
AS00195,L010,READ01,2025-10-24,Practice,1,10,8,80.0,0
AS00196,L010,READ01,2026-02-19,Test,1,13,10,76.9,0
AS00197,L010,READ01,2026-03-05,Quiz,1,10,8,80.0,0
AS00198,L010,READ01,2026-07-06,Test,1,19,15,78.9,0
AS00199,L010,ELA04,2025-09-05,Practice,2,18,14,77.8,1
AS00200,L010,ELA04,2025-09-24,Test,1,15,12,80.0,0
AS00201,L010,ELA04,2025-09-25,Practice,2,20,16,80.0,1
AS00202,L010,ELA04,2025-10-18,Quiz,2,18,13,72.2,1
AS00203,L010,ELA04,2026-01-23,Practice,1,10,7,70.0,0
AS00204,L010,ELA04,2026-02-06,Quiz,1,17,13,76.5,0
AS00205,L010,ELA04,2026-02-09,Test,1,14,12,85.7,0
AS00206,L010,ELA04,2026-03-02,Test,2,17,13,76.5,1
AS00207,L010,ELA04,2026-03-23,Quiz,1,11,9,81.8,0
AS00208,L010,SCI03,2025-11-12,Practice,1,20,15,75.0,0
AS00209,L010,SCI03,2025-11-22,Practice,1,17,13,76.5,0
AS00210,L010,SCI03,2026-05-15,Practice,1,14,11,78.6,0
AS00211,L010,SCI03,2026-05-23,Test,1,10,8,80.0,0
AS00212,L010,SCI03,2026-07-09,Test,2,16,12,75.0,1
AS00213,L010,SCI03,2026-08-01,Quiz,2,19,14,73.7,1
AS00214,L010,SCI03,2026-08-15,Practice,1,19,15,78.9,0
AS00215,L011,MATH01,2025-09-08,Quiz,1,11,8,72.7,0
AS00216,L011,MATH01,2025-10-15,Practice,2,14,11,78.6,1
AS00217,L011,MATH01,2025-11-13,Quiz,1,19,13,68.4,0
AS00218,L011,MATH01,2026-02-06,Practice,2,11,8,72.7,1
AS00219,L011,MATH01,2026-05-14,Practice,1,14,10,71.4,0
AS00220,L011,MATH01,2026-06-08,Quiz,1,17,13,76.5,0
AS00221,L011,ELA01,2025-09-21,Test,1,16,12,75.0,0
AS00222,L011,ELA01,2026-01-25,Test,1,12,8,66.7,0
AS00223,L011,ELA01,2026-03-06,Practice,1,19,13,68.4,0
AS00224,L011,ELA01,2026-03-25,Test,1,11,8,72.7,0
AS00225,L011,ELA01,2026-05-08,Test,2,17,13,76.5,1
AS00226,L011,ELA01,2026-06-19,Test,1,10,8,80.0,0
AS00227,L011,READ01,2025-09-05,Test,2,14,9,64.3,1
AS00228,L011,READ01,2025-10-24,Quiz,1,16,10,62.5,0
AS00229,L011,READ01,2025-11-19,Test,1,16,11,68.8,0
AS00230,L011,READ01,2026-01-04,Practice,1,11,8,72.7,0
AS00231,L011,READ01,2026-06-15,Practice,1,20,16,80.0,0
AS00232,L011,READ01,2026-08-25,Test,2,11,8,72.7,1
AS00233,L012,ELA01,2025-10-04,Test,1,15,11,73.3,0
AS00234,L012,ELA01,2025-12-12,Test,2,17,11,64.7,1
AS00235,L012,ELA01,2026-02-16,Practice,2,17,10,58.8,1
AS00236,L012,ELA01,2026-03-23,Practice,1,10,7,70.0,0
AS00237,L012,ELA01,2026-03-25,Practice,1,12,8,66.7,0
AS00238,L012,ELA01,2026-04-10,Test,2,19,11,57.9,1
AS00239,L012,MATH01,2025-09-12,Test,2,16,11,68.8,1
AS00240,L012,MATH01,2025-09-28,Quiz,2,12,8,66.7,1
AS00241,L012,MATH01,2025-10-02,Practice,2,14,9,64.3,1
AS00242,L012,MATH01,2025-12-18,Test,1,17,11,64.7,0
AS00243,L012,MATH01,2025-12-19,Practice,1,13,8,61.5,0
AS00244,L012,MATH01,2026-03-05,Quiz,1,12,8,66.7,0
AS00245,L012,MATH01,2026-04-09,Practice,2,16,10,62.5,1
AS00246,L012,MATH01,2026-05-01,Practice,2,12,8,66.7,1
AS00247,L012,MATH01,2026-08-17,Test,2,17,11,64.7,1
AS00248,L012,SCI01,2025-09-06,Test,1,18,12,66.7,0
AS00249,L012,SCI01,2026-03-01,Test,2,13,8,61.5,1
AS00250,L012,SCI01,2026-03-19,Practice,1,19,12,63.2,0
AS00251,L012,SCI01,2026-04-12,Test,1,20,14,70.0,0
AS00252,L012,SCI01,2026-06-20,Practice,2,15,10,66.7,1
AS00253,L012,SCI01,2026-08-21,Practice,1,12,8,66.7,0
AS00254,L012,SCI01,2026-08-23,Test,1,11,7,63.6,0
AS00255,L013,ELA04,2025-09-02,Test,2,11,8,72.7,1
AS00256,L013,ELA04,2025-11-04,Test,1,13,9,69.2,0
AS00257,L013,ELA04,2026-01-13,Quiz,1,12,9,75.0,0
AS00258,L013,ELA04,2026-04-19,Quiz,2,15,10,66.7,1
AS00259,L013,ELA04,2026-04-19,Quiz,1,20,13,65.0,0
AS00260,L013,ELA04,2026-05-25,Quiz,1,15,11,73.3,0
AS00261,L013,ELA04,2026-06-24,Test,1,14,9,64.3,0
AS00262,L013,ELA04,2026-07-22,Test,1,11,8,72.7,0
AS00263,L013,ELA04,2026-07-25,Practice,1,17,12,70.6,0
AS00264,L013,READ01,2025-10-29,Test,2,15,9,60.0,1
AS00265,L013,READ01,2025-11-30,Practice,1,12,9,75.0,0
AS00266,L013,READ01,2026-02-19,Test,1,14,10,71.4,0
AS00267,L013,READ01,2026-04-07,Practice,1,20,15,75.0,0
AS00268,L013,READ01,2026-04-08,Quiz,1,19,14,73.7,0
AS00269,L013,READ01,2026-04-23,Quiz,1,11,8,72.7,0
AS00270,L013,READ01,2026-05-26,Test,1,11,8,72.7,0
AS00271,L013,READ01,2026-06-05,Test,2,16,11,68.8,1
AS00272,L013,MATH04,2025-09-17,Quiz,1,14,10,71.4,0
AS00273,L013,MATH04,2026-04-16,Test,1,13,9,69.2,0
AS00274,L013,MATH04,2026-05-16,Practice,2,16,12,75.0,1
AS00275,L013,MATH04,2026-06-25,Practice,1,11,8,72.7,0
AS00276,L013,MATH04,2026-07-22,Test,1,16,11,68.8,0
AS00277,L013,MATH04,2026-08-08,Practice,2,16,12,75.0,1
AS00278,L014,READ01,2026-01-14,Practice,2,20,14,70.0,1
AS00279,L014,READ01,2026-01-16,Quiz,2,10,8,80.0,1
AS00280,L014,READ01,2026-01-24,Test,1,15,12,80.0,0
AS00281,L014,READ01,2026-02-05,Quiz,1,19,15,78.9,0
AS00282,L014,READ01,2026-04-01,Quiz,1,19,15,78.9,0
AS00283,L014,READ01,2026-05-18,Quiz,1,18,14,77.8,0
AS00284,L014,READ01,2026-08-04,Quiz,1,19,14,73.7,0
AS00285,L014,MATH04,2025-11-05,Quiz,2,13,10,76.9,1
AS00286,L014,MATH04,2025-11-21,Test,2,18,14,77.8,1
AS00287,L014,MATH04,2025-11-28,Test,1,16,12,75.0,0
AS00288,L014,MATH04,2026-02-10,Quiz,1,14,11,78.6,0
AS00289,L014,MATH04,2026-03-19,Quiz,1,15,12,80.0,0
AS00290,L014,MATH04,2026-03-26,Test,1,10,8,80.0,0
AS00291,L014,MATH04,2026-04-12,Test,2,19,15,78.9,1
AS00292,L014,MATH04,2026-05-23,Quiz,1,18,13,72.2,0
AS00293,L014,MATH04,2026-07-23,Test,1,19,16,84.2,0
AS00294,L014,SCI03,2025-12-05,Test,2,13,10,76.9,1
AS00295,L014,SCI03,2026-01-01,Practice,1,13,10,76.9,0
AS00296,L014,SCI03,2026-03-03,Practice,1,14,12,85.7,0
AS00297,L014,SCI03,2026-04-21,Test,1,11,9,81.8,0
AS00298,L014,SCI03,2026-07-21,Test,1,10,8,80.0,0
AS00299,L014,SCI03,2026-07-22,Test,1,11,9,81.8,0
AS00300,L014,SCI03,2026-08-01,Practice,1,11,9,81.8,0
AS00301,L015,SCI01,2025-10-10,Practice,1,17,12,70.6,0
AS00302,L015,SCI01,2025-10-18,Test,1,11,8,72.7,0
AS00303,L015,SCI01,2025-10-22,Practice,2,11,8,72.7,1
AS00304,L015,SCI01,2025-12-02,Test,1,16,11,68.8,0
AS00305,L015,SCI01,2025-12-16,Quiz,1,17,12,70.6,0
AS00306,L015,SCI01,2026-03-05,Quiz,2,14,10,71.4,1
AS00307,L015,SCI01,2026-03-20,Test,1,20,14,70.0,0
AS00308,L015,SCI01,2026-05-12,Practice,2,10,7,70.0,1
AS00309,L015,MATH01,2025-09-03,Quiz,2,11,8,72.7,1
AS00310,L015,MATH01,2025-11-21,Test,2,18,12,66.7,1
AS00311,L015,MATH01,2026-01-09,Practice,2,12,9,75.0,1
AS00312,L015,MATH01,2026-05-06,Quiz,1,11,8,72.7,0
AS00313,L015,MATH01,2026-05-26,Quiz,2,15,10,66.7,1
AS00314,L015,MATH01,2026-06-07,Practice,2,12,8,66.7,1
AS00315,L015,MATH01,2026-07-05,Practice,1,13,10,76.9,0
AS00316,L015,MATH01,2026-07-12,Practice,1,18,14,77.8,0
AS00317,L015,ELA01,2025-11-28,Test,2,16,11,68.8,1
AS00318,L015,ELA01,2025-12-08,Quiz,2,14,10,71.4,1
AS00319,L015,ELA01,2025-12-11,Practice,1,17,13,76.5,0
AS00320,L015,ELA01,2026-01-07,Practice,1,16,11,68.8,0
AS00321,L015,ELA01,2026-01-22,Test,1,15,11,73.3,0
AS00322,L015,ELA01,2026-03-24,Test,1,16,12,75.0,0
AS00323,L015,ELA01,2026-04-12,Test,1,15,11,73.3,0
AS00324,L015,ELA01,2026-05-21,Quiz,1,11,8,72.7,0
AS00325,L015,ELA01,2026-08-18,Practice,2,18,14,77.8,1
AS00326,L016,SCI03,2025-09-16,Quiz,1,15,10,66.7,0
AS00327,L016,SCI03,2025-10-29,Quiz,2,15,10,66.7,1
AS00328,L016,SCI03,2025-12-02,Quiz,1,20,14,70.0,0
AS00329,L016,SCI03,2026-02-28,Practice,2,15,11,73.3,1
AS00330,L016,SCI03,2026-03-23,Quiz,1,10,6,60.0,0
AS00331,L016,SCI03,2026-05-30,Practice,1,17,12,70.6,0
AS00332,L016,SCI03,2026-07-07,Practice,1,13,9,69.2,0
AS00333,L016,SCI03,2026-07-28,Test,1,14,10,71.4,0
AS00334,L016,MATH04,2025-10-09,Practice,1,20,13,65.0,0
AS00335,L016,MATH04,2025-10-23,Quiz,1,15,10,66.7,0
AS00336,L016,MATH04,2026-01-21,Practice,2,13,8,61.5,1
AS00337,L016,MATH04,2026-06-15,Practice,2,17,12,70.6,1
AS00338,L016,MATH04,2026-06-21,Practice,2,16,12,75.0,1
AS00339,L016,MATH04,2026-07-09,Test,1,12,8,66.7,0
AS00340,L016,MATH04,2026-08-10,Quiz,2,16,11,68.8,1
AS00341,L016,READ01,2025-09-03,Test,1,10,6,60.0,0
AS00342,L016,READ01,2025-09-10,Quiz,2,10,6,60.0,1
AS00343,L016,READ01,2025-11-07,Practice,1,11,8,72.7,0
AS00344,L016,READ01,2026-01-24,Practice,2,14,9,64.3,1
AS00345,L016,READ01,2026-03-26,Practice,2,16,11,68.8,1
AS00346,L016,READ01,2026-04-25,Practice,1,17,10,58.8,0
AS00347,L016,READ01,2026-06-22,Practice,1,14,10,71.4,0
AS00348,L016,READ01,2026-07-27,Quiz,1,17,12,70.6,0
AS00349,L017,ELA01,2025-09-06,Test,1,15,11,73.3,0
AS00350,L017,ELA01,2025-09-15,Quiz,2,16,11,68.8,1
AS00351,L017,ELA01,2025-09-25,Practice,1,13,9,69.2,0
AS00352,L017,ELA01,2025-10-23,Test,1,18,13,72.2,0
AS00353,L017,ELA01,2025-10-24,Quiz,2,10,7,70.0,1
AS00354,L017,ELA01,2025-11-11,Practice,2,11,8,72.7,1
AS00355,L017,ELA01,2025-12-24,Test,1,11,9,81.8,0
AS00356,L017,ELA01,2026-07-14,Practice,1,19,14,73.7,0
AS00357,L017,READ01,2025-11-01,Practice,1,12,8,66.7,0
AS00358,L017,READ01,2025-11-04,Quiz,1,20,15,75.0,0
AS00359,L017,READ01,2025-11-10,Test,1,18,12,66.7,0
AS00360,L017,READ01,2025-11-27,Practice,1,17,13,76.5,0
AS00361,L017,READ01,2026-02-11,Practice,1,15,12,80.0,0
AS00362,L017,READ01,2026-04-24,Practice,2,13,10,76.9,1
AS00363,L017,READ01,2026-06-26,Quiz,1,11,8,72.7,0
AS00364,L017,READ01,2026-08-24,Quiz,1,20,15,75.0,0
AS00365,L017,MATH01,2025-09-07,Practice,1,13,9,69.2,0
AS00366,L017,MATH01,2025-10-01,Practice,1,13,10,76.9,0
AS00367,L017,MATH01,2025-10-09,Test,1,13,10,76.9,0
AS00368,L017,MATH01,2025-12-18,Practice,1,18,13,72.2,0
AS00369,L017,MATH01,2026-05-12,Test,1,17,13,76.5,0
AS00370,L017,MATH01,2026-08-10,Quiz,1,11,9,81.8,0
AS00371,L018,ELA01,2025-10-06,Test,2,14,9,64.3,1
AS00372,L018,ELA01,2025-12-06,Test,1,14,9,64.3,0
AS00373,L018,ELA01,2025-12-13,Practice,2,20,14,70.0,1
AS00374,L018,ELA01,2026-03-17,Quiz,1,11,7,63.6,0
AS00375,L018,ELA01,2026-03-24,Quiz,1,10,7,70.0,0
AS00376,L018,ELA01,2026-04-20,Test,2,14,9,64.3,1
AS00377,L018,ELA01,2026-05-21,Practice,1,18,13,72.2,0
AS00378,L018,ELA01,2026-07-15,Quiz,1,11,8,72.7,0
AS00379,L018,MATH01,2025-11-17,Practice,1,10,7,70.0,0
AS00380,L018,MATH01,2025-12-18,Practice,2,11,8,72.7,1
AS00381,L018,MATH01,2026-02-18,Quiz,2,16,12,75.0,1
AS00382,L018,MATH01,2026-03-23,Practice,2,16,11,68.8,1
AS00383,L018,MATH01,2026-04-09,Test,1,18,12,66.7,0
AS00384,L018,MATH01,2026-04-09,Quiz,2,16,11,68.8,1
AS00385,L018,MATH01,2026-05-16,Quiz,2,20,14,70.0,1
AS00386,L018,MATH01,2026-05-19,Quiz,2,13,9,69.2,1
AS00387,L018,SCI01,2025-10-04,Quiz,2,16,10,62.5,1
AS00388,L018,SCI01,2025-10-22,Test,1,13,8,61.5,0
AS00389,L018,SCI01,2025-12-25,Quiz,1,14,10,71.4,0
AS00390,L018,SCI01,2026-01-01,Practice,1,13,9,69.2,0
AS00391,L018,SCI01,2026-01-20,Quiz,2,19,13,68.4,1
AS00392,L018,SCI01,2026-05-31,Test,2,11,8,72.7,1
AS00393,L018,SCI01,2026-07-15,Practice,1,19,14,73.7,0
AS00394,L018,SCI01,2026-08-25,Test,2,13,9,69.2,1
AS00395,L019,MATH03,2025-09-07,Practice,1,20,17,85.0,0
AS00396,L019,MATH03,2025-11-12,Practice,1,10,9,90.0,0
AS00397,L019,MATH03,2025-11-25,Quiz,1,11,9,81.8,0
AS00398,L019,MATH03,2025-12-05,Practice,1,19,16,84.2,0
AS00399,L019,MATH03,2026-02-18,Quiz,2,19,15,78.9,1
AS00400,L019,MATH03,2026-04-22,Quiz,1,17,15,88.2,0
AS00401,L019,MATH02,2025-10-19,Test,1,15,12,80.0,0
AS00402,L019,MATH02,2025-10-22,Practice,1,15,13,86.7,0
AS00403,L019,MATH02,2025-11-15,Practice,1,20,16,80.0,0
AS00404,L019,MATH02,2025-11-25,Practice,2,17,15,88.2,1
AS00405,L019,MATH02,2025-12-26,Test,1,14,12,85.7,0
AS00406,L019,MATH02,2026-02-03,Test,1,20,18,90.0,0
AS00407,L019,MATH02,2026-05-16,Test,1,17,14,82.4,0
AS00408,L019,MATH02,2026-05-27,Quiz,1,18,16,88.9,0
AS00409,L019,ELA02,2025-09-16,Test,1,13,11,84.6,0
AS00410,L019,ELA02,2025-11-12,Test,1,16,13,81.2,0
AS00411,L019,ELA02,2025-12-22,Practice,1,11,10,90.9,0
AS00412,L019,ELA02,2026-03-02,Practice,1,20,17,85.0,0
AS00413,L019,ELA02,2026-03-30,Practice,1,20,18,90.0,0
AS00414,L019,ELA02,2026-05-13,Test,1,18,15,83.3,0
AS00415,L019,ELA02,2026-08-04,Practice,1,15,13,86.7,0
AS00416,L020,SCI03,2025-09-22,Practice,1,11,8,72.7,0
AS00417,L020,SCI03,2025-12-07,Practice,1,19,15,78.9,0
AS00418,L020,SCI03,2026-01-20,Quiz,2,14,10,71.4,1
AS00419,L020,SCI03,2026-02-06,Quiz,1,17,11,64.7,0
AS00420,L020,SCI03,2026-02-23,Test,1,17,12,70.6,0
AS00421,L020,SCI03,2026-05-25,Test,1,14,10,71.4,0
AS00422,L020,SCI03,2026-06-24,Practice,1,12,9,75.0,0
AS00423,L020,SCI03,2026-07-11,Quiz,1,11,8,72.7,0
AS00424,L020,SCI03,2026-08-26,Practice,2,17,13,76.5,1
AS00425,L020,READ01,2025-09-03,Quiz,1,20,15,75.0,0
AS00426,L020,READ01,2025-09-28,Practice,2,14,9,64.3,1
AS00427,L020,READ01,2026-02-04,Test,1,18,14,77.8,0
AS00428,L020,READ01,2026-02-28,Test,1,12,9,75.0,0
AS00429,L020,READ01,2026-04-09,Test,2,14,10,71.4,1
AS00430,L020,READ01,2026-05-09,Quiz,1,13,9,69.2,0
AS00431,L020,MATH04,2025-09-17,Quiz,1,16,12,75.0,0
AS00432,L020,MATH04,2025-12-22,Test,1,14,10,71.4,0
AS00433,L020,MATH04,2026-01-06,Practice,2,14,10,71.4,1
AS00434,L020,MATH04,2026-03-01,Test,1,20,16,80.0,0
AS00435,L020,MATH04,2026-03-17,Quiz,1,12,9,75.0,0
AS00436,L020,MATH04,2026-05-01,Test,2,14,11,78.6,1
AS00437,L020,MATH04,2026-07-24,Quiz,1,13,10,76.9,0
AS00438,L020,MATH04,2026-08-14,Test,1,14,10,71.4,0
AS00439,L021,READ01,2025-10-20,Test,1,15,10,66.7,0
AS00440,L021,READ01,2025-11-10,Practice,1,15,10,66.7,0
AS00441,L021,READ01,2025-12-03,Practice,1,17,12,70.6,0
AS00442,L021,READ01,2026-03-12,Test,2,17,12,70.6,1
AS00443,L021,READ01,2026-04-12,Practice,1,10,7,70.0,0
AS00444,L021,READ01,2026-04-15,Test,1,11,8,72.7,0
AS00445,L021,READ01,2026-05-28,Test,1,14,9,64.3,0
AS00446,L021,READ01,2026-06-07,Test,1,18,12,66.7,0
AS00447,L021,READ01,2026-08-22,Practice,1,18,12,66.7,0
AS00448,L021,MATH01,2025-09-04,Quiz,2,18,11,61.1,1
AS00449,L021,MATH01,2025-11-04,Test,2,11,8,72.7,1
AS00450,L021,MATH01,2026-03-21,Quiz,2,11,7,63.6,1
AS00451,L021,MATH01,2026-03-26,Test,1,14,10,71.4,0
AS00452,L021,MATH01,2026-04-25,Quiz,1,15,10,66.7,0
AS00453,L021,MATH01,2026-08-10,Test,1,19,13,68.4,0
AS00454,L021,ELA01,2025-11-13,Test,2,12,8,66.7,1
AS00455,L021,ELA01,2025-12-14,Practice,1,20,15,75.0,0
AS00456,L021,ELA01,2026-05-12,Quiz,1,20,14,70.0,0
AS00457,L021,ELA01,2026-05-23,Quiz,1,17,11,64.7,0
AS00458,L021,ELA01,2026-06-15,Quiz,2,11,8,72.7,1
AS00459,L021,ELA01,2026-08-26,Test,1,19,13,68.4,0
AS00460,L022,ELA01,2025-09-13,Quiz,2,17,11,64.7,1
AS00461,L022,ELA01,2025-10-24,Quiz,2,14,9,64.3,1
AS00462,L022,ELA01,2025-12-14,Test,1,13,7,53.8,0
AS00463,L022,ELA01,2026-01-05,Test,1,14,9,64.3,0
AS00464,L022,ELA01,2026-05-01,Test,1,17,11,64.7,0
AS00465,L022,ELA01,2026-05-17,Test,1,11,8,72.7,0
AS00466,L022,SCI01,2025-11-12,Practice,2,18,12,66.7,1
AS00467,L022,SCI01,2025-11-27,Quiz,2,14,8,57.1,1
AS00468,L022,SCI01,2025-12-04,Test,1,19,13,68.4,0
AS00469,L022,SCI01,2026-01-02,Test,2,14,9,64.3,1
AS00470,L022,SCI01,2026-05-20,Practice,2,11,7,63.6,1
AS00471,L022,SCI01,2026-08-03,Practice,2,12,8,66.7,1
AS00472,L022,MATH01,2025-09-06,Test,1,20,13,65.0,0
AS00473,L022,MATH01,2025-09-18,Practice,2,19,11,57.9,1
AS00474,L022,MATH01,2026-02-03,Test,1,12,8,66.7,0
AS00475,L022,MATH01,2026-03-19,Quiz,2,17,10,58.8,1
AS00476,L022,MATH01,2026-06-16,Test,1,15,10,66.7,0
AS00477,L022,MATH01,2026-06-25,Test,2,13,8,61.5,1
AS00478,L023,SCI03,2025-10-03,Quiz,1,17,14,82.4,0
AS00479,L023,SCI03,2025-11-17,Test,1,14,10,71.4,0
AS00480,L023,SCI03,2025-11-29,Quiz,1,14,10,71.4,0
AS00481,L023,SCI03,2026-02-21,Practice,1,20,16,80.0,0
AS00482,L023,SCI03,2026-02-28,Test,1,19,15,78.9,0
AS00483,L023,SCI03,2026-05-21,Test,1,18,14,77.8,0
AS00484,L023,SCI03,2026-06-16,Practice,2,14,11,78.6,1
AS00485,L023,SCI03,2026-08-02,Practice,1,19,15,78.9,0
AS00486,L023,SCI03,2026-08-02,Practice,1,19,15,78.9,0
AS00487,L023,ELA04,2025-09-16,Test,1,11,9,81.8,0
AS00488,L023,ELA04,2025-09-24,Quiz,1,17,13,76.5,0
AS00489,L023,ELA04,2025-10-20,Quiz,2,13,10,76.9,1
AS00490,L023,ELA04,2025-11-21,Practice,1,16,12,75.0,0
AS00491,L023,ELA04,2025-12-28,Practice,2,11,9,81.8,1
AS00492,L023,ELA04,2026-08-07,Test,2,11,8,72.7,1
AS00493,L023,READ01,2025-09-16,Practice,2,15,11,73.3,1
AS00494,L023,READ01,2025-11-29,Test,2,16,12,75.0,1
AS00495,L023,READ01,2026-03-11,Quiz,1,19,15,78.9,0
AS00496,L023,READ01,2026-04-15,Test,1,14,11,78.6,0
AS00497,L023,READ01,2026-07-08,Test,2,14,11,78.6,1
AS00498,L023,READ01,2026-07-21,Test,1,12,9,75.0,0
AS00499,L024,READ01,2025-09-13,Quiz,1,10,7,70.0,0
AS00500,L024,READ01,2025-10-15,Test,1,15,10,66.7,0
AS00501,L024,READ01,2025-10-20,Practice,1,18,12,66.7,0
AS00502,L024,READ01,2025-12-14,Test,1,12,8,66.7,0
AS00503,L024,READ01,2026-06-26,Quiz,1,20,14,70.0,0
AS00504,L024,READ01,2026-07-20,Practice,1,13,10,76.9,0
AS00505,L024,READ01,2026-08-09,Test,1,18,13,72.2,0
AS00506,L024,ELA04,2025-10-05,Test,2,11,8,72.7,1
AS00507,L024,ELA04,2025-10-07,Practice,2,14,9,64.3,1
AS00508,L024,ELA04,2026-03-12,Test,2,13,9,69.2,1
AS00509,L024,ELA04,2026-04-07,Practice,2,15,11,73.3,1
AS00510,L024,ELA04,2026-04-13,Practice,2,14,9,64.3,1
AS00511,L024,ELA04,2026-06-19,Quiz,1,11,8,72.7,0
AS00512,L024,ELA04,2026-07-18,Test,2,14,11,78.6,1
AS00513,L024,MATH04,2025-09-30,Quiz,1,18,12,66.7,0
AS00514,L024,MATH04,2026-02-07,Practice,1,19,15,78.9,0
AS00515,L024,MATH04,2026-03-24,Practice,2,20,15,75.0,1
AS00516,L024,MATH04,2026-05-15,Practice,2,16,11,68.8,1
AS00517,L024,MATH04,2026-05-24,Test,2,10,7,70.0,1
AS00518,L024,MATH04,2026-07-10,Test,1,15,11,73.3,0
AS00519,L024,MATH04,2026-07-14,Quiz,2,10,7,70.0,1
AS00520,L025,READ01,2025-10-07,Quiz,1,18,13,72.2,0
AS00521,L025,READ01,2025-10-12,Quiz,1,14,11,78.6,0
AS00522,L025,READ01,2026-02-25,Quiz,1,10,7,70.0,0
AS00523,L025,READ01,2026-04-02,Practice,1,20,15,75.0,0
AS00524,L025,READ01,2026-07-04,Quiz,1,14,10,71.4,0
AS00525,L025,READ01,2026-07-11,Quiz,1,10,7,70.0,0
AS00526,L025,MATH03,2025-09-10,Practice,2,17,13,76.5,1
AS00527,L025,MATH03,2026-03-14,Practice,1,12,9,75.0,0
AS00528,L025,MATH03,2026-06-01,Practice,2,18,12,66.7,1
AS00529,L025,MATH03,2026-06-10,Practice,1,11,8,72.7,0
AS00530,L025,MATH03,2026-07-09,Practice,2,15,11,73.3,1
AS00531,L025,MATH03,2026-08-16,Quiz,1,10,8,80.0,0
AS00532,L025,MATH03,2026-08-17,Practice,2,19,16,84.2,1
AS00533,L025,SCI02,2025-09-08,Quiz,2,17,13,76.5,1
AS00534,L025,SCI02,2025-09-30,Test,1,15,10,66.7,0
AS00535,L025,SCI02,2025-09-30,Quiz,1,13,10,76.9,0
AS00536,L025,SCI02,2025-10-10,Test,1,19,14,73.7,0
AS00537,L025,SCI02,2025-11-04,Quiz,1,11,9,81.8,0
AS00538,L025,SCI02,2026-01-06,Quiz,1,14,11,78.6,0
AS00539,L026,MATH01,2025-12-22,Practice,1,13,11,84.6,0
AS00540,L026,MATH01,2026-01-28,Test,1,15,12,80.0,0
AS00541,L026,MATH01,2026-02-02,Practice,2,11,9,81.8,1
AS00542,L026,MATH01,2026-03-02,Quiz,1,19,16,84.2,0
AS00543,L026,MATH01,2026-03-07,Test,1,13,11,84.6,0
AS00544,L026,MATH01,2026-04-16,Test,1,13,10,76.9,0
AS00545,L026,MATH01,2026-06-10,Test,1,13,11,84.6,0
AS00546,L026,MATH01,2026-08-01,Quiz,2,12,10,83.3,1
AS00547,L026,MATH01,2026-08-28,Practice,1,17,14,82.4,0
AS00548,L026,SCI01,2025-09-11,Quiz,1,16,13,81.2,0
AS00549,L026,SCI01,2025-09-18,Test,1,10,8,80.0,0
AS00550,L026,SCI01,2026-01-17,Practice,1,16,13,81.2,0
AS00551,L026,SCI01,2026-01-21,Quiz,1,16,12,75.0,0
AS00552,L026,SCI01,2026-05-14,Test,1,13,11,84.6,0
AS00553,L026,SCI01,2026-06-29,Test,1,16,13,81.2,0
AS00554,L026,READ01,2025-09-14,Practice,1,13,10,76.9,0
AS00555,L026,READ01,2025-09-17,Practice,1,19,17,89.5,0
AS00556,L026,READ01,2026-01-13,Test,1,10,8,80.0,0
AS00557,L026,READ01,2026-02-20,Test,1,16,13,81.2,0
AS00558,L026,READ01,2026-02-26,Test,1,14,12,85.7,0
AS00559,L026,READ01,2026-06-05,Test,1,17,15,88.2,0
AS00560,L026,READ01,2026-06-30,Practice,1,19,15,78.9,0
AS00561,L026,READ01,2026-07-09,Practice,1,12,10,83.3,0
AS00562,L027,SCI01,2025-09-08,Test,2,18,12,66.7,1
AS00563,L027,SCI01,2025-10-14,Practice,2,16,12,75.0,1
AS00564,L027,SCI01,2025-11-07,Practice,2,15,11,73.3,1
AS00565,L027,SCI01,2026-01-06,Test,1,20,13,65.0,0
AS00566,L027,SCI01,2026-01-19,Test,1,10,8,80.0,0
AS00567,L027,SCI01,2026-01-22,Practice,1,20,14,70.0,0
AS00568,L027,SCI01,2026-08-16,Quiz,1,12,9,75.0,0
AS00569,L027,ELA01,2025-09-05,Quiz,1,10,7,70.0,0
AS00570,L027,ELA01,2025-09-19,Test,1,14,10,71.4,0
AS00571,L027,ELA01,2025-12-21,Practice,1,15,11,73.3,0
AS00572,L027,ELA01,2026-03-03,Practice,2,12,8,66.7,1
AS00573,L027,ELA01,2026-03-29,Quiz,1,14,10,71.4,0
AS00574,L027,ELA01,2026-04-27,Quiz,1,13,9,69.2,0
AS00575,L027,ELA01,2026-05-04,Quiz,1,19,13,68.4,0
AS00576,L027,ELA01,2026-06-12,Quiz,1,11,8,72.7,0
AS00577,L027,ELA01,2026-07-24,Practice,1,20,15,75.0,0
AS00578,L027,READ01,2025-09-09,Quiz,1,15,10,66.7,0
AS00579,L027,READ01,2025-09-22,Quiz,2,19,14,73.7,1
AS00580,L027,READ01,2025-10-02,Quiz,1,11,8,72.7,0
AS00581,L027,READ01,2025-12-26,Quiz,2,18,13,72.2,1
AS00582,L027,READ01,2026-01-10,Test,1,15,10,66.7,0
AS00583,L027,READ01,2026-01-11,Practice,2,16,11,68.8,1
AS00584,L027,READ01,2026-06-11,Practice,2,14,10,71.4,1
AS00585,L027,READ01,2026-08-14,Practice,1,19,15,78.9,0
AS00586,L028,ELA04,2025-09-16,Test,1,14,11,78.6,0
AS00587,L028,ELA04,2025-09-23,Quiz,1,10,8,80.0,0
AS00588,L028,ELA04,2025-11-22,Test,1,15,12,80.0,0
AS00589,L028,ELA04,2026-01-29,Test,1,18,14,77.8,0
AS00590,L028,ELA04,2026-03-08,Practice,1,15,13,86.7,0
AS00591,L028,ELA04,2026-03-11,Test,2,19,16,84.2,1
AS00592,L028,ELA04,2026-04-29,Test,1,12,10,83.3,0
AS00593,L028,ELA04,2026-07-16,Quiz,1,11,8,72.7,0
AS00594,L028,ELA04,2026-07-31,Test,1,19,16,84.2,0
AS00595,L028,SCI03,2025-09-27,Quiz,1,17,13,76.5,0
AS00596,L028,SCI03,2025-11-02,Quiz,2,19,14,73.7,1
AS00597,L028,SCI03,2026-04-30,Practice,1,15,12,80.0,0
AS00598,L028,SCI03,2026-05-25,Test,1,13,10,76.9,0
AS00599,L028,SCI03,2026-05-27,Practice,1,11,8,72.7,0
AS00600,L028,SCI03,2026-05-29,Practice,1,16,13,81.2,0
AS00601,L028,SCI03,2026-06-03,Practice,1,18,15,83.3,0
AS00602,L028,SCI03,2026-07-08,Quiz,1,20,17,85.0,0
AS00603,L028,SCI03,2026-08-04,Quiz,1,17,15,88.2,0
AS00604,L028,MATH04,2025-11-10,Practice,2,19,15,78.9,1
AS00605,L028,MATH04,2026-01-04,Quiz,1,15,11,73.3,0
AS00606,L028,MATH04,2026-03-28,Quiz,1,16,13,81.2,0
AS00607,L028,MATH04,2026-06-03,Quiz,1,19,16,84.2,0
AS00608,L028,MATH04,2026-06-27,Quiz,1,12,10,83.3,0
AS00609,L028,MATH04,2026-08-07,Practice,1,12,11,91.7,0
AS00610,L028,MATH04,2026-08-12,Practice,1,18,15,83.3,0
AS00611,L029,MATH04,2025-09-13,Test,3,11,6,54.5,2
AS00612,L029,MATH04,2025-09-18,Practice,1,16,10,62.5,0
AS00613,L029,MATH04,2025-11-04,Test,1,12,8,66.7,0
AS00614,L029,MATH04,2025-11-25,Quiz,1,13,9,69.2,0
AS00615,L029,MATH04,2026-04-09,Practice,1,15,11,73.3,0
AS00616,L029,MATH04,2026-08-20,Quiz,1,19,14,73.7,0
AS00617,L029,ELA04,2025-10-08,Practice,2,16,11,68.8,1
AS00618,L029,ELA04,2026-03-01,Test,1,12,8,66.7,0
AS00619,L029,ELA04,2026-03-29,Test,1,19,13,68.4,0
AS00620,L029,ELA04,2026-04-18,Quiz,2,11,7,63.6,1
AS00621,L029,ELA04,2026-04-19,Test,1,19,13,68.4,0
AS00622,L029,ELA04,2026-07-20,Practice,1,20,14,70.0,0
AS00623,L029,READ01,2025-10-20,Test,1,10,6,60.0,0
AS00624,L029,READ01,2025-11-30,Practice,1,19,13,68.4,0
AS00625,L029,READ01,2025-12-28,Practice,1,14,10,71.4,0
AS00626,L029,READ01,2026-01-22,Quiz,1,12,7,58.3,0
AS00627,L029,READ01,2026-01-31,Practice,1,13,9,69.2,0
AS00628,L029,READ01,2026-02-22,Practice,1,19,12,63.2,0
AS00629,L029,READ01,2026-05-11,Quiz,2,11,7,63.6,1
AS00630,L029,READ01,2026-05-19,Practice,2,11,8,72.7,1
AS00631,L029,READ01,2026-06-29,Quiz,2,17,12,70.6,1
AS00632,L030,MATH01,2025-10-20,Test,1,13,11,84.6,0
AS00633,L030,MATH01,2025-10-25,Quiz,2,12,9,75.0,1
AS00634,L030,MATH01,2025-11-12,Quiz,1,18,13,72.2,0
AS00635,L030,MATH01,2025-12-28,Quiz,1,10,8,80.0,0
AS00636,L030,MATH01,2026-01-11,Test,1,15,12,80.0,0
AS00637,L030,MATH01,2026-01-21,Test,1,16,12,75.0,0
AS00638,L030,MATH01,2026-07-08,Practice,1,12,9,75.0,0
AS00639,L030,MATH01,2026-08-08,Quiz,1,11,9,81.8,0
AS00640,L030,READ01,2025-10-15,Quiz,1,11,8,72.7,0
AS00641,L030,READ01,2025-10-30,Test,1,11,8,72.7,0
AS00642,L030,READ01,2025-11-10,Test,2,15,11,73.3,1
AS00643,L030,READ01,2026-01-13,Quiz,1,18,14,77.8,0
AS00644,L030,READ01,2026-01-21,Quiz,1,15,11,73.3,0
AS00645,L030,READ01,2026-03-01,Test,1,16,13,81.2,0
AS00646,L030,READ01,2026-04-10,Test,1,18,14,77.8,0
AS00647,L030,READ01,2026-05-11,Test,1,20,16,80.0,0
AS00648,L030,READ01,2026-08-09,Test,1,10,8,80.0,0
AS00649,L030,SCI01,2025-11-10,Quiz,2,13,9,69.2,1
AS00650,L030,SCI01,2025-12-22,Test,1,17,14,82.4,0
AS00651,L030,SCI01,2026-01-04,Quiz,2,17,12,70.6,1
AS00652,L030,SCI01,2026-03-12,Test,1,20,15,75.0,0
AS00653,L030,SCI01,2026-06-28,Quiz,2,13,11,84.6,1
AS00654,L030,SCI01,2026-08-11,Quiz,1,17,14,82.4,0
AS00655,L031,MATH04,2025-09-20,Practice,1,19,16,84.2,0
AS00656,L031,MATH04,2026-01-13,Quiz,1,17,13,76.5,0
AS00657,L031,MATH04,2026-03-14,Practice,1,14,11,78.6,0
AS00658,L031,MATH04,2026-04-03,Test,1,20,16,80.0,0
AS00659,L031,MATH04,2026-07-12,Test,1,16,13,81.2,0
AS00660,L031,MATH04,2026-07-21,Quiz,2,17,13,76.5,1
AS00661,L031,MATH04,2026-08-19,Practice,1,11,8,72.7,0
AS00662,L031,ELA04,2025-10-30,Test,2,20,15,75.0,1
AS00663,L031,ELA04,2025-11-30,Practice,1,16,12,75.0,0
AS00664,L031,ELA04,2026-01-05,Test,1,17,12,70.6,0
AS00665,L031,ELA04,2026-02-11,Practice,2,13,10,76.9,1
AS00666,L031,ELA04,2026-02-14,Practice,2,18,14,77.8,1
AS00667,L031,ELA04,2026-04-06,Practice,1,10,8,80.0,0
AS00668,L031,ELA04,2026-04-17,Practice,1,14,11,78.6,0
AS00669,L031,ELA04,2026-04-26,Practice,1,16,12,75.0,0
AS00670,L031,ELA04,2026-08-06,Quiz,1,16,13,81.2,0
AS00671,L031,READ01,2025-09-24,Quiz,1,13,10,76.9,0
AS00672,L031,READ01,2025-12-22,Test,2,18,13,72.2,1
AS00673,L031,READ01,2026-02-05,Test,1,11,8,72.7,0
AS00674,L031,READ01,2026-02-21,Test,1,19,15,78.9,0
AS00675,L031,READ01,2026-03-29,Test,2,18,15,83.3,1
AS00676,L031,READ01,2026-04-18,Quiz,1,10,7,70.0,0
AS00677,L031,READ01,2026-05-07,Test,1,15,12,80.0,0
AS00678,L031,READ01,2026-07-23,Test,1,11,9,81.8,0
AS00679,L032,ELA03,2025-11-20,Practice,1,14,10,71.4,0
AS00680,L032,ELA03,2025-12-11,Test,1,15,12,80.0,0
AS00681,L032,ELA03,2025-12-27,Quiz,1,13,10,76.9,0
AS00682,L032,ELA03,2026-03-05,Test,1,10,7,70.0,0
AS00683,L032,ELA03,2026-03-22,Practice,2,11,7,63.6,1
AS00684,L032,ELA03,2026-06-02,Practice,2,10,7,70.0,1
AS00685,L032,ELA03,2026-06-02,Test,2,10,7,70.0,1
AS00686,L032,SCI02,2025-09-18,Quiz,1,14,9,64.3,0
AS00687,L032,SCI02,2025-11-03,Test,1,11,8,72.7,0
AS00688,L032,SCI02,2025-11-07,Test,2,16,10,62.5,1
AS00689,L032,SCI02,2026-01-18,Quiz,1,18,13,72.2,0
AS00690,L032,SCI02,2026-03-13,Practice,1,11,7,63.6,0
AS00691,L032,SCI02,2026-03-25,Practice,1,13,9,69.2,0
AS00692,L032,SCI02,2026-08-02,Test,1,15,10,66.7,0
AS00693,L032,ELA02,2025-10-22,Practice,1,20,12,60.0,0
AS00694,L032,ELA02,2025-12-13,Quiz,1,14,10,71.4,0
AS00695,L032,ELA02,2026-01-14,Practice,1,16,12,75.0,0
AS00696,L032,ELA02,2026-01-19,Test,1,14,10,71.4,0
AS00697,L032,ELA02,2026-02-02,Quiz,2,18,13,72.2,1
AS00698,L032,ELA02,2026-04-23,Practice,1,17,12,70.6,0
AS00699,L033,ELA04,2025-09-13,Test,1,17,13,76.5,0
AS00700,L033,ELA04,2025-12-24,Practice,1,11,9,81.8,0
AS00701,L033,ELA04,2025-12-28,Quiz,1,12,10,83.3,0
AS00702,L033,ELA04,2026-03-23,Quiz,1,11,9,81.8,0
AS00703,L033,ELA04,2026-04-20,Quiz,1,17,14,82.4,0
AS00704,L033,ELA04,2026-06-23,Practice,1,12,10,83.3,0
AS00705,L033,SCI03,2025-10-01,Test,1,10,7,70.0,0
AS00706,L033,SCI03,2025-11-17,Quiz,1,19,14,73.7,0
AS00707,L033,SCI03,2026-01-08,Test,1,14,11,78.6,0
AS00708,L033,SCI03,2026-02-07,Practice,1,17,12,70.6,0
AS00709,L033,SCI03,2026-02-20,Practice,1,20,16,80.0,0
AS00710,L033,SCI03,2026-03-30,Test,1,17,13,76.5,0
AS00711,L033,SCI03,2026-05-11,Practice,1,11,8,72.7,0
AS00712,L033,READ01,2025-09-07,Quiz,2,12,9,75.0,1
AS00713,L033,READ01,2025-11-02,Practice,1,10,8,80.0,0
AS00714,L033,READ01,2025-11-05,Test,1,12,9,75.0,0
AS00715,L033,READ01,2025-11-22,Test,1,17,14,82.4,0
AS00716,L033,READ01,2026-03-12,Practice,1,16,12,75.0,0
AS00717,L033,READ01,2026-05-25,Practice,1,11,8,72.7,0
AS00718,L034,SCI03,2025-11-12,Quiz,2,14,9,64.3,1
AS00719,L034,SCI03,2025-11-24,Practice,1,19,12,63.2,0
AS00720,L034,SCI03,2026-02-13,Practice,1,18,12,66.7,0
AS00721,L034,SCI03,2026-03-10,Practice,2,17,12,70.6,1
AS00722,L034,SCI03,2026-05-26,Test,2,12,9,75.0,1
AS00723,L034,SCI03,2026-06-16,Practice,2,17,13,76.5,1
AS00724,L034,SCI03,2026-07-12,Quiz,2,12,8,66.7,1
AS00725,L034,SCI03,2026-07-30,Quiz,1,10,7,70.0,0
AS00726,L034,READ01,2025-10-02,Quiz,2,19,12,63.2,1
AS00727,L034,READ01,2025-10-19,Test,1,11,8,72.7,0
AS00728,L034,READ01,2025-10-19,Quiz,1,13,9,69.2,0
AS00729,L034,READ01,2026-02-17,Practice,2,13,9,69.2,1
AS00730,L034,READ01,2026-04-23,Practice,1,19,13,68.4,0
AS00731,L034,READ01,2026-06-03,Practice,1,19,14,73.7,0
AS00732,L034,READ01,2026-08-22,Test,1,18,13,72.2,0
AS00733,L034,MATH04,2025-10-10,Quiz,1,14,9,64.3,0
AS00734,L034,MATH04,2025-10-23,Practice,1,18,13,72.2,0
AS00735,L034,MATH04,2025-11-18,Test,1,15,11,73.3,0
AS00736,L034,MATH04,2025-12-01,Test,2,19,13,68.4,1
AS00737,L034,MATH04,2025-12-20,Practice,1,19,12,63.2,0
AS00738,L034,MATH04,2026-01-22,Quiz,2,13,8,61.5,1
AS00739,L034,MATH04,2026-07-01,Test,2,13,9,69.2,1
AS00740,L035,ELA01,2025-09-01,Practice,1,12,8,66.7,0
AS00741,L035,ELA01,2025-09-27,Practice,1,16,11,68.8,0
AS00742,L035,ELA01,2025-10-10,Quiz,1,14,10,71.4,0
AS00743,L035,ELA01,2025-11-13,Practice,1,13,9,69.2,0
AS00744,L035,ELA01,2025-11-24,Practice,1,16,11,68.8,0
AS00745,L035,ELA01,2026-02-13,Practice,1,14,11,78.6,0
AS00746,L035,ELA01,2026-05-02,Test,2,18,14,77.8,1
AS00747,L035,READ01,2025-11-13,Practice,2,17,11,64.7,1
AS00748,L035,READ01,2025-11-25,Practice,2,20,14,70.0,1
AS00749,L035,READ01,2026-01-21,Quiz,1,20,14,70.0,0
AS00750,L035,READ01,2026-04-12,Test,1,15,11,73.3,0
AS00751,L035,READ01,2026-06-14,Quiz,1,15,12,80.0,0
AS00752,L035,READ01,2026-07-22,Quiz,1,19,14,73.7,0
AS00753,L035,READ01,2026-08-31,Test,1,16,12,75.0,0
AS00754,L035,MATH01,2025-09-03,Quiz,1,19,13,68.4,0
AS00755,L035,MATH01,2025-12-09,Test,1,15,11,73.3,0
AS00756,L035,MATH01,2025-12-10,Quiz,1,10,7,70.0,0
AS00757,L035,MATH01,2026-03-04,Practice,2,20,14,70.0,1
AS00758,L035,MATH01,2026-04-15,Test,2,16,10,62.5,1
AS00759,L035,MATH01,2026-05-28,Quiz,2,14,10,71.4,1
AS00760,L036,READ01,2025-11-28,Test,1,17,14,82.4,0
AS00761,L036,READ01,2026-04-21,Quiz,1,18,15,83.3,0
AS00762,L036,READ01,2026-04-30,Test,2,15,13,86.7,1
AS00763,L036,READ01,2026-05-10,Quiz,1,12,11,91.7,0
AS00764,L036,READ01,2026-07-09,Quiz,2,12,10,83.3,1
AS00765,L036,READ01,2026-07-21,Test,1,10,9,90.0,0
AS00766,L036,SCI01,2025-10-20,Practice,1,19,15,78.9,0
AS00767,L036,SCI01,2025-12-09,Practice,1,20,17,85.0,0
AS00768,L036,SCI01,2026-01-21,Test,1,12,10,83.3,0
AS00769,L036,SCI01,2026-02-08,Test,1,15,14,93.3,0
AS00770,L036,SCI01,2026-06-06,Test,1,16,14,87.5,0
AS00771,L036,SCI01,2026-08-02,Quiz,2,20,17,85.0,1
AS00772,L036,ELA01,2025-09-23,Practice,1,13,11,84.6,0
AS00773,L036,ELA01,2025-10-13,Quiz,1,12,10,83.3,0
AS00774,L036,ELA01,2025-11-28,Practice,1,14,12,85.7,0
AS00775,L036,ELA01,2026-01-15,Test,1,11,9,81.8,0
AS00776,L036,ELA01,2026-01-20,Practice,1,11,10,90.9,0
AS00777,L036,ELA01,2026-04-16,Quiz,1,11,9,81.8,0
AS00778,L036,ELA01,2026-07-09,Quiz,1,12,10,83.3,0
AS00779,L037,SCI01,2025-09-06,Test,2,17,12,70.6,1
AS00780,L037,SCI01,2025-09-11,Test,1,13,10,76.9,0
AS00781,L037,SCI01,2025-11-26,Quiz,1,20,15,75.0,0
AS00782,L037,SCI01,2025-12-21,Practice,1,12,9,75.0,0
AS00783,L037,SCI01,2026-03-11,Quiz,2,14,11,78.6,1
AS00784,L037,SCI01,2026-06-30,Quiz,1,19,14,73.7,0
AS00785,L037,SCI01,2026-07-18,Quiz,2,13,9,69.2,1
AS00786,L037,SCI01,2026-07-24,Practice,1,12,9,75.0,0
AS00787,L037,ELA01,2025-10-18,Test,1,17,13,76.5,0
AS00788,L037,ELA01,2026-01-14,Test,2,12,10,83.3,1
AS00789,L037,ELA01,2026-02-26,Test,2,16,12,75.0,1
AS00790,L037,ELA01,2026-03-01,Practice,1,13,9,69.2,0
AS00791,L037,ELA01,2026-03-06,Test,1,15,11,73.3,0
AS00792,L037,ELA01,2026-05-09,Test,1,14,12,85.7,0
AS00793,L037,ELA01,2026-05-26,Test,1,18,14,77.8,0
AS00794,L037,ELA01,2026-06-24,Quiz,2,14,11,78.6,1
AS00795,L037,ELA01,2026-07-26,Practice,2,14,11,78.6,1
AS00796,L037,MATH01,2025-10-30,Practice,1,12,10,83.3,0
AS00797,L037,MATH01,2025-12-05,Test,1,15,11,73.3,0
AS00798,L037,MATH01,2026-05-02,Practice,1,19,14,73.7,0
AS00799,L037,MATH01,2026-05-23,Quiz,1,11,8,72.7,0
AS00800,L037,MATH01,2026-07-21,Practice,1,12,9,75.0,0
AS00801,L037,MATH01,2026-08-04,Quiz,1,15,11,73.3,0
AS00802,L038,READ01,2025-09-12,Practice,1,17,13,76.5,0
AS00803,L038,READ01,2025-11-23,Practice,1,19,14,73.7,0
AS00804,L038,READ01,2025-12-05,Quiz,1,16,13,81.2,0
AS00805,L038,READ01,2026-02-04,Test,1,14,11,78.6,0
AS00806,L038,READ01,2026-03-03,Practice,1,15,12,80.0,0
AS00807,L038,READ01,2026-04-28,Quiz,2,14,12,85.7,1
AS00808,L038,READ01,2026-06-07,Practice,1,18,15,83.3,0
AS00809,L038,SCI01,2025-09-15,Test,1,19,14,73.7,0
AS00810,L038,SCI01,2025-11-23,Test,1,13,10,76.9,0
AS00811,L038,SCI01,2025-11-25,Practice,1,12,10,83.3,0
AS00812,L038,SCI01,2026-02-01,Practice,1,10,8,80.0,0
AS00813,L038,SCI01,2026-03-25,Practice,1,12,9,75.0,0
AS00814,L038,SCI01,2026-05-21,Quiz,1,16,13,81.2,0
AS00815,L038,SCI01,2026-06-23,Quiz,1,20,16,80.0,0
AS00816,L038,SCI01,2026-07-01,Quiz,1,14,10,71.4,0
AS00817,L038,MATH01,2025-10-17,Quiz,2,15,11,73.3,1
AS00818,L038,MATH01,2025-11-18,Test,2,15,11,73.3,1
AS00819,L038,MATH01,2025-12-14,Quiz,1,20,16,80.0,0
AS00820,L038,MATH01,2026-01-04,Practice,1,17,12,70.6,0
AS00821,L038,MATH01,2026-04-12,Quiz,1,13,9,69.2,0
AS00822,L038,MATH01,2026-06-12,Quiz,1,16,13,81.2,0
AS00823,L038,MATH01,2026-08-17,Practice,1,16,13,81.2,0
AS00824,L039,READ01,2025-09-14,Quiz,1,13,9,69.2,0
AS00825,L039,READ01,2025-10-07,Practice,1,13,9,69.2,0
AS00826,L039,READ01,2026-02-25,Test,1,18,13,72.2,0
AS00827,L039,READ01,2026-03-21,Quiz,1,19,14,73.7,0
AS00828,L039,READ01,2026-05-09,Practice,2,20,15,75.0,1
AS00829,L039,READ01,2026-06-01,Practice,2,13,10,76.9,1
AS00830,L039,READ01,2026-06-28,Practice,2,16,12,75.0,1
AS00831,L039,READ01,2026-07-03,Quiz,2,20,15,75.0,1
AS00832,L039,READ01,2026-08-09,Test,1,14,11,78.6,0
AS00833,L039,ELA04,2025-09-18,Practice,1,17,12,70.6,0
AS00834,L039,ELA04,2025-10-25,Test,1,20,15,75.0,0
AS00835,L039,ELA04,2025-11-23,Quiz,1,16,11,68.8,0
AS00836,L039,ELA04,2025-12-01,Test,1,12,9,75.0,0
AS00837,L039,ELA04,2026-01-12,Practice,1,18,13,72.2,0
AS00838,L039,ELA04,2026-03-23,Test,1,10,7,70.0,0
AS00839,L039,ELA04,2026-04-04,Quiz,1,16,12,75.0,0
AS00840,L039,ELA04,2026-05-23,Test,1,14,11,78.6,0
AS00841,L039,ELA04,2026-08-16,Practice,1,20,16,80.0,0
AS00842,L039,MATH04,2025-10-28,Test,1,18,13,72.2,0
AS00843,L039,MATH04,2025-12-01,Practice,2,11,8,72.7,1
AS00844,L039,MATH04,2026-02-19,Test,2,19,15,78.9,1
AS00845,L039,MATH04,2026-03-06,Practice,1,19,15,78.9,0
AS00846,L039,MATH04,2026-04-06,Practice,2,16,12,75.0,1
AS00847,L039,MATH04,2026-05-01,Practice,2,10,7,70.0,1
AS00848,L039,MATH04,2026-06-01,Test,1,17,12,70.6,0
AS00849,L039,MATH04,2026-08-31,Practice,1,20,15,75.0,0
AS00850,L040,MATH04,2025-09-13,Practice,2,16,11,68.8,1
AS00851,L040,MATH04,2025-12-01,Test,1,14,10,71.4,0
AS00852,L040,MATH04,2026-01-15,Quiz,2,11,7,63.6,1
AS00853,L040,MATH04,2026-01-29,Quiz,1,18,12,66.7,0
AS00854,L040,MATH04,2026-01-30,Quiz,2,12,7,58.3,1
AS00855,L040,MATH04,2026-03-02,Test,1,12,7,58.3,0
AS00856,L040,MATH04,2026-06-05,Practice,2,17,11,64.7,1
AS00857,L040,MATH04,2026-08-12,Test,1,15,11,73.3,0
AS00858,L040,SCI03,2025-09-21,Test,2,10,7,70.0,1
AS00859,L040,SCI03,2025-10-10,Quiz,1,20,12,60.0,0
AS00860,L040,SCI03,2026-02-15,Test,2,16,10,62.5,1
AS00861,L040,SCI03,2026-03-10,Test,2,11,7,63.6,1
AS00862,L040,SCI03,2026-04-23,Quiz,2,14,9,64.3,1
AS00863,L040,SCI03,2026-05-27,Practice,1,12,8,66.7,0
AS00864,L040,SCI03,2026-06-19,Quiz,1,20,15,75.0,0
AS00865,L040,READ01,2025-10-30,Practice,1,10,7,70.0,0
AS00866,L040,READ01,2025-12-08,Practice,1,13,8,61.5,0
AS00867,L040,READ01,2026-01-03,Quiz,1,14,9,64.3,0
AS00868,L040,READ01,2026-01-12,Quiz,2,14,8,57.1,1
AS00869,L040,READ01,2026-02-03,Quiz,2,19,12,63.2,1
AS00870,L040,READ01,2026-05-22,Quiz,2,20,13,65.0,1
AS00871,L040,READ01,2026-06-04,Practice,2,16,10,62.5,1
AS00872,L040,READ01,2026-06-20,Practice,2,20,13,65.0,1
AS00873,L040,READ01,2026-07-13,Test,1,17,12,70.6,0
AS00874,L041,SCI01,2025-09-10,Test,2,19,15,78.9,1
AS00875,L041,SCI01,2025-10-03,Test,1,19,15,78.9,0
AS00876,L041,SCI01,2025-10-20,Practice,1,16,14,87.5,0
AS00877,L041,SCI01,2025-12-23,Test,1,18,13,72.2,0
AS00878,L041,SCI01,2025-12-23,Practice,1,10,8,80.0,0
AS00879,L041,SCI01,2025-12-25,Quiz,1,15,12,80.0,0
AS00880,L041,SCI01,2026-02-14,Practice,1,17,14,82.4,0
AS00881,L041,SCI01,2026-08-30,Quiz,1,13,11,84.6,0
AS00882,L041,READ01,2025-09-17,Test,2,15,12,80.0,1
AS00883,L041,READ01,2025-10-11,Practice,1,18,14,77.8,0
AS00884,L041,READ01,2026-01-09,Practice,1,15,12,80.0,0
AS00885,L041,READ01,2026-03-26,Test,1,10,8,80.0,0
AS00886,L041,READ01,2026-05-08,Test,1,12,9,75.0,0
AS00887,L041,READ01,2026-06-15,Quiz,1,16,13,81.2,0
AS00888,L041,READ01,2026-06-20,Practice,1,14,12,85.7,0
AS00889,L041,READ01,2026-07-21,Test,1,13,11,84.6,0
AS00890,L041,READ01,2026-08-05,Quiz,1,12,10,83.3,0
AS00891,L041,ELA01,2025-10-27,Test,1,12,9,75.0,0
AS00892,L041,ELA01,2025-12-18,Practice,1,16,13,81.2,0
AS00893,L041,ELA01,2025-12-21,Test,1,13,10,76.9,0
AS00894,L041,ELA01,2026-01-27,Practice,1,14,12,85.7,0
AS00895,L041,ELA01,2026-03-22,Test,1,20,16,80.0,0
AS00896,L041,ELA01,2026-06-20,Practice,1,20,17,85.0,0
AS00897,L042,READ01,2025-11-20,Practice,2,14,8,57.1,1
AS00898,L042,READ01,2025-11-30,Test,1,17,10,58.8,0
AS00899,L042,READ01,2025-12-25,Test,2,11,7,63.6,1
AS00900,L042,READ01,2026-01-25,Practice,1,16,10,62.5,0
AS00901,L042,READ01,2026-03-24,Test,1,13,8,61.5,0
AS00902,L042,READ01,2026-03-26,Test,2,13,8,61.5,1
AS00903,L042,READ01,2026-04-19,Test,1,18,11,61.1,0
AS00904,L042,READ01,2026-04-26,Quiz,1,19,13,68.4,0
AS00905,L042,READ01,2026-05-12,Quiz,1,15,11,73.3,0
AS00906,L042,ELA04,2025-09-12,Quiz,1,13,7,53.8,0
AS00907,L042,ELA04,2025-10-17,Quiz,2,17,11,64.7,1
AS00908,L042,ELA04,2026-03-09,Test,1,12,8,66.7,0
AS00909,L042,ELA04,2026-03-19,Practice,1,13,9,69.2,0
AS00910,L042,ELA04,2026-05-20,Quiz,1,11,8,72.7,0
AS00911,L042,ELA04,2026-06-10,Quiz,1,19,13,68.4,0
AS00912,L042,ELA04,2026-07-05,Quiz,1,20,13,65.0,0
AS00913,L042,ELA04,2026-08-01,Test,1,12,8,66.7,0
AS00914,L042,ELA04,2026-08-17,Test,2,20,13,65.0,1
AS00915,L042,SCI03,2025-09-04,Practice,1,16,10,62.5,0
AS00916,L042,SCI03,2025-09-17,Practice,2,16,9,56.2,1
AS00917,L042,SCI03,2025-10-06,Test,1,14,8,57.1,0
AS00918,L042,SCI03,2025-11-21,Test,1,11,7,63.6,0
AS00919,L042,SCI03,2026-01-04,Test,1,20,13,65.0,0
AS00920,L042,SCI03,2026-04-25,Test,1,10,7,70.0,0
AS00921,L042,SCI03,2026-08-13,Practice,2,10,7,70.0,1
AS00922,L042,SCI03,2026-08-16,Test,1,10,7,70.0,0
AS00923,L043,READ01,2025-10-24,Quiz,1,16,10,62.5,0
AS00924,L043,READ01,2025-10-28,Quiz,1,13,8,61.5,0
AS00925,L043,READ01,2025-11-03,Test,2,14,8,57.1,1
AS00926,L043,READ01,2025-11-14,Test,2,11,7,63.6,1
AS00927,L043,READ01,2025-11-26,Practice,1,17,11,64.7,0
AS00928,L043,READ01,2026-01-13,Practice,2,15,10,66.7,1
AS00929,L043,READ01,2026-03-07,Test,1,15,11,73.3,0
AS00930,L043,READ01,2026-04-08,Test,1,14,9,64.3,0
AS00931,L043,READ01,2026-06-24,Quiz,1,10,6,60.0,0
AS00932,L043,MATH01,2025-09-14,Practice,1,19,12,63.2,0
AS00933,L043,MATH01,2025-11-21,Quiz,1,17,10,58.8,0
AS00934,L043,MATH01,2025-12-23,Practice,2,12,8,66.7,1
AS00935,L043,MATH01,2026-01-28,Quiz,2,16,10,62.5,1
AS00936,L043,MATH01,2026-02-05,Test,1,10,6,60.0,0
AS00937,L043,MATH01,2026-03-05,Quiz,2,14,9,64.3,1
AS00938,L043,MATH01,2026-03-09,Test,2,14,9,64.3,1
AS00939,L043,MATH01,2026-06-16,Test,2,18,11,61.1,1
AS00940,L043,SCI01,2025-11-19,Practice,2,15,9,60.0,1
AS00941,L043,SCI01,2026-02-08,Test,2,20,13,65.0,1
AS00942,L043,SCI01,2026-02-24,Practice,2,17,12,70.6,1
AS00943,L043,SCI01,2026-05-15,Quiz,1,10,6,60.0,0
AS00944,L043,SCI01,2026-05-26,Quiz,2,15,10,66.7,1
AS00945,L043,SCI01,2026-06-28,Test,2,13,8,61.5,1
AS00946,L043,SCI01,2026-07-27,Practice,1,11,7,63.6,0
AS00947,L044,SCI03,2025-09-07,Quiz,2,10,6,60.0,1
AS00948,L044,SCI03,2025-12-13,Practice,1,15,10,66.7,0
AS00949,L044,SCI03,2025-12-26,Test,1,18,11,61.1,0
AS00950,L044,SCI03,2026-03-06,Quiz,1,18,12,66.7,0
AS00951,L044,SCI03,2026-04-24,Quiz,1,17,12,70.6,0
AS00952,L044,SCI03,2026-05-27,Test,2,13,9,69.2,1
AS00953,L044,SCI03,2026-06-19,Test,1,12,8,66.7,0
AS00954,L044,SCI03,2026-07-24,Test,2,13,9,69.2,1
AS00955,L044,SCI03,2026-08-07,Test,2,17,12,70.6,1
AS00956,L044,READ01,2025-10-03,Quiz,2,10,6,60.0,1
AS00957,L044,READ01,2025-10-17,Practice,1,19,13,68.4,0
AS00958,L044,READ01,2025-11-07,Quiz,2,17,11,64.7,1
AS00959,L044,READ01,2025-12-07,Quiz,1,15,10,66.7,0
AS00960,L044,READ01,2026-01-21,Practice,1,13,9,69.2,0
AS00961,L044,READ01,2026-02-03,Quiz,2,11,7,63.6,1
AS00962,L044,READ01,2026-05-26,Test,1,18,12,66.7,0
AS00963,L044,READ01,2026-06-10,Quiz,2,17,11,64.7,1
AS00964,L044,MATH04,2025-09-01,Test,1,14,8,57.1,0
AS00965,L044,MATH04,2025-10-28,Quiz,2,14,9,64.3,1
AS00966,L044,MATH04,2025-12-09,Test,1,15,10,66.7,0
AS00967,L044,MATH04,2026-04-15,Practice,1,14,10,71.4,0
AS00968,L044,MATH04,2026-04-22,Quiz,1,14,10,71.4,0
AS00969,L044,MATH04,2026-06-29,Test,2,15,10,66.7,1
AS00970,L044,MATH04,2026-07-12,Practice,1,18,13,72.2,0
AS00971,L044,MATH04,2026-07-23,Quiz,1,11,7,63.6,0
AS00972,L044,MATH04,2026-07-27,Test,2,17,11,64.7,1
AS00973,L045,READ01,2025-10-04,Test,1,15,10,66.7,0
AS00974,L045,READ01,2025-10-19,Quiz,2,12,7,58.3,1
AS00975,L045,READ01,2025-11-23,Test,2,13,9,69.2,1
AS00976,L045,READ01,2025-12-01,Test,2,14,9,64.3,1
AS00977,L045,READ01,2026-02-03,Practice,2,17,11,64.7,1
AS00978,L045,READ01,2026-04-10,Test,2,19,11,57.9,1
AS00979,L045,READ01,2026-04-15,Quiz,1,12,8,66.7,0
AS00980,L045,READ01,2026-05-12,Quiz,1,16,10,62.5,0
AS00981,L045,READ01,2026-08-11,Practice,1,19,12,63.2,0
AS00982,L045,ELA04,2025-12-27,Test,1,12,8,66.7,0
AS00983,L045,ELA04,2026-01-13,Practice,1,15,10,66.7,0
AS00984,L045,ELA04,2026-01-16,Test,2,17,11,64.7,1
AS00985,L045,ELA04,2026-02-03,Quiz,1,16,10,62.5,0
AS00986,L045,ELA04,2026-03-09,Practice,2,16,10,62.5,1
AS00987,L045,ELA04,2026-04-02,Quiz,1,15,10,66.7,0
AS00988,L045,ELA04,2026-04-30,Quiz,1,17,11,64.7,0
AS00989,L045,ELA04,2026-07-02,Test,2,13,8,61.5,1
AS00990,L045,ELA04,2026-08-01,Practice,2,14,8,57.1,1
AS00991,L045,MATH04,2026-02-12,Test,1,13,9,69.2,0
AS00992,L045,MATH04,2026-02-14,Practice,2,18,11,61.1,1
AS00993,L045,MATH04,2026-03-15,Quiz,2,11,7,63.6,1
AS00994,L045,MATH04,2026-04-07,Test,1,15,9,60.0,0
AS00995,L045,MATH04,2026-06-13,Quiz,2,19,12,63.2,1
AS00996,L045,MATH04,2026-06-14,Test,2,20,12,60.0,1
AS00997,L046,ELA01,2025-09-29,Practice,1,15,13,86.7,0
AS00998,L046,ELA01,2025-10-01,Quiz,1,17,15,88.2,0
AS00999,L046,ELA01,2025-10-22,Test,1,17,15,88.2,0
AS01000,L046,ELA01,2026-01-06,Test,1,11,9,81.8,0
AS01001,L046,ELA01,2026-01-22,Quiz,1,16,14,87.5,0
AS01002,L046,ELA01,2026-03-12,Quiz,1,19,17,89.5,0
AS01003,L046,ELA01,2026-06-28,Quiz,2,18,15,83.3,1
AS01004,L046,ELA01,2026-07-08,Test,1,15,13,86.7,0
AS01005,L046,ELA01,2026-07-25,Practice,1,14,13,92.9,0
AS01006,L046,SCI01,2025-10-05,Quiz,1,17,15,88.2,0
AS01007,L046,SCI01,2025-11-11,Quiz,1,12,10,83.3,0
AS01008,L046,SCI01,2026-02-08,Quiz,1,17,15,88.2,0
AS01009,L046,SCI01,2026-03-04,Practice,1,20,17,85.0,0
AS01010,L046,SCI01,2026-08-25,Quiz,1,14,14,100.0,0
AS01011,L046,SCI01,2026-08-31,Practice,1,12,11,91.7,0
AS01012,L046,MATH01,2025-09-09,Test,1,16,14,87.5,0
AS01013,L046,MATH01,2025-09-25,Practice,1,15,13,86.7,0
AS01014,L046,MATH01,2025-10-01,Test,1,14,13,92.9,0
AS01015,L046,MATH01,2026-03-11,Test,1,11,9,81.8,0
AS01016,L046,MATH01,2026-03-22,Quiz,1,11,10,90.9,0
AS01017,L046,MATH01,2026-05-08,Test,1,18,17,94.4,0
AS01018,L046,MATH01,2026-05-21,Practice,1,11,10,90.9,0
AS01019,L046,MATH01,2026-05-29,Quiz,1,19,18,94.7,0
AS01020,L046,MATH01,2026-06-17,Practice,1,11,10,90.9,0
AS01021,L047,ELA03,2025-10-08,Test,1,19,14,73.7,0
AS01022,L047,ELA03,2025-11-17,Practice,1,16,13,81.2,0
AS01023,L047,ELA03,2025-12-03,Test,2,19,15,78.9,1
AS01024,L047,ELA03,2026-02-17,Quiz,2,16,13,81.2,1
AS01025,L047,ELA03,2026-04-20,Practice,1,15,13,86.7,0
AS01026,L047,ELA03,2026-04-27,Practice,1,13,10,76.9,0
AS01027,L047,ELA03,2026-07-29,Test,1,18,15,83.3,0
AS01028,L047,ELA03,2026-07-31,Test,1,13,11,84.6,0
AS01029,L047,MATH03,2025-10-22,Quiz,1,10,8,80.0,0
AS01030,L047,MATH03,2025-11-15,Quiz,1,12,9,75.0,0
AS01031,L047,MATH03,2025-11-18,Quiz,1,15,11,73.3,0
AS01032,L047,MATH03,2025-12-02,Practice,1,20,16,80.0,0
AS01033,L047,MATH03,2025-12-06,Practice,1,12,9,75.0,0
AS01034,L047,MATH03,2025-12-15,Quiz,1,13,10,76.9,0
AS01035,L047,MATH03,2026-02-05,Practice,2,15,12,80.0,1
AS01036,L047,MATH03,2026-06-23,Practice,1,11,9,81.8,0
AS01037,L047,ELA02,2025-09-26,Practice,2,16,12,75.0,1
AS01038,L047,ELA02,2025-12-16,Quiz,1,19,15,78.9,0
AS01039,L047,ELA02,2026-03-14,Test,1,12,9,75.0,0
AS01040,L047,ELA02,2026-04-13,Quiz,1,18,15,83.3,0
AS01041,L047,ELA02,2026-04-16,Test,1,11,9,81.8,0
AS01042,L047,ELA02,2026-04-17,Practice,1,19,14,73.7,0
AS01043,L048,ELA02,2025-10-17,Practice,2,17,14,82.4,1
AS01044,L048,ELA02,2025-10-28,Quiz,1,16,13,81.2,0
AS01045,L048,ELA02,2025-12-07,Practice,1,15,13,86.7,0
AS01046,L048,ELA02,2025-12-17,Test,1,11,9,81.8,0
AS01047,L048,ELA02,2026-01-09,Test,1,14,12,85.7,0
AS01048,L048,ELA02,2026-03-04,Practice,1,11,9,81.8,0
AS01049,L048,ELA02,2026-05-03,Practice,2,17,15,88.2,1
AS01050,L048,ELA02,2026-05-18,Quiz,1,20,17,85.0,0
AS01051,L048,ELA02,2026-05-19,Quiz,1,12,10,83.3,0
AS01052,L048,MATH03,2025-11-05,Quiz,2,10,8,80.0,1
AS01053,L048,MATH03,2025-11-11,Test,1,20,16,80.0,0
AS01054,L048,MATH03,2025-11-19,Practice,1,16,13,81.2,0
AS01055,L048,MATH03,2026-04-29,Test,1,12,10,83.3,0
AS01056,L048,MATH03,2026-05-24,Test,1,12,10,83.3,0
AS01057,L048,MATH03,2026-08-22,Quiz,1,12,10,83.3,0
AS01058,L048,ELA03,2025-09-16,Quiz,1,14,12,85.7,0
AS01059,L048,ELA03,2025-12-14,Practice,1,10,9,90.0,0
AS01060,L048,ELA03,2026-02-04,Quiz,1,10,8,80.0,0
AS01061,L048,ELA03,2026-03-11,Practice,2,16,12,75.0,1
AS01062,L048,ELA03,2026-03-26,Quiz,1,19,16,84.2,0
AS01063,L048,ELA03,2026-05-13,Practice,1,12,10,83.3,0
AS01064,L048,ELA03,2026-07-18,Quiz,2,13,11,84.6,1
AS01065,L049,READ01,2025-11-08,Quiz,1,19,14,73.7,0
AS01066,L049,READ01,2026-04-01,Practice,1,14,10,71.4,0
AS01067,L049,READ01,2026-04-14,Test,1,12,9,75.0,0
AS01068,L049,READ01,2026-04-26,Test,1,15,13,86.7,0
AS01069,L049,READ01,2026-05-02,Test,1,11,8,72.7,0
AS01070,L049,READ01,2026-06-02,Quiz,2,19,15,78.9,1
AS01071,L049,ELA01,2025-10-13,Quiz,2,19,15,78.9,1
AS01072,L049,ELA01,2025-10-19,Test,1,14,12,85.7,0
AS01073,L049,ELA01,2025-11-13,Practice,1,14,11,78.6,0
AS01074,L049,ELA01,2025-12-25,Test,1,20,16,80.0,0
AS01075,L049,ELA01,2026-01-23,Practice,1,19,15,78.9,0
AS01076,L049,ELA01,2026-03-26,Practice,1,12,9,75.0,0
AS01077,L049,ELA01,2026-08-04,Test,1,20,16,80.0,0
AS01078,L049,SCI01,2025-09-08,Quiz,1,12,10,83.3,0
AS01079,L049,SCI01,2025-09-25,Quiz,1,12,9,75.0,0
AS01080,L049,SCI01,2025-12-03,Practice,1,19,14,73.7,0
AS01081,L049,SCI01,2025-12-11,Test,1,13,10,76.9,0
AS01082,L049,SCI01,2026-03-17,Quiz,1,16,13,81.2,0
AS01083,L049,SCI01,2026-07-21,Test,1,17,13,76.5,0
AS01084,L050,SCI02,2025-10-31,Practice,1,17,10,58.8,0
AS01085,L050,SCI02,2025-12-05,Practice,2,20,12,60.0,1
AS01086,L050,SCI02,2026-01-09,Practice,2,18,11,61.1,1
AS01087,L050,SCI02,2026-01-22,Test,1,16,10,62.5,0
AS01088,L050,SCI02,2026-02-20,Practice,2,12,8,66.7,1
AS01089,L050,SCI02,2026-02-20,Test,3,11,6,54.5,2
AS01090,L050,SCI02,2026-02-22,Practice,2,14,9,64.3,1
AS01091,L050,SCI02,2026-05-22,Test,2,14,9,64.3,1
AS01092,L050,SCI02,2026-08-02,Test,1,11,7,63.6,0
AS01093,L050,READ01,2025-09-09,Practice,1,13,7,53.8,0
AS01094,L050,READ01,2025-11-12,Quiz,1,18,10,55.6,0
AS01095,L050,READ01,2025-12-09,Test,1,19,12,63.2,0
AS01096,L050,READ01,2025-12-23,Practice,1,10,6,60.0,0
AS01097,L050,READ01,2026-03-23,Test,2,18,12,66.7,1
AS01098,L050,READ01,2026-05-20,Quiz,1,12,8,66.7,0
AS01099,L050,READ01,2026-08-15,Test,2,20,13,65.0,1
AS01100,L050,ELA02,2025-09-26,Test,2,16,10,62.5,1
AS01101,L050,ELA02,2025-11-17,Practice,1,16,10,62.5,0
AS01102,L050,ELA02,2025-12-13,Practice,2,15,10,66.7,1
AS01103,L050,ELA02,2026-01-21,Test,2,10,6,60.0,1
AS01104,L050,ELA02,2026-04-06,Quiz,1,18,12,66.7,0
AS01105,L050,ELA02,2026-06-04,Quiz,1,19,12,63.2,0
AS01106,L050,ELA02,2026-07-10,Quiz,1,10,7,70.0,0
AS01107,L051,MATH02,2025-11-21,Quiz,1,16,12,75.0,0
AS01108,L051,MATH02,2025-11-22,Practice,2,15,12,80.0,1
AS01109,L051,MATH02,2026-01-03,Quiz,1,12,9,75.0,0
AS01110,L051,MATH02,2026-03-20,Quiz,1,19,14,73.7,0
AS01111,L051,MATH02,2026-04-03,Test,1,13,10,76.9,0
AS01112,L051,MATH02,2026-05-05,Quiz,1,14,11,78.6,0
AS01113,L051,MATH02,2026-07-28,Practice,1,20,16,80.0,0
AS01114,L051,READ01,2025-12-28,Test,1,14,11,78.6,0
AS01115,L051,READ01,2026-04-13,Quiz,1,19,14,73.7,0
AS01116,L051,READ01,2026-04-30,Quiz,1,15,12,80.0,0
AS01117,L051,READ01,2026-07-04,Practice,1,16,12,75.0,0
AS01118,L051,READ01,2026-07-19,Practice,1,11,8,72.7,0
AS01119,L051,READ01,2026-08-05,Test,2,19,15,78.9,1
AS01120,L051,ELA03,2025-10-16,Test,1,20,16,80.0,0
AS01121,L051,ELA03,2025-10-23,Test,1,16,13,81.2,0
AS01122,L051,ELA03,2025-12-25,Practice,1,11,9,81.8,0
AS01123,L051,ELA03,2026-01-02,Test,1,14,10,71.4,0
AS01124,L051,ELA03,2026-01-28,Test,1,18,14,77.8,0
AS01125,L051,ELA03,2026-03-05,Quiz,1,14,11,78.6,0
AS01126,L051,ELA03,2026-05-26,Practice,2,10,7,70.0,1
AS01127,L051,ELA03,2026-07-04,Quiz,1,13,10,76.9,0
AS01128,L051,ELA03,2026-07-06,Practice,1,19,15,78.9,0
AS01129,L052,READ01,2026-03-12,Test,1,19,15,78.9,0
AS01130,L052,READ01,2026-05-08,Quiz,2,16,12,75.0,1
AS01131,L052,READ01,2026-06-15,Test,1,19,14,73.7,0
AS01132,L052,READ01,2026-06-17,Quiz,1,11,9,81.8,0
AS01133,L052,READ01,2026-07-08,Test,1,13,9,69.2,0
AS01134,L052,READ01,2026-08-29,Practice,1,19,15,78.9,0
AS01135,L052,MATH02,2026-02-25,Test,1,10,7,70.0,0
AS01136,L052,MATH02,2026-04-14,Quiz,1,16,12,75.0,0
AS01137,L052,MATH02,2026-04-24,Quiz,1,13,10,76.9,0
AS01138,L052,MATH02,2026-05-26,Quiz,1,20,15,75.0,0
AS01139,L052,MATH02,2026-06-21,Quiz,1,14,10,71.4,0
AS01140,L052,MATH02,2026-07-29,Practice,1,17,15,88.2,0
AS01141,L052,ELA02,2025-09-25,Test,1,17,12,70.6,0
AS01142,L052,ELA02,2026-01-06,Quiz,1,14,12,85.7,0
AS01143,L052,ELA02,2026-01-20,Test,1,13,10,76.9,0
AS01144,L052,ELA02,2026-02-14,Practice,1,20,15,75.0,0
AS01145,L052,ELA02,2026-02-24,Quiz,1,15,12,80.0,0
AS01146,L052,ELA02,2026-02-28,Practice,1,17,14,82.4,0
AS01147,L052,ELA02,2026-04-17,Test,1,15,11,73.3,0
AS01148,L052,ELA02,2026-08-16,Practice,1,13,10,76.9,0
AS01149,L053,ELA04,2025-10-17,Practice,1,20,19,95.0,0
AS01150,L053,ELA04,2026-02-08,Test,1,13,12,92.3,0
AS01151,L053,ELA04,2026-03-27,Practice,1,17,17,100.0,0
AS01152,L053,ELA04,2026-05-13,Quiz,1,15,14,93.3,0
AS01153,L053,ELA04,2026-07-16,Quiz,2,15,15,100.0,1
AS01154,L053,ELA04,2026-07-25,Test,1,19,18,94.7,0
AS01155,L053,READ01,2025-10-09,Test,2,11,10,90.9,1
AS01156,L053,READ01,2025-12-01,Practice,1,20,19,95.0,0
AS01157,L053,READ01,2025-12-11,Test,1,12,11,91.7,0
AS01158,L053,READ01,2026-03-23,Practice,1,15,14,93.3,0
AS01159,L053,READ01,2026-06-03,Test,1,11,10,90.9,0
AS01160,L053,READ01,2026-06-14,Quiz,1,14,14,100.0,0
AS01161,L053,READ01,2026-07-14,Practice,1,15,15,100.0,0
AS01162,L053,READ01,2026-08-23,Quiz,1,10,10,100.0,0
AS01163,L053,SCI03,2025-09-14,Quiz,1,20,19,95.0,0
AS01164,L053,SCI03,2025-12-22,Quiz,1,10,9,90.0,0
AS01165,L053,SCI03,2025-12-24,Practice,1,19,17,89.5,0
AS01166,L053,SCI03,2025-12-25,Test,1,16,15,93.8,0
AS01167,L053,SCI03,2026-01-04,Test,1,13,13,100.0,0
AS01168,L053,SCI03,2026-04-14,Test,1,19,16,84.2,0
AS01169,L053,SCI03,2026-05-12,Test,1,16,15,93.8,0
AS01170,L053,SCI03,2026-08-22,Practice,1,15,14,93.3,0
AS01171,L054,SCI02,2025-10-10,Test,1,15,11,73.3,0
AS01172,L054,SCI02,2025-11-08,Test,1,13,10,76.9,0
AS01173,L054,SCI02,2025-12-30,Test,2,12,10,83.3,1
AS01174,L054,SCI02,2026-02-11,Quiz,1,17,15,88.2,0
AS01175,L054,SCI02,2026-03-02,Practice,2,19,14,73.7,1
AS01176,L054,SCI02,2026-03-06,Quiz,1,20,16,80.0,0
AS01177,L054,SCI02,2026-03-09,Quiz,1,17,14,82.4,0
AS01178,L054,SCI02,2026-06-04,Practice,1,17,14,82.4,0
AS01179,L054,SCI02,2026-08-21,Quiz,1,19,16,84.2,0
AS01180,L054,READ01,2025-09-30,Quiz,1,17,14,82.4,0
AS01181,L054,READ01,2026-02-25,Quiz,1,11,9,81.8,0
AS01182,L054,READ01,2026-04-18,Test,1,14,12,85.7,0
AS01183,L054,READ01,2026-06-14,Practice,1,10,8,80.0,0
AS01184,L054,READ01,2026-06-14,Quiz,1,16,13,81.2,0
AS01185,L054,READ01,2026-07-30,Practice,2,16,12,75.0,1
AS01186,L054,ELA02,2025-12-29,Test,1,16,13,81.2,0
AS01187,L054,ELA02,2026-02-03,Quiz,1,20,16,80.0,0
AS01188,L054,ELA02,2026-02-17,Practice,2,19,15,78.9,1
AS01189,L054,ELA02,2026-05-19,Quiz,2,19,15,78.9,1
AS01190,L054,ELA02,2026-06-03,Practice,2,19,16,84.2,1
AS01191,L054,ELA02,2026-06-19,Quiz,1,12,10,83.3,0
AS01192,L054,ELA02,2026-08-12,Quiz,1,19,15,78.9,0
AS01193,L054,ELA02,2026-08-23,Practice,2,12,10,83.3,1
AS01194,L055,SCI03,2025-10-16,Practice,1,20,17,85.0,0
AS01195,L055,SCI03,2025-10-19,Quiz,1,16,14,87.5,0
AS01196,L055,SCI03,2026-02-17,Practice,1,15,14,93.3,0
AS01197,L055,SCI03,2026-03-26,Practice,1,15,13,86.7,0
AS01198,L055,SCI03,2026-06-21,Quiz,1,14,13,92.9,0
AS01199,L055,SCI03,2026-08-25,Quiz,1,14,12,85.7,0
AS01200,L055,MATH04,2025-10-12,Quiz,1,10,9,90.0,0
AS01201,L055,MATH04,2025-10-19,Practice,2,18,15,83.3,1
AS01202,L055,MATH04,2026-01-10,Test,1,11,9,81.8,0
AS01203,L055,MATH04,2026-02-21,Practice,2,10,8,80.0,1
AS01204,L055,MATH04,2026-04-20,Test,2,14,12,85.7,1
AS01205,L055,MATH04,2026-05-27,Quiz,1,19,16,84.2,0
AS01206,L055,MATH04,2026-07-22,Test,1,12,11,91.7,0
AS01207,L055,MATH04,2026-07-29,Quiz,1,17,14,82.4,0
AS01208,L055,ELA04,2025-10-20,Practice,1,12,10,83.3,0
AS01209,L055,ELA04,2025-11-19,Test,1,10,8,80.0,0
AS01210,L055,ELA04,2025-11-30,Practice,1,11,9,81.8,0
AS01211,L055,ELA04,2026-03-11,Test,1,14,12,85.7,0
AS01212,L055,ELA04,2026-04-14,Quiz,1,12,11,91.7,0
AS01213,L055,ELA04,2026-06-21,Test,1,11,9,81.8,0
AS01214,L055,ELA04,2026-07-05,Practice,1,12,10,83.3,0
AS01215,L055,ELA04,2026-08-16,Test,1,17,15,88.2,0
AS01216,L056,SCI01,2025-10-04,Practice,1,13,10,76.9,0
AS01217,L056,SCI01,2025-10-30,Quiz,1,13,11,84.6,0
AS01218,L056,SCI01,2025-11-12,Practice,2,15,12,80.0,1
AS01219,L056,SCI01,2026-01-05,Test,1,20,16,80.0,0
AS01220,L056,SCI01,2026-02-21,Quiz,1,11,9,81.8,0
AS01221,L056,SCI01,2026-03-07,Test,1,20,17,85.0,0
AS01222,L056,SCI01,2026-04-18,Test,1,19,16,84.2,0
AS01223,L056,SCI01,2026-06-11,Test,1,18,15,83.3,0
AS01224,L056,SCI01,2026-08-09,Practice,1,20,16,80.0,0
AS01225,L056,READ01,2025-12-11,Quiz,2,16,13,81.2,1
AS01226,L056,READ01,2026-01-28,Test,1,17,14,82.4,0
AS01227,L056,READ01,2026-03-26,Practice,1,17,15,88.2,0
AS01228,L056,READ01,2026-04-07,Practice,1,17,14,82.4,0
AS01229,L056,READ01,2026-04-11,Test,1,20,18,90.0,0
AS01230,L056,READ01,2026-04-18,Quiz,1,10,8,80.0,0
AS01231,L056,READ01,2026-07-18,Test,1,14,11,78.6,0
AS01232,L056,MATH01,2025-09-15,Test,2,16,12,75.0,1
AS01233,L056,MATH01,2025-09-25,Test,1,10,8,80.0,0
AS01234,L056,MATH01,2025-09-25,Test,1,16,12,75.0,0
AS01235,L056,MATH01,2026-02-03,Test,1,12,9,75.0,0
AS01236,L056,MATH01,2026-02-08,Quiz,1,10,7,70.0,0
AS01237,L056,MATH01,2026-06-01,Quiz,1,17,14,82.4,0
AS01238,L056,MATH01,2026-07-26,Quiz,2,15,13,86.7,1
AS01239,L057,ELA04,2025-09-08,Quiz,1,11,7,63.6,0
AS01240,L057,ELA04,2025-09-24,Practice,1,13,8,61.5,0
AS01241,L057,ELA04,2025-12-15,Quiz,1,12,8,66.7,0
AS01242,L057,ELA04,2025-12-15,Practice,1,15,11,73.3,0
AS01243,L057,ELA04,2026-03-15,Test,2,10,7,70.0,1
AS01244,L057,ELA04,2026-06-20,Practice,1,13,9,69.2,0
AS01245,L057,ELA04,2026-07-11,Test,1,16,12,75.0,0
AS01246,L057,ELA04,2026-07-25,Test,1,20,14,70.0,0
AS01247,L057,ELA04,2026-08-19,Quiz,1,14,10,71.4,0
AS01248,L057,SCI03,2025-09-06,Practice,2,16,11,68.8,1
AS01249,L057,SCI03,2025-12-07,Quiz,1,12,8,66.7,0
AS01250,L057,SCI03,2026-01-08,Quiz,1,11,7,63.6,0
AS01251,L057,SCI03,2026-01-21,Practice,1,12,8,66.7,0
AS01252,L057,SCI03,2026-03-13,Practice,2,11,7,63.6,1
AS01253,L057,SCI03,2026-03-31,Practice,1,12,9,75.0,0
AS01254,L057,SCI03,2026-05-08,Test,1,20,14,70.0,0
AS01255,L057,SCI03,2026-07-05,Practice,2,16,11,68.8,1
AS01256,L057,SCI03,2026-07-18,Practice,1,14,10,71.4,0
AS01257,L057,MATH04,2025-10-15,Quiz,2,13,9,69.2,1
AS01258,L057,MATH04,2025-11-01,Quiz,1,17,12,70.6,0
AS01259,L057,MATH04,2025-12-13,Practice,2,13,9,69.2,1
AS01260,L057,MATH04,2026-03-22,Test,2,12,8,66.7,1
AS01261,L057,MATH04,2026-05-13,Test,2,11,7,63.6,1
AS01262,L057,MATH04,2026-06-12,Quiz,1,15,10,66.7,0
AS01263,L058,MATH02,2025-09-22,Practice,1,10,6,60.0,0
AS01264,L058,MATH02,2025-09-23,Practice,1,14,8,57.1,0
AS01265,L058,MATH02,2025-12-06,Test,2,17,10,58.8,1
AS01266,L058,MATH02,2025-12-17,Quiz,1,10,7,70.0,0
AS01267,L058,MATH02,2026-02-10,Quiz,2,14,9,64.3,1
AS01268,L058,MATH02,2026-05-16,Practice,1,12,8,66.7,0
AS01269,L058,MATH02,2026-06-19,Quiz,1,20,15,75.0,0
AS01270,L058,MATH02,2026-07-03,Quiz,2,17,11,64.7,1
AS01271,L058,MATH02,2026-08-06,Test,1,19,14,73.7,0
AS01272,L058,MATH03,2025-09-30,Quiz,2,16,10,62.5,1
AS01273,L058,MATH03,2025-10-04,Test,1,19,13,68.4,0
AS01274,L058,MATH03,2025-10-28,Quiz,1,15,10,66.7,0
AS01275,L058,MATH03,2025-11-13,Quiz,1,11,6,54.5,0
AS01276,L058,MATH03,2026-02-10,Quiz,2,16,11,68.8,1
AS01277,L058,MATH03,2026-06-08,Quiz,1,16,11,68.8,0
AS01278,L058,MATH03,2026-08-17,Quiz,1,13,8,61.5,0
AS01279,L058,ELA02,2025-09-11,Practice,1,14,10,71.4,0
AS01280,L058,ELA02,2026-03-17,Quiz,1,17,12,70.6,0
AS01281,L058,ELA02,2026-05-02,Practice,1,20,14,70.0,0
AS01282,L058,ELA02,2026-06-20,Test,1,15,10,66.7,0
AS01283,L058,ELA02,2026-07-28,Quiz,1,17,12,70.6,0
AS01284,L058,ELA02,2026-07-30,Practice,1,17,12,70.6,0
AS01285,L059,READ01,2025-11-13,Practice,1,15,12,80.0,0
AS01286,L059,READ01,2025-11-22,Practice,2,14,11,78.6,1
AS01287,L059,READ01,2025-11-29,Test,1,16,12,75.0,0
AS01288,L059,READ01,2026-01-10,Quiz,1,13,10,76.9,0
AS01289,L059,READ01,2026-01-25,Practice,1,20,15,75.0,0
AS01290,L059,READ01,2026-03-18,Practice,1,16,13,81.2,0
AS01291,L059,READ01,2026-07-24,Practice,1,17,13,76.5,0
AS01292,L059,ELA02,2025-11-08,Test,1,13,10,76.9,0
AS01293,L059,ELA02,2025-12-15,Test,1,13,10,76.9,0
AS01294,L059,ELA02,2026-01-04,Practice,1,20,16,80.0,0
AS01295,L059,ELA02,2026-02-14,Practice,1,17,14,82.4,0
AS01296,L059,ELA02,2026-02-20,Quiz,1,15,12,80.0,0
AS01297,L059,ELA02,2026-03-06,Quiz,1,16,13,81.2,0
AS01298,L059,ELA02,2026-03-24,Practice,1,18,15,83.3,0
AS01299,L059,ELA02,2026-05-30,Quiz,1,19,15,78.9,0
AS01300,L059,ELA02,2026-08-07,Quiz,1,13,11,84.6,0
AS01301,L059,MATH03,2025-09-13,Test,1,20,16,80.0,0
AS01302,L059,MATH03,2025-12-02,Quiz,1,20,16,80.0,0
AS01303,L059,MATH03,2025-12-15,Quiz,1,20,17,85.0,0
AS01304,L059,MATH03,2026-03-17,Practice,1,12,9,75.0,0
AS01305,L059,MATH03,2026-04-10,Quiz,1,13,11,84.6,0
AS01306,L059,MATH03,2026-04-15,Test,1,17,13,76.5,0
AS01307,L059,MATH03,2026-05-23,Quiz,1,18,14,77.8,0
AS01308,L059,MATH03,2026-06-18,Quiz,2,20,16,80.0,1
AS01309,L059,MATH03,2026-08-22,Quiz,2,11,8,72.7,1
AS01310,L060,READ01,2025-10-04,Practice,1,15,13,86.7,0
AS01311,L060,READ01,2025-10-17,Practice,1,19,17,89.5,0
AS01312,L060,READ01,2025-11-17,Quiz,1,17,15,88.2,0
AS01313,L060,READ01,2025-12-13,Test,1,14,13,92.9,0
AS01314,L060,READ01,2025-12-19,Quiz,1,12,11,91.7,0
AS01315,L060,READ01,2026-02-05,Test,1,12,12,100.0,0
AS01316,L060,READ01,2026-02-08,Test,1,19,18,94.7,0
AS01317,L060,READ01,2026-03-02,Test,1,18,17,94.4,0
AS01318,L060,SCI02,2025-09-21,Practice,1,12,11,91.7,0
AS01319,L060,SCI02,2025-10-20,Quiz,1,16,14,87.5,0
AS01320,L060,SCI02,2025-10-29,Practice,1,19,17,89.5,0
AS01321,L060,SCI02,2025-11-15,Quiz,1,17,15,88.2,0
AS01322,L060,SCI02,2026-01-06,Practice,1,17,15,88.2,0
AS01323,L060,SCI02,2026-04-16,Practice,1,20,19,95.0,0
AS01324,L060,SCI02,2026-08-06,Quiz,1,11,11,100.0,0
AS01325,L060,SCI02,2026-08-20,Practice,1,12,11,91.7,0
AS01326,L060,MATH03,2025-10-13,Practice,1,15,13,86.7,0
AS01327,L060,MATH03,2025-10-27,Test,1,10,9,90.0,0
AS01328,L060,MATH03,2025-11-16,Practice,1,16,15,93.8,0
AS01329,L060,MATH03,2025-12-10,Practice,1,14,12,85.7,0
AS01330,L060,MATH03,2026-01-28,Quiz,1,18,16,88.9,0
AS01331,L060,MATH03,2026-02-12,Quiz,1,17,16,94.1,0
AS01332,L060,MATH03,2026-07-22,Test,1,10,10,100.0,0
AS01333,L060,MATH03,2026-08-09,Practice,1,14,14,100.0,0
AS01334,L060,MATH03,2026-08-31,Test,2,15,15,100.0,1
AS01335,L061,ELA04,2025-09-06,Quiz,1,10,8,80.0,0
AS01336,L061,ELA04,2025-09-17,Quiz,1,17,13,76.5,0
AS01337,L061,ELA04,2025-10-12,Practice,1,20,16,80.0,0
AS01338,L061,ELA04,2025-11-06,Test,1,15,11,73.3,0
AS01339,L061,ELA04,2026-02-18,Practice,1,16,13,81.2,0
AS01340,L061,ELA04,2026-06-10,Test,1,12,10,83.3,0
AS01341,L061,ELA04,2026-06-21,Practice,1,14,11,78.6,0
AS01342,L061,ELA04,2026-07-17,Practice,2,14,11,78.6,1
AS01343,L061,ELA04,2026-08-04,Test,2,20,16,80.0,1
AS01344,L061,READ01,2025-09-12,Test,2,15,11,73.3,1
AS01345,L061,READ01,2025-10-09,Quiz,1,13,10,76.9,0
AS01346,L061,READ01,2025-10-25,Test,1,10,8,80.0,0
AS01347,L061,READ01,2025-10-29,Test,1,15,12,80.0,0
AS01348,L061,READ01,2025-11-05,Test,1,11,9,81.8,0
AS01349,L061,READ01,2025-11-30,Practice,1,17,13,76.5,0
AS01350,L061,READ01,2026-01-03,Quiz,1,20,17,85.0,0
AS01351,L061,READ01,2026-05-19,Quiz,1,10,8,80.0,0
AS01352,L061,MATH04,2025-09-02,Test,2,13,10,76.9,1
AS01353,L061,MATH04,2025-10-17,Test,1,11,9,81.8,0
AS01354,L061,MATH04,2025-10-17,Quiz,2,18,14,77.8,1
AS01355,L061,MATH04,2025-12-05,Quiz,1,17,12,70.6,0
AS01356,L061,MATH04,2026-04-10,Test,2,17,13,76.5,1
AS01357,L061,MATH04,2026-08-18,Quiz,1,19,15,78.9,0
AS01358,L062,MATH04,2025-09-04,Test,1,19,13,68.4,0
AS01359,L062,MATH04,2025-10-11,Quiz,1,11,9,81.8,0
AS01360,L062,MATH04,2025-11-13,Practice,2,13,10,76.9,1
AS01361,L062,MATH04,2025-11-30,Test,2,13,10,76.9,1
AS01362,L062,MATH04,2025-12-04,Practice,2,19,15,78.9,1
AS01363,L062,MATH04,2025-12-11,Quiz,1,18,14,77.8,0
AS01364,L062,MATH04,2026-01-13,Practice,2,16,12,75.0,1
AS01365,L062,MATH04,2026-05-18,Test,1,13,11,84.6,0
AS01366,L062,MATH04,2026-06-05,Quiz,1,20,17,85.0,0
AS01367,L062,SCI03,2025-10-01,Test,2,16,12,75.0,1
AS01368,L062,SCI03,2025-10-02,Test,2,17,13,76.5,1
AS01369,L062,SCI03,2025-10-03,Test,2,20,16,80.0,1
AS01370,L062,SCI03,2026-02-24,Test,1,15,12,80.0,0
AS01371,L062,SCI03,2026-05-11,Test,1,20,15,75.0,0
AS01372,L062,SCI03,2026-07-15,Practice,1,14,12,85.7,0
AS01373,L062,ELA04,2025-12-07,Quiz,1,13,10,76.9,0
AS01374,L062,ELA04,2026-02-01,Practice,1,15,12,80.0,0
AS01375,L062,ELA04,2026-02-08,Practice,1,15,13,86.7,0
AS01376,L062,ELA04,2026-03-03,Practice,1,17,14,82.4,0
AS01377,L062,ELA04,2026-03-09,Test,1,17,14,82.4,0
AS01378,L062,ELA04,2026-05-04,Quiz,1,16,13,81.2,0
AS01379,L062,ELA04,2026-05-09,Practice,1,12,10,83.3,0
AS01380,L062,ELA04,2026-05-14,Practice,1,20,16,80.0,0
AS01381,L062,ELA04,2026-06-07,Test,1,10,8,80.0,0
AS01382,L063,READ01,2025-09-09,Practice,2,17,13,76.5,1
AS01383,L063,READ01,2025-10-19,Practice,2,13,10,76.9,1
AS01384,L063,READ01,2025-11-17,Test,1,12,9,75.0,0
AS01385,L063,READ01,2025-12-04,Practice,1,14,12,85.7,0
AS01386,L063,READ01,2025-12-21,Practice,1,19,14,73.7,0
AS01387,L063,READ01,2026-03-20,Quiz,1,16,13,81.2,0
AS01388,L063,READ01,2026-07-01,Quiz,1,17,14,82.4,0
AS01389,L063,MATH04,2025-10-05,Practice,1,13,10,76.9,0
AS01390,L063,MATH04,2025-10-25,Quiz,1,13,10,76.9,0
AS01391,L063,MATH04,2025-11-12,Practice,1,14,12,85.7,0
AS01392,L063,MATH04,2026-01-27,Test,1,20,14,70.0,0
AS01393,L063,MATH04,2026-02-13,Test,1,16,12,75.0,0
AS01394,L063,MATH04,2026-05-03,Practice,1,12,10,83.3,0
AS01395,L063,MATH04,2026-07-09,Quiz,1,15,12,80.0,0
AS01396,L063,MATH04,2026-08-28,Practice,1,15,13,86.7,0
AS01397,L063,SCI03,2025-09-10,Practice,1,15,11,73.3,0
AS01398,L063,SCI03,2025-12-17,Practice,1,20,15,75.0,0
AS01399,L063,SCI03,2026-01-05,Test,1,14,11,78.6,0
AS01400,L063,SCI03,2026-03-09,Quiz,1,15,12,80.0,0
AS01401,L063,SCI03,2026-04-02,Test,1,15,12,80.0,0
AS01402,L063,SCI03,2026-04-17,Test,1,13,10,76.9,0
AS01403,L064,ELA04,2025-09-10,Quiz,2,11,7,63.6,1
AS01404,L064,ELA04,2026-01-06,Test,2,19,12,63.2,1
AS01405,L064,ELA04,2026-02-08,Test,2,17,10,58.8,1
AS01406,L064,ELA04,2026-04-29,Practice,2,14,8,57.1,1
AS01407,L064,ELA04,2026-05-09,Practice,1,13,7,53.8,0
AS01408,L064,ELA04,2026-05-20,Quiz,2,12,7,58.3,1
AS01409,L064,ELA04,2026-06-16,Test,2,17,11,64.7,1
AS01410,L064,SCI03,2025-11-14,Practice,1,14,8,57.1,0
AS01411,L064,SCI03,2026-02-15,Test,1,15,9,60.0,0
AS01412,L064,SCI03,2026-03-02,Test,1,13,7,53.8,0
AS01413,L064,SCI03,2026-05-06,Test,1,13,8,61.5,0
AS01414,L064,SCI03,2026-06-15,Test,2,19,13,68.4,1
AS01415,L064,SCI03,2026-07-15,Quiz,1,10,5,50.0,0
AS01416,L064,READ01,2025-09-06,Quiz,2,12,7,58.3,1
AS01417,L064,READ01,2025-12-14,Practice,1,20,11,55.0,0
AS01418,L064,READ01,2026-01-06,Quiz,3,11,6,54.5,2
AS01419,L064,READ01,2026-01-12,Test,1,17,9,52.9,0
AS01420,L064,READ01,2026-01-31,Practice,1,12,7,58.3,0
AS01421,L064,READ01,2026-03-12,Practice,1,11,7,63.6,0
AS01422,L064,READ01,2026-04-05,Test,2,14,9,64.3,1
AS01423,L064,READ01,2026-08-25,Test,2,17,11,64.7,1
AS01424,L065,MATH02,2025-09-09,Test,2,15,10,66.7,1
AS01425,L065,MATH02,2025-09-27,Test,1,16,11,68.8,0
AS01426,L065,MATH02,2025-11-03,Practice,1,16,11,68.8,0
AS01427,L065,MATH02,2026-02-13,Quiz,1,12,8,66.7,0
AS01428,L065,MATH02,2026-02-15,Test,2,20,15,75.0,1
AS01429,L065,MATH02,2026-05-03,Test,2,19,14,73.7,1
AS01430,L065,MATH02,2026-06-10,Test,1,10,8,80.0,0
AS01431,L065,READ01,2025-10-03,Quiz,1,12,9,75.0,0
AS01432,L065,READ01,2025-10-05,Practice,1,11,8,72.7,0
AS01433,L065,READ01,2025-10-23,Practice,2,15,11,73.3,1
AS01434,L065,READ01,2025-11-11,Test,1,11,8,72.7,0
AS01435,L065,READ01,2025-11-17,Test,1,10,7,70.0,0
AS01436,L065,READ01,2026-05-13,Test,1,16,12,75.0,0
AS01437,L065,READ01,2026-05-26,Practice,1,11,8,72.7,0
AS01438,L065,ELA03,2025-09-29,Test,2,18,13,72.2,1
AS01439,L065,ELA03,2025-10-30,Quiz,1,13,10,76.9,0
AS01440,L065,ELA03,2025-12-26,Quiz,1,13,10,76.9,0
AS01441,L065,ELA03,2026-01-01,Practice,1,12,9,75.0,0
AS01442,L065,ELA03,2026-01-12,Test,1,16,12,75.0,0
AS01443,L065,ELA03,2026-07-28,Practice,2,16,13,81.2,1
AS01444,L065,ELA03,2026-08-16,Test,2,17,13,76.5,1
AS01445,L066,MATH02,2025-09-19,Test,2,17,13,76.5,1
AS01446,L066,MATH02,2025-09-21,Practice,1,11,8,72.7,0
AS01447,L066,MATH02,2025-10-05,Quiz,1,18,13,72.2,0
AS01448,L066,MATH02,2025-12-12,Test,2,16,12,75.0,1
AS01449,L066,MATH02,2025-12-16,Test,1,10,8,80.0,0
AS01450,L066,MATH02,2025-12-27,Test,2,19,14,73.7,1
AS01451,L066,MATH02,2026-06-09,Quiz,1,15,11,73.3,0
AS01452,L066,MATH02,2026-06-26,Practice,1,13,9,69.2,0
AS01453,L066,MATH02,2026-06-29,Practice,1,15,13,86.7,0
AS01454,L066,READ01,2025-09-15,Quiz,1,18,14,77.8,0
AS01455,L066,READ01,2025-11-01,Practice,2,12,9,75.0,1
AS01456,L066,READ01,2026-01-25,Quiz,1,11,9,81.8,0
AS01457,L066,READ01,2026-04-17,Test,1,13,10,76.9,0
AS01458,L066,READ01,2026-04-20,Test,1,14,11,78.6,0
AS01459,L066,READ01,2026-07-06,Practice,1,13,11,84.6,0
AS01460,L066,READ01,2026-07-31,Test,1,15,12,80.0,0
AS01461,L066,READ01,2026-07-31,Practice,1,20,16,80.0,0
AS01462,L066,READ01,2026-08-10,Practice,1,13,11,84.6,0
AS01463,L066,SCI02,2025-12-02,Practice,1,15,12,80.0,0
AS01464,L066,SCI02,2025-12-15,Practice,1,19,14,73.7,0
AS01465,L066,SCI02,2025-12-20,Practice,1,17,13,76.5,0
AS01466,L066,SCI02,2026-02-18,Quiz,1,20,16,80.0,0
AS01467,L066,SCI02,2026-03-18,Quiz,1,11,9,81.8,0
AS01468,L066,SCI02,2026-05-14,Quiz,1,10,8,80.0,0
AS01469,L067,MATH01,2025-09-01,Quiz,2,15,11,73.3,1
AS01470,L067,MATH01,2025-09-28,Practice,1,16,12,75.0,0
AS01471,L067,MATH01,2025-10-20,Test,2,11,8,72.7,1
AS01472,L067,MATH01,2025-11-21,Quiz,2,10,7,70.0,1
AS01473,L067,MATH01,2026-02-03,Practice,1,11,8,72.7,0
AS01474,L067,MATH01,2026-03-15,Quiz,1,17,12,70.6,0
AS01475,L067,MATH01,2026-04-16,Test,1,11,8,72.7,0
AS01476,L067,MATH01,2026-06-18,Practice,1,20,16,80.0,0
AS01477,L067,ELA01,2025-09-08,Quiz,2,18,14,77.8,1
AS01478,L067,ELA01,2025-10-15,Test,1,19,14,73.7,0
AS01479,L067,ELA01,2025-10-28,Practice,2,12,8,66.7,1
AS01480,L067,ELA01,2025-12-30,Quiz,1,20,14,70.0,0
AS01481,L067,ELA01,2026-04-22,Practice,1,17,13,76.5,0
AS01482,L067,ELA01,2026-06-24,Quiz,2,16,12,75.0,1
AS01483,L067,ELA01,2026-08-22,Test,1,19,14,73.7,0
AS01484,L067,SCI01,2025-12-13,Quiz,1,10,8,80.0,0
AS01485,L067,SCI01,2026-01-15,Quiz,1,13,10,76.9,0
AS01486,L067,SCI01,2026-01-22,Test,2,20,14,70.0,1
AS01487,L067,SCI01,2026-01-23,Test,1,16,12,75.0,0
AS01488,L067,SCI01,2026-05-04,Test,1,17,13,76.5,0
AS01489,L067,SCI01,2026-08-30,Quiz,2,10,7,70.0,1
AS01490,L068,ELA04,2025-11-23,Test,1,18,15,83.3,0
AS01491,L068,ELA04,2026-03-10,Quiz,1,20,17,85.0,0
AS01492,L068,ELA04,2026-03-11,Practice,1,19,16,84.2,0
AS01493,L068,ELA04,2026-04-22,Quiz,1,15,13,86.7,0
AS01494,L068,ELA04,2026-04-30,Practice,1,20,17,85.0,0
AS01495,L068,ELA04,2026-06-06,Practice,1,20,16,80.0,0
AS01496,L068,ELA04,2026-06-10,Practice,2,16,14,87.5,1
AS01497,L068,ELA04,2026-08-04,Practice,1,12,10,83.3,0
AS01498,L068,SCI03,2025-09-22,Test,1,19,16,84.2,0
AS01499,L068,SCI03,2025-11-14,Test,1,12,10,83.3,0
AS01500,L068,SCI03,2025-11-24,Quiz,1,12,10,83.3,0
AS01501,L068,SCI03,2026-02-23,Practice,2,16,14,87.5,1
AS01502,L068,SCI03,2026-04-19,Test,1,11,10,90.9,0
AS01503,L068,SCI03,2026-05-18,Test,1,10,8,80.0,0
AS01504,L068,SCI03,2026-06-04,Test,1,10,9,90.0,0
AS01505,L068,SCI03,2026-07-18,Test,1,20,17,85.0,0
AS01506,L068,SCI03,2026-08-15,Practice,1,13,12,92.3,0
AS01507,L068,READ01,2025-10-30,Practice,1,19,16,84.2,0
AS01508,L068,READ01,2025-12-22,Test,1,11,10,90.9,0
AS01509,L068,READ01,2026-02-14,Test,1,17,14,82.4,0
AS01510,L068,READ01,2026-03-11,Test,1,13,11,84.6,0
AS01511,L068,READ01,2026-03-21,Quiz,1,11,10,90.9,0
AS01512,L068,READ01,2026-03-22,Practice,1,14,12,85.7,0
AS01513,L068,READ01,2026-05-26,Test,1,14,12,85.7,0
AS01514,L068,READ01,2026-06-08,Quiz,2,20,17,85.0,1
AS01515,L068,READ01,2026-08-03,Practice,2,10,9,90.0,1
AS01516,L069,SCI02,2025-10-05,Practice,1,17,11,64.7,0
AS01517,L069,SCI02,2025-10-07,Quiz,1,15,8,53.3,0
AS01518,L069,SCI02,2025-12-05,Practice,2,19,12,63.2,1
AS01519,L069,SCI02,2025-12-16,Practice,2,15,9,60.0,1
AS01520,L069,SCI02,2026-01-08,Practice,1,19,10,52.6,0
AS01521,L069,SCI02,2026-08-15,Quiz,1,20,12,60.0,0
AS01522,L069,ELA03,2025-09-16,Practice,1,18,10,55.6,0
AS01523,L069,ELA03,2025-09-17,Practice,1,19,10,52.6,0
AS01524,L069,ELA03,2026-01-09,Quiz,2,20,11,55.0,1
AS01525,L069,ELA03,2026-02-11,Practice,2,16,9,56.2,1
AS01526,L069,ELA03,2026-02-27,Test,3,11,6,54.5,2
AS01527,L069,ELA03,2026-03-16,Test,3,11,6,54.5,2
AS01528,L069,ELA03,2026-05-01,Practice,1,20,12,60.0,0
AS01529,L069,ELA03,2026-05-14,Quiz,1,16,9,56.2,0
AS01530,L069,ELA03,2026-08-25,Quiz,1,19,12,63.2,0
AS01531,L069,MATH03,2025-10-19,Test,1,10,6,60.0,0
AS01532,L069,MATH03,2025-12-20,Test,1,20,12,60.0,0
AS01533,L069,MATH03,2026-02-06,Quiz,2,17,10,58.8,1
AS01534,L069,MATH03,2026-03-30,Test,2,17,10,58.8,1
AS01535,L069,MATH03,2026-04-20,Test,1,16,9,56.2,0
AS01536,L069,MATH03,2026-06-10,Practice,1,20,12,60.0,0
AS01537,L069,MATH03,2026-07-12,Test,2,19,12,63.2,1
AS01538,L069,MATH03,2026-08-27,Practice,3,17,9,52.9,2
AS01539,L070,ELA04,2025-09-21,Quiz,1,12,9,75.0,0
AS01540,L070,ELA04,2025-10-27,Quiz,1,13,10,76.9,0
AS01541,L070,ELA04,2025-11-23,Test,1,10,8,80.0,0
AS01542,L070,ELA04,2026-01-27,Practice,1,20,15,75.0,0
AS01543,L070,ELA04,2026-02-17,Quiz,1,10,8,80.0,0
AS01544,L070,ELA04,2026-04-07,Test,1,15,13,86.7,0
AS01545,L070,ELA04,2026-07-05,Practice,1,17,14,82.4,0
AS01546,L070,ELA04,2026-08-18,Quiz,1,11,9,81.8,0
AS01547,L070,READ01,2025-09-13,Test,2,16,13,81.2,1
AS01548,L070,READ01,2026-03-07,Quiz,1,15,13,86.7,0
AS01549,L070,READ01,2026-04-13,Practice,1,16,14,87.5,0
AS01550,L070,READ01,2026-05-13,Practice,1,16,14,87.5,0
AS01551,L070,READ01,2026-06-16,Practice,2,11,9,81.8,1
AS01552,L070,READ01,2026-07-07,Practice,1,20,16,80.0,0
AS01553,L070,READ01,2026-08-24,Quiz,1,18,16,88.9,0
AS01554,L070,MATH04,2025-09-13,Test,1,13,10,76.9,0
AS01555,L070,MATH04,2025-10-15,Practice,1,15,12,80.0,0
AS01556,L070,MATH04,2025-11-22,Test,1,11,9,81.8,0
AS01557,L070,MATH04,2025-12-05,Quiz,1,12,10,83.3,0
AS01558,L070,MATH04,2026-06-20,Quiz,2,18,15,83.3,1
AS01559,L070,MATH04,2026-08-07,Test,1,12,10,83.3,0
AS01560,L071,ELA04,2025-09-06,Practice,1,19,16,84.2,0
AS01561,L071,ELA04,2025-09-07,Quiz,1,12,10,83.3,0
AS01562,L071,ELA04,2025-10-01,Quiz,1,17,13,76.5,0
AS01563,L071,ELA04,2025-10-28,Practice,1,20,15,75.0,0
AS01564,L071,ELA04,2026-01-15,Practice,2,13,12,92.3,1
AS01565,L071,ELA04,2026-03-10,Test,1,18,14,77.8,0
AS01566,L071,ELA04,2026-05-20,Quiz,1,11,10,90.9,0
AS01567,L071,ELA04,2026-05-27,Quiz,1,18,16,88.9,0
AS01568,L071,ELA04,2026-08-07,Quiz,1,17,15,88.2,0
AS01569,L071,READ01,2025-12-25,Practice,2,16,13,81.2,1
AS01570,L071,READ01,2026-01-05,Practice,1,10,8,80.0,0
AS01571,L071,READ01,2026-01-13,Test,1,10,8,80.0,0
AS01572,L071,READ01,2026-03-05,Test,1,15,13,86.7,0
AS01573,L071,READ01,2026-03-31,Quiz,1,13,12,92.3,0
AS01574,L071,READ01,2026-07-18,Test,1,17,14,82.4,0
AS01575,L071,READ01,2026-07-18,Test,1,16,13,81.2,0
AS01576,L071,SCI03,2025-10-09,Quiz,2,19,16,84.2,1
AS01577,L071,SCI03,2026-01-02,Quiz,2,18,15,83.3,1
AS01578,L071,SCI03,2026-01-26,Practice,2,20,17,85.0,1
AS01579,L071,SCI03,2026-04-10,Test,1,16,14,87.5,0
AS01580,L071,SCI03,2026-05-13,Test,1,15,13,86.7,0
AS01581,L071,SCI03,2026-05-25,Practice,1,19,16,84.2,0
AS01582,L071,SCI03,2026-07-04,Practice,1,17,16,94.1,0
AS01583,L072,SCI02,2025-10-17,Quiz,1,18,15,83.3,0
AS01584,L072,SCI02,2026-02-20,Practice,1,14,12,85.7,0
AS01585,L072,SCI02,2026-02-23,Quiz,1,14,11,78.6,0
AS01586,L072,SCI02,2026-04-29,Practice,1,15,13,86.7,0
AS01587,L072,SCI02,2026-05-09,Practice,1,13,11,84.6,0
AS01588,L072,SCI02,2026-05-31,Practice,2,14,11,78.6,1
AS01589,L072,SCI02,2026-08-21,Practice,1,18,15,83.3,0
AS01590,L072,ELA03,2025-11-11,Test,2,14,11,78.6,1
AS01591,L072,ELA03,2025-12-06,Test,1,15,11,73.3,0
AS01592,L072,ELA03,2026-04-06,Practice,1,15,12,80.0,0
AS01593,L072,ELA03,2026-07-04,Quiz,1,19,16,84.2,0
AS01594,L072,ELA03,2026-07-11,Quiz,1,14,12,85.7,0
AS01595,L072,ELA03,2026-08-04,Practice,1,19,16,84.2,0
AS01596,L072,ELA03,2026-08-09,Practice,1,12,10,83.3,0
AS01597,L072,ELA03,2026-08-19,Practice,1,15,14,93.3,0
AS01598,L072,MATH03,2025-10-07,Practice,2,14,11,78.6,1
AS01599,L072,MATH03,2025-11-14,Quiz,1,18,15,83.3,0
AS01600,L072,MATH03,2026-01-09,Practice,1,11,9,81.8,0
AS01601,L072,MATH03,2026-02-22,Test,1,17,13,76.5,0
AS01602,L072,MATH03,2026-04-24,Test,1,19,16,84.2,0
AS01603,L072,MATH03,2026-06-03,Practice,1,19,15,78.9,0
AS01604,L072,MATH03,2026-06-18,Test,1,10,8,80.0,0
AS01605,L072,MATH03,2026-07-08,Practice,1,17,14,82.4,0
AS01606,L073,ELA02,2025-09-22,Test,2,11,7,63.6,1
AS01607,L073,ELA02,2025-09-28,Quiz,2,18,12,66.7,1
AS01608,L073,ELA02,2025-11-01,Quiz,2,20,12,60.0,1
AS01609,L073,ELA02,2025-11-02,Quiz,1,20,12,60.0,0
AS01610,L073,ELA02,2025-11-11,Test,2,11,7,63.6,1
AS01611,L073,ELA02,2025-12-02,Quiz,2,14,10,71.4,1
AS01612,L073,ELA02,2026-02-08,Test,2,13,8,61.5,1
AS01613,L073,ELA02,2026-03-05,Test,1,19,13,68.4,0
AS01614,L073,ELA02,2026-03-18,Quiz,1,15,10,66.7,0
AS01615,L073,MATH03,2025-11-27,Quiz,2,13,8,61.5,1
AS01616,L073,MATH03,2025-12-22,Test,2,12,8,66.7,1
AS01617,L073,MATH03,2026-02-10,Practice,1,19,13,68.4,0
AS01618,L073,MATH03,2026-03-16,Quiz,2,17,11,64.7,1
AS01619,L073,MATH03,2026-06-11,Practice,2,16,10,62.5,1
AS01620,L073,MATH03,2026-06-27,Quiz,2,19,13,68.4,1
AS01621,L073,READ01,2025-09-02,Practice,1,19,13,68.4,0
AS01622,L073,READ01,2025-10-25,Quiz,2,17,11,64.7,1
AS01623,L073,READ01,2026-01-01,Practice,2,11,7,63.6,1
AS01624,L073,READ01,2026-01-22,Practice,2,17,11,64.7,1
AS01625,L073,READ01,2026-02-05,Quiz,1,19,12,63.2,0
AS01626,L073,READ01,2026-04-11,Quiz,1,18,12,66.7,0
AS01627,L073,READ01,2026-08-10,Test,1,20,14,70.0,0
AS01628,L074,ELA02,2025-09-11,Test,1,13,10,76.9,0
AS01629,L074,ELA02,2026-02-12,Test,1,11,9,81.8,0
AS01630,L074,ELA02,2026-03-18,Practice,1,20,15,75.0,0
AS01631,L074,ELA02,2026-04-15,Practice,1,13,11,84.6,0
AS01632,L074,ELA02,2026-05-14,Test,2,16,12,75.0,1
AS01633,L074,ELA02,2026-05-18,Practice,1,14,11,78.6,0
AS01634,L074,ELA02,2026-07-08,Quiz,1,19,14,73.7,0
AS01635,L074,ELA02,2026-07-13,Quiz,1,20,15,75.0,0
AS01636,L074,SCI02,2025-09-12,Practice,2,16,13,81.2,1
AS01637,L074,SCI02,2026-02-24,Quiz,1,17,14,82.4,0
AS01638,L074,SCI02,2026-03-04,Quiz,1,16,13,81.2,0
AS01639,L074,SCI02,2026-03-19,Practice,1,14,11,78.6,0
AS01640,L074,SCI02,2026-04-20,Quiz,2,17,13,76.5,1
AS01641,L074,SCI02,2026-06-20,Test,1,19,15,78.9,0
AS01642,L074,READ01,2025-09-19,Test,2,12,9,75.0,1
AS01643,L074,READ01,2025-09-25,Quiz,2,18,15,83.3,1
AS01644,L074,READ01,2025-10-17,Practice,1,18,15,83.3,0
AS01645,L074,READ01,2025-12-27,Practice,2,12,9,75.0,1
AS01646,L074,READ01,2026-03-06,Quiz,1,14,11,78.6,0
AS01647,L074,READ01,2026-03-15,Quiz,1,13,10,76.9,0
AS01648,L074,READ01,2026-08-29,Quiz,2,18,13,72.2,1
AS01649,L075,MATH04,2025-11-30,Quiz,1,16,13,81.2,0
AS01650,L075,MATH04,2026-01-26,Quiz,1,10,7,70.0,0
AS01651,L075,MATH04,2026-04-29,Quiz,1,19,13,68.4,0
AS01652,L075,MATH04,2026-06-08,Quiz,1,11,9,81.8,0
AS01653,L075,MATH04,2026-06-21,Practice,2,18,14,77.8,1
AS01654,L075,MATH04,2026-08-02,Test,1,18,14,77.8,0
AS01655,L075,ELA04,2025-09-05,Quiz,1,14,12,85.7,0
AS01656,L075,ELA04,2025-11-18,Quiz,1,18,14,77.8,0
AS01657,L075,ELA04,2025-11-27,Quiz,2,16,12,75.0,1
AS01658,L075,ELA04,2025-12-05,Quiz,2,17,13,76.5,1
AS01659,L075,ELA04,2026-01-04,Practice,1,13,10,76.9,0
AS01660,L075,ELA04,2026-02-14,Practice,1,19,15,78.9,0
AS01661,L075,ELA04,2026-06-01,Test,1,13,10,76.9,0
AS01662,L075,READ01,2025-09-22,Practice,2,16,12,75.0,1
AS01663,L075,READ01,2025-10-05,Practice,1,17,13,76.5,0
AS01664,L075,READ01,2025-11-22,Test,1,20,14,70.0,0
AS01665,L075,READ01,2026-01-06,Test,1,18,14,77.8,0
AS01666,L075,READ01,2026-07-08,Test,1,17,14,82.4,0
AS01667,L075,READ01,2026-07-25,Test,1,15,12,80.0,0
AS01668,L076,ELA02,2025-09-19,Practice,1,11,9,81.8,0
AS01669,L076,ELA02,2025-11-04,Practice,1,14,12,85.7,0
AS01670,L076,ELA02,2025-11-25,Practice,1,16,14,87.5,0
AS01671,L076,ELA02,2025-12-15,Quiz,1,10,8,80.0,0
AS01672,L076,ELA02,2026-01-07,Test,1,10,9,90.0,0
AS01673,L076,ELA02,2026-03-28,Test,1,12,10,83.3,0
AS01674,L076,ELA02,2026-05-14,Practice,1,12,10,83.3,0
AS01675,L076,ELA02,2026-05-16,Quiz,1,16,14,87.5,0
AS01676,L076,ELA02,2026-05-27,Practice,1,13,12,92.3,0
AS01677,L076,MATH02,2025-11-06,Quiz,1,10,8,80.0,0
AS01678,L076,MATH02,2025-12-14,Practice,1,20,17,85.0,0
AS01679,L076,MATH02,2026-03-10,Practice,2,15,13,86.7,1
AS01680,L076,MATH02,2026-03-24,Practice,1,16,15,93.8,0
AS01681,L076,MATH02,2026-04-01,Practice,1,11,9,81.8,0
AS01682,L076,MATH02,2026-04-26,Quiz,1,18,15,83.3,0
AS01683,L076,MATH02,2026-04-27,Practice,2,17,14,82.4,1
AS01684,L076,MATH02,2026-04-27,Test,1,13,12,92.3,0
AS01685,L076,MATH02,2026-08-31,Quiz,2,12,10,83.3,1
AS01686,L076,READ01,2025-09-13,Quiz,1,20,17,85.0,0
AS01687,L076,READ01,2025-10-01,Test,1,17,13,76.5,0
AS01688,L076,READ01,2025-12-21,Practice,1,17,15,88.2,0
AS01689,L076,READ01,2026-01-17,Test,1,14,12,85.7,0
AS01690,L076,READ01,2026-05-19,Practice,1,19,17,89.5,0
AS01691,L076,READ01,2026-06-15,Test,1,17,14,82.4,0
AS01692,L076,READ01,2026-08-31,Test,1,10,9,90.0,0
AS01693,L077,SCI01,2025-11-18,Quiz,2,14,9,64.3,1
AS01694,L077,SCI01,2026-02-17,Practice,1,11,8,72.7,0
AS01695,L077,SCI01,2026-03-13,Quiz,2,16,11,68.8,1
AS01696,L077,SCI01,2026-04-14,Quiz,2,14,10,71.4,1
AS01697,L077,SCI01,2026-07-23,Quiz,1,13,9,69.2,0
AS01698,L077,SCI01,2026-08-05,Quiz,1,16,11,68.8,0
AS01699,L077,READ01,2025-09-01,Quiz,1,17,10,58.8,0
AS01700,L077,READ01,2025-09-20,Quiz,1,17,12,70.6,0
AS01701,L077,READ01,2025-10-04,Quiz,1,20,14,70.0,0
AS01702,L077,READ01,2025-11-23,Practice,1,20,13,65.0,0
AS01703,L077,READ01,2025-12-17,Practice,1,19,12,63.2,0
AS01704,L077,READ01,2026-01-09,Practice,1,17,12,70.6,0
AS01705,L077,READ01,2026-01-14,Test,1,19,14,73.7,0
AS01706,L077,READ01,2026-06-08,Practice,1,15,11,73.3,0
AS01707,L077,READ01,2026-06-18,Test,2,18,12,66.7,1
AS01708,L077,MATH01,2025-09-12,Test,2,18,11,61.1,1
AS01709,L077,MATH01,2025-12-25,Test,2,16,11,68.8,1
AS01710,L077,MATH01,2026-01-04,Practice,1,14,10,71.4,0
AS01711,L077,MATH01,2026-01-18,Test,1,11,7,63.6,0
AS01712,L077,MATH01,2026-02-16,Quiz,1,13,9,69.2,0
AS01713,L077,MATH01,2026-04-11,Quiz,1,13,9,69.2,0
AS01714,L077,MATH01,2026-05-06,Test,1,11,8,72.7,0
AS01715,L077,MATH01,2026-07-02,Practice,1,15,10,66.7,0
AS01716,L078,SCI03,2025-10-12,Quiz,1,11,8,72.7,0
AS01717,L078,SCI03,2025-11-23,Practice,1,16,12,75.0,0
AS01718,L078,SCI03,2026-01-03,Quiz,1,12,9,75.0,0
AS01719,L078,SCI03,2026-02-01,Quiz,1,15,12,80.0,0
AS01720,L078,SCI03,2026-02-17,Practice,2,14,10,71.4,1
AS01721,L078,SCI03,2026-05-05,Practice,1,16,13,81.2,0
AS01722,L078,SCI03,2026-06-18,Practice,1,16,13,81.2,0
AS01723,L078,SCI03,2026-07-17,Quiz,1,13,10,76.9,0
AS01724,L078,SCI03,2026-08-06,Practice,1,15,12,80.0,0
AS01725,L078,MATH04,2025-09-05,Test,1,11,8,72.7,0
AS01726,L078,MATH04,2025-10-13,Quiz,1,20,16,80.0,0
AS01727,L078,MATH04,2025-10-13,Quiz,1,10,8,80.0,0
AS01728,L078,MATH04,2025-10-13,Practice,2,12,9,75.0,1
AS01729,L078,MATH04,2025-10-22,Test,1,20,16,80.0,0
AS01730,L078,MATH04,2025-11-16,Quiz,1,15,11,73.3,0
AS01731,L078,MATH04,2026-04-08,Practice,1,10,8,80.0,0
AS01732,L078,MATH04,2026-05-11,Test,2,15,12,80.0,1
AS01733,L078,MATH04,2026-06-04,Test,1,11,8,72.7,0
AS01734,L078,ELA04,2025-10-26,Test,2,19,14,73.7,1
AS01735,L078,ELA04,2025-11-27,Practice,1,11,9,81.8,0
AS01736,L078,ELA04,2025-12-08,Test,2,12,9,75.0,1
AS01737,L078,ELA04,2026-01-15,Test,2,14,10,71.4,1
AS01738,L078,ELA04,2026-03-20,Test,2,18,12,66.7,1
AS01739,L078,ELA04,2026-05-10,Quiz,1,13,10,76.9,0
AS01740,L079,READ01,2025-11-23,Practice,1,14,12,85.7,0
AS01741,L079,READ01,2026-02-04,Quiz,1,16,15,93.8,0
AS01742,L079,READ01,2026-02-21,Quiz,1,14,13,92.9,0
AS01743,L079,READ01,2026-03-03,Test,1,13,12,92.3,0
AS01744,L079,READ01,2026-04-20,Quiz,2,12,12,100.0,1
AS01745,L079,READ01,2026-05-01,Quiz,1,19,19,100.0,0
AS01746,L079,READ01,2026-05-19,Quiz,1,11,11,100.0,0
AS01747,L079,READ01,2026-08-07,Practice,1,12,12,100.0,0
AS01748,L079,READ01,2026-08-22,Test,1,15,14,93.3,0
AS01749,L079,ELA01,2025-11-02,Practice,1,18,15,83.3,0
AS01750,L079,ELA01,2026-03-29,Test,1,13,12,92.3,0
AS01751,L079,ELA01,2026-04-11,Practice,1,10,9,90.0,0
AS01752,L079,ELA01,2026-05-05,Quiz,1,13,12,92.3,0
AS01753,L079,ELA01,2026-07-27,Practice,1,10,9,90.0,0
AS01754,L079,ELA01,2026-08-09,Practice,1,16,15,93.8,0
AS01755,L079,ELA01,2026-08-10,Practice,1,17,16,94.1,0
AS01756,L079,SCI01,2025-11-08,Quiz,2,12,11,91.7,1
AS01757,L079,SCI01,2026-02-09,Practice,1,14,14,100.0,0
AS01758,L079,SCI01,2026-02-15,Quiz,1,15,14,93.3,0
AS01759,L079,SCI01,2026-04-05,Practice,1,13,12,92.3,0
AS01760,L079,SCI01,2026-04-19,Test,1,14,14,100.0,0
AS01761,L079,SCI01,2026-06-18,Quiz,1,12,11,91.7,0
AS01762,L079,SCI01,2026-08-04,Practice,1,20,19,95.0,0
AS01763,L079,SCI01,2026-08-29,Quiz,1,19,18,94.7,0
AS01764,L080,READ01,2025-11-15,Test,1,20,15,75.0,0
AS01765,L080,READ01,2025-12-13,Practice,2,18,13,72.2,1
AS01766,L080,READ01,2025-12-18,Test,1,18,13,72.2,0
AS01767,L080,READ01,2026-02-18,Test,2,19,14,73.7,1
AS01768,L080,READ01,2026-05-06,Test,1,10,8,80.0,0
AS01769,L080,READ01,2026-05-15,Test,1,19,14,73.7,0
AS01770,L080,SCI03,2025-09-10,Test,1,16,12,75.0,0
AS01771,L080,SCI03,2025-09-23,Practice,2,19,13,68.4,1
AS01772,L080,SCI03,2025-10-03,Practice,2,19,14,73.7,1
AS01773,L080,SCI03,2026-01-24,Quiz,1,14,11,78.6,0
AS01774,L080,SCI03,2026-02-18,Test,1,13,10,76.9,0
AS01775,L080,SCI03,2026-03-28,Quiz,1,14,11,78.6,0
AS01776,L080,SCI03,2026-05-01,Quiz,2,18,14,77.8,1
AS01777,L080,SCI03,2026-06-29,Quiz,1,17,14,82.4,0
AS01778,L080,SCI03,2026-07-19,Quiz,2,16,12,75.0,1
AS01779,L080,ELA04,2025-09-09,Test,2,20,14,70.0,1
AS01780,L080,ELA04,2026-02-04,Test,1,13,10,76.9,0
AS01781,L080,ELA04,2026-04-02,Quiz,1,14,10,71.4,0
AS01782,L080,ELA04,2026-05-15,Practice,1,16,12,75.0,0
AS01783,L080,ELA04,2026-06-02,Quiz,1,12,9,75.0,0
AS01784,L080,ELA04,2026-06-07,Quiz,1,10,7,70.0,0
AS01785,L080,ELA04,2026-07-05,Practice,1,15,12,80.0,0
AS01786,L080,ELA04,2026-07-25,Test,2,10,8,80.0,1
AS01787,L081,READ01,2025-11-22,Practice,1,13,9,69.2,0
AS01788,L081,READ01,2025-11-26,Practice,1,11,7,63.6,0
AS01789,L081,READ01,2026-01-10,Test,1,14,9,64.3,0
AS01790,L081,READ01,2026-01-28,Quiz,1,18,12,66.7,0
AS01791,L081,READ01,2026-04-01,Quiz,1,12,8,66.7,0
AS01792,L081,READ01,2026-04-07,Practice,2,13,9,69.2,1
AS01793,L081,READ01,2026-08-03,Practice,2,12,9,75.0,1
AS01794,L081,READ01,2026-08-10,Test,2,15,10,66.7,1
AS01795,L081,MATH01,2025-10-13,Quiz,2,15,10,66.7,1
AS01796,L081,MATH01,2025-10-18,Test,1,18,12,66.7,0
AS01797,L081,MATH01,2025-11-02,Test,1,10,7,70.0,0
AS01798,L081,MATH01,2026-01-21,Quiz,1,11,8,72.7,0
AS01799,L081,MATH01,2026-03-02,Test,1,12,8,66.7,0
AS01800,L081,MATH01,2026-05-05,Test,2,18,13,72.2,1
AS01801,L081,MATH01,2026-05-20,Practice,2,15,11,73.3,1
AS01802,L081,MATH01,2026-07-12,Test,2,16,10,62.5,1
AS01803,L081,MATH01,2026-08-09,Quiz,2,16,11,68.8,1
AS01804,L081,ELA01,2025-10-05,Quiz,1,15,9,60.0,0
AS01805,L081,ELA01,2025-12-26,Quiz,2,10,7,70.0,1
AS01806,L081,ELA01,2026-03-18,Quiz,1,10,7,70.0,0
AS01807,L081,ELA01,2026-04-23,Test,1,20,13,65.0,0
AS01808,L081,ELA01,2026-05-12,Quiz,1,15,10,66.7,0
AS01809,L081,ELA01,2026-06-13,Quiz,1,15,11,73.3,0
AS01810,L081,ELA01,2026-06-28,Test,1,12,8,66.7,0
AS01811,L081,ELA01,2026-08-03,Quiz,1,18,13,72.2,0
AS01812,L081,ELA01,2026-08-24,Practice,2,19,13,68.4,1
AS01813,L082,READ01,2025-09-17,Quiz,1,16,13,81.2,0
AS01814,L082,READ01,2025-11-01,Test,1,10,8,80.0,0
AS01815,L082,READ01,2026-01-04,Practice,1,12,10,83.3,0
AS01816,L082,READ01,2026-02-07,Practice,2,12,9,75.0,1
AS01817,L082,READ01,2026-02-10,Practice,1,11,8,72.7,0
AS01818,L082,READ01,2026-06-02,Test,1,11,8,72.7,0
AS01819,L082,READ01,2026-07-17,Quiz,1,14,10,71.4,0
AS01820,L082,READ01,2026-07-24,Test,1,14,12,85.7,0
AS01821,L082,ELA04,2025-10-22,Practice,2,11,9,81.8,1
AS01822,L082,ELA04,2025-11-10,Quiz,1,15,13,86.7,0
AS01823,L082,ELA04,2026-03-05,Test,1,12,9,75.0,0
AS01824,L082,ELA04,2026-05-27,Practice,1,11,9,81.8,0
AS01825,L082,ELA04,2026-07-04,Test,1,14,11,78.6,0
AS01826,L082,ELA04,2026-07-06,Quiz,1,18,15,83.3,0
AS01827,L082,MATH04,2025-09-21,Practice,1,11,9,81.8,0
AS01828,L082,MATH04,2025-10-22,Quiz,1,10,8,80.0,0
AS01829,L082,MATH04,2026-01-31,Practice,2,19,17,89.5,1
AS01830,L082,MATH04,2026-02-07,Practice,1,10,9,90.0,0
AS01831,L082,MATH04,2026-03-26,Practice,1,16,13,81.2,0
AS01832,L082,MATH04,2026-04-04,Test,1,12,9,75.0,0
AS01833,L082,MATH04,2026-06-10,Quiz,2,13,11,84.6,1
AS01834,L082,MATH04,2026-08-03,Test,1,12,10,83.3,0
AS01835,L083,READ01,2025-09-09,Test,1,12,8,66.7,0
AS01836,L083,READ01,2025-11-04,Practice,2,18,12,66.7,1
AS01837,L083,READ01,2025-12-21,Practice,1,10,7,70.0,0
AS01838,L083,READ01,2026-04-29,Quiz,1,19,13,68.4,0
AS01839,L083,READ01,2026-07-20,Quiz,1,17,13,76.5,0
AS01840,L083,READ01,2026-08-29,Test,2,16,12,75.0,1
AS01841,L083,ELA04,2025-11-09,Test,2,14,10,71.4,1
AS01842,L083,ELA04,2025-12-08,Practice,1,11,7,63.6,0
AS01843,L083,ELA04,2026-01-28,Quiz,1,20,15,75.0,0
AS01844,L083,ELA04,2026-02-24,Quiz,2,11,7,63.6,1
AS01845,L083,ELA04,2026-03-27,Test,1,14,9,64.3,0
AS01846,L083,ELA04,2026-03-30,Test,1,12,8,66.7,0
AS01847,L083,ELA04,2026-05-29,Quiz,1,11,8,72.7,0
AS01848,L083,ELA04,2026-06-24,Quiz,1,12,8,66.7,0
AS01849,L083,ELA04,2026-06-30,Test,1,13,9,69.2,0
AS01850,L083,SCI03,2025-10-28,Quiz,2,19,13,68.4,1
AS01851,L083,SCI03,2025-11-08,Quiz,1,11,8,72.7,0
AS01852,L083,SCI03,2025-12-21,Quiz,2,16,11,68.8,1
AS01853,L083,SCI03,2026-01-20,Test,2,17,12,70.6,1
AS01854,L083,SCI03,2026-03-22,Practice,1,20,15,75.0,0
AS01855,L083,SCI03,2026-08-17,Practice,1,15,11,73.3,0
AS01856,L084,SCI03,2025-11-14,Test,1,13,10,76.9,0
AS01857,L084,SCI03,2025-12-13,Practice,1,13,10,76.9,0
AS01858,L084,SCI03,2025-12-15,Quiz,2,16,12,75.0,1
AS01859,L084,SCI03,2026-02-28,Quiz,1,16,13,81.2,0
AS01860,L084,SCI03,2026-03-19,Test,1,10,8,80.0,0
AS01861,L084,SCI03,2026-04-16,Quiz,2,14,11,78.6,1
AS01862,L084,SCI03,2026-07-23,Practice,2,14,11,78.6,1
AS01863,L084,SCI03,2026-08-06,Quiz,1,12,9,75.0,0
AS01864,L084,MATH04,2025-10-04,Practice,1,13,9,69.2,0
AS01865,L084,MATH04,2025-12-24,Practice,1,17,13,76.5,0
AS01866,L084,MATH04,2026-02-03,Practice,1,12,9,75.0,0
AS01867,L084,MATH04,2026-02-26,Quiz,2,12,9,75.0,1
AS01868,L084,MATH04,2026-04-19,Quiz,1,20,16,80.0,0
AS01869,L084,MATH04,2026-04-21,Quiz,1,18,14,77.8,0
AS01870,L084,MATH04,2026-05-30,Practice,1,11,9,81.8,0
AS01871,L084,MATH04,2026-06-28,Quiz,2,18,14,77.8,1
AS01872,L084,MATH04,2026-07-27,Test,1,14,11,78.6,0
AS01873,L084,READ01,2025-09-11,Test,1,13,9,69.2,0
AS01874,L084,READ01,2025-10-03,Test,1,18,14,77.8,0
AS01875,L084,READ01,2025-10-25,Test,1,18,14,77.8,0
AS01876,L084,READ01,2026-01-02,Quiz,1,17,13,76.5,0
AS01877,L084,READ01,2026-01-08,Practice,1,12,10,83.3,0
AS01878,L084,READ01,2026-01-23,Practice,1,18,14,77.8,0
AS01879,L084,READ01,2026-03-26,Quiz,1,10,8,80.0,0
AS01880,L084,READ01,2026-06-18,Test,1,11,9,81.8,0
AS01881,L085,MATH01,2025-12-12,Quiz,1,19,18,94.7,0
AS01882,L085,MATH01,2026-01-07,Quiz,1,16,15,93.8,0
AS01883,L085,MATH01,2026-01-18,Practice,1,13,13,100.0,0
AS01884,L085,MATH01,2026-03-25,Quiz,1,15,14,93.3,0
AS01885,L085,MATH01,2026-06-28,Quiz,1,18,18,100.0,0
AS01886,L085,MATH01,2026-07-06,Quiz,1,16,15,93.8,0
AS01887,L085,MATH01,2026-07-19,Quiz,1,11,11,100.0,0
AS01888,L085,MATH01,2026-08-09,Quiz,1,13,13,100.0,0
AS01889,L085,MATH01,2026-08-23,Test,1,13,13,100.0,0
AS01890,L085,SCI01,2025-10-23,Quiz,1,13,12,92.3,0
AS01891,L085,SCI01,2025-11-09,Test,1,10,10,100.0,0
AS01892,L085,SCI01,2025-12-23,Practice,1,16,15,93.8,0
AS01893,L085,SCI01,2026-04-14,Practice,1,20,18,90.0,0
AS01894,L085,SCI01,2026-06-08,Quiz,2,13,12,92.3,1
AS01895,L085,SCI01,2026-08-15,Practice,1,19,19,100.0,0
AS01896,L085,READ01,2025-09-23,Practice,1,10,10,100.0,0
AS01897,L085,READ01,2025-11-25,Practice,1,13,12,92.3,0
AS01898,L085,READ01,2026-01-20,Test,2,11,11,100.0,1
AS01899,L085,READ01,2026-05-02,Practice,1,13,13,100.0,0
AS01900,L085,READ01,2026-06-05,Practice,1,10,9,90.0,0
AS01901,L085,READ01,2026-08-03,Test,1,15,15,100.0,0
AS01902,L085,READ01,2026-08-19,Quiz,2,12,11,91.7,1
AS01903,L086,ELA04,2025-11-20,Quiz,1,10,7,70.0,0
AS01904,L086,ELA04,2025-11-28,Practice,2,13,10,76.9,1
AS01905,L086,ELA04,2025-12-08,Practice,2,17,13,76.5,1
AS01906,L086,ELA04,2025-12-29,Quiz,1,13,9,69.2,0
AS01907,L086,ELA04,2026-01-19,Test,1,11,9,81.8,0
AS01908,L086,ELA04,2026-08-08,Practice,1,13,10,76.9,0
AS01909,L086,READ01,2025-09-04,Test,1,10,7,70.0,0
AS01910,L086,READ01,2025-10-03,Quiz,2,16,11,68.8,1
AS01911,L086,READ01,2025-11-18,Practice,2,13,9,69.2,1
AS01912,L086,READ01,2025-11-21,Test,1,11,8,72.7,0
AS01913,L086,READ01,2025-11-27,Test,2,12,8,66.7,1
AS01914,L086,READ01,2026-03-11,Test,1,18,13,72.2,0
AS01915,L086,READ01,2026-03-13,Test,1,19,14,73.7,0
AS01916,L086,READ01,2026-05-01,Quiz,1,15,11,73.3,0
AS01917,L086,READ01,2026-08-19,Test,1,19,13,68.4,0
AS01918,L086,MATH04,2025-11-28,Test,1,14,10,71.4,0
AS01919,L086,MATH04,2026-01-21,Practice,2,10,7,70.0,1
AS01920,L086,MATH04,2026-02-09,Practice,1,16,11,68.8,0
AS01921,L086,MATH04,2026-04-06,Quiz,1,11,8,72.7,0
AS01922,L086,MATH04,2026-04-16,Quiz,1,12,10,83.3,0
AS01923,L086,MATH04,2026-04-18,Quiz,1,18,13,72.2,0
AS01924,L086,MATH04,2026-07-10,Test,1,18,12,66.7,0
AS01925,L087,MATH04,2025-09-28,Test,1,10,8,80.0,0
AS01926,L087,MATH04,2025-11-04,Quiz,1,18,15,83.3,0
AS01927,L087,MATH04,2025-12-02,Practice,1,18,15,83.3,0
AS01928,L087,MATH04,2025-12-28,Practice,1,18,15,83.3,0
AS01929,L087,MATH04,2026-01-02,Quiz,1,14,11,78.6,0
AS01930,L087,MATH04,2026-05-24,Practice,2,12,10,83.3,1
AS01931,L087,MATH04,2026-06-03,Quiz,1,13,11,84.6,0
AS01932,L087,SCI03,2025-10-07,Test,1,20,16,80.0,0
AS01933,L087,SCI03,2025-11-15,Test,1,15,11,73.3,0
AS01934,L087,SCI03,2026-04-05,Practice,1,14,12,85.7,0
AS01935,L087,SCI03,2026-04-15,Quiz,2,10,8,80.0,1
AS01936,L087,SCI03,2026-05-24,Test,1,10,7,70.0,0
AS01937,L087,SCI03,2026-07-17,Test,1,10,8,80.0,0
AS01938,L087,ELA04,2025-10-12,Practice,1,11,9,81.8,0
AS01939,L087,ELA04,2025-10-13,Test,1,11,9,81.8,0
AS01940,L087,ELA04,2025-11-24,Test,1,20,15,75.0,0
AS01941,L087,ELA04,2026-02-13,Quiz,2,19,15,78.9,1
AS01942,L087,ELA04,2026-06-27,Test,1,15,12,80.0,0
AS01943,L087,ELA04,2026-07-24,Test,1,11,9,81.8,0
AS01944,L088,SCI03,2025-10-14,Practice,1,19,14,73.7,0
AS01945,L088,SCI03,2025-11-15,Quiz,2,17,11,64.7,1
AS01946,L088,SCI03,2025-11-21,Practice,2,12,8,66.7,1
AS01947,L088,SCI03,2026-01-12,Quiz,1,18,13,72.2,0
AS01948,L088,SCI03,2026-01-28,Quiz,1,15,10,66.7,0
AS01949,L088,SCI03,2026-06-07,Quiz,1,18,13,72.2,0
AS01950,L088,SCI03,2026-07-05,Quiz,1,10,7,70.0,0
AS01951,L088,SCI03,2026-08-09,Quiz,2,20,14,70.0,1
AS01952,L088,ELA04,2025-10-16,Quiz,1,16,11,68.8,0
AS01953,L088,ELA04,2025-11-16,Practice,1,13,9,69.2,0
AS01954,L088,ELA04,2026-01-19,Practice,2,18,12,66.7,1
AS01955,L088,ELA04,2026-02-22,Practice,1,15,9,60.0,0
AS01956,L088,ELA04,2026-02-24,Test,1,14,10,71.4,0
AS01957,L088,ELA04,2026-03-05,Test,1,16,11,68.8,0
AS01958,L088,ELA04,2026-05-23,Quiz,1,10,7,70.0,0
AS01959,L088,ELA04,2026-05-30,Practice,2,16,10,62.5,1
AS01960,L088,ELA04,2026-07-23,Test,1,19,12,63.2,0
AS01961,L088,READ01,2025-09-09,Quiz,2,10,7,70.0,1
AS01962,L088,READ01,2025-10-04,Practice,1,11,7,63.6,0
AS01963,L088,READ01,2025-11-04,Test,2,18,11,61.1,1
AS01964,L088,READ01,2025-12-04,Practice,1,18,12,66.7,0
AS01965,L088,READ01,2026-03-01,Test,1,20,13,65.0,0
AS01966,L088,READ01,2026-05-28,Practice,1,12,8,66.7,0
AS01967,L088,READ01,2026-07-14,Quiz,1,17,11,64.7,0
AS01968,L088,READ01,2026-07-17,Test,2,18,12,66.7,1
AS01969,L088,READ01,2026-07-23,Quiz,2,13,8,61.5,1
AS01970,L089,ELA01,2025-10-04,Quiz,2,20,13,65.0,1
AS01971,L089,ELA01,2025-11-12,Test,1,18,12,66.7,0
AS01972,L089,ELA01,2025-11-19,Practice,1,20,13,65.0,0
AS01973,L089,ELA01,2026-01-03,Quiz,2,14,10,71.4,1
AS01974,L089,ELA01,2026-01-16,Quiz,1,16,11,68.8,0
AS01975,L089,ELA01,2026-03-24,Test,1,15,11,73.3,0
AS01976,L089,ELA01,2026-07-14,Practice,2,16,12,75.0,1
AS01977,L089,ELA01,2026-08-11,Quiz,2,14,10,71.4,1
AS01978,L089,ELA01,2026-08-23,Test,2,16,12,75.0,1
AS01979,L089,READ01,2025-09-22,Test,2,15,9,60.0,1
AS01980,L089,READ01,2025-11-20,Test,2,12,8,66.7,1
AS01981,L089,READ01,2025-12-05,Practice,1,10,7,70.0,0
AS01982,L089,READ01,2025-12-27,Practice,1,16,12,75.0,0
AS01983,L089,READ01,2026-01-27,Test,1,14,10,71.4,0
AS01984,L089,READ01,2026-03-01,Quiz,1,18,14,77.8,0
AS01985,L089,READ01,2026-03-11,Practice,1,13,9,69.2,0
AS01986,L089,READ01,2026-03-26,Test,1,13,9,69.2,0
AS01987,L089,READ01,2026-08-12,Practice,2,18,13,72.2,1
AS01988,L089,MATH01,2025-10-02,Test,2,10,6,60.0,1
AS01989,L089,MATH01,2025-11-08,Practice,1,10,7,70.0,0
AS01990,L089,MATH01,2026-02-22,Quiz,2,13,9,69.2,1
AS01991,L089,MATH01,2026-04-27,Practice,1,13,10,76.9,0
AS01992,L089,MATH01,2026-07-10,Practice,1,13,9,69.2,0
AS01993,L089,MATH01,2026-08-11,Test,1,19,15,78.9,0
AS01994,L089,MATH01,2026-08-19,Quiz,1,11,8,72.7,0
AS01995,L089,MATH01,2026-08-23,Quiz,1,12,9,75.0,0
AS01996,L090,SCI02,2025-11-03,Quiz,2,18,11,61.1,1
AS01997,L090,SCI02,2026-04-21,Test,1,13,8,61.5,0
AS01998,L090,SCI02,2026-04-27,Quiz,2,20,12,60.0,1
AS01999,L090,SCI02,2026-05-28,Practice,2,12,7,58.3,1
AS02000,L090,SCI02,2026-07-05,Practice,2,13,9,69.2,1
AS02001,L090,SCI02,2026-08-31,Quiz,1,10,6,60.0,0
AS02002,L090,ELA02,2025-09-05,Quiz,1,10,6,60.0,0
AS02003,L090,ELA02,2025-10-19,Quiz,1,10,6,60.0,0
AS02004,L090,ELA02,2026-02-15,Practice,2,19,11,57.9,1
AS02005,L090,ELA02,2026-03-19,Test,3,11,6,54.5,2
AS02006,L090,ELA02,2026-03-28,Quiz,1,18,11,61.1,0
AS02007,L090,ELA02,2026-04-25,Test,2,16,10,62.5,1
AS02008,L090,ELA02,2026-05-15,Practice,2,17,10,58.8,1
AS02009,L090,ELA02,2026-05-27,Test,2,19,12,63.2,1
AS02010,L090,ELA02,2026-06-10,Test,1,16,10,62.5,0
AS02011,L090,ELA03,2025-09-30,Quiz,1,14,8,57.1,0
AS02012,L090,ELA03,2025-10-10,Test,1,18,10,55.6,0
AS02013,L090,ELA03,2025-11-08,Practice,3,14,7,50.0,2
AS02014,L090,ELA03,2026-02-25,Test,2,13,8,61.5,1
AS02015,L090,ELA03,2026-03-08,Quiz,2,17,10,58.8,1
AS02016,L090,ELA03,2026-03-20,Practice,2,19,11,57.9,1
AS02017,L090,ELA03,2026-07-10,Test,3,13,7,53.8,2
AS02018,L091,ELA03,2025-10-08,Practice,1,17,15,88.2,0
AS02019,L091,ELA03,2025-11-15,Practice,2,16,13,81.2,1
AS02020,L091,ELA03,2025-12-20,Test,1,10,9,90.0,0
AS02021,L091,ELA03,2026-01-01,Test,1,14,13,92.9,0
AS02022,L091,ELA03,2026-05-17,Quiz,1,16,14,87.5,0
AS02023,L091,ELA03,2026-07-06,Practice,1,15,14,93.3,0
AS02024,L091,ELA03,2026-07-08,Practice,1,13,11,84.6,0
AS02025,L091,MATH03,2025-09-10,Quiz,1,10,9,90.0,0
AS02026,L091,MATH03,2025-09-24,Practice,1,18,14,77.8,0
AS02027,L091,MATH03,2025-10-20,Test,1,16,14,87.5,0
AS02028,L091,MATH03,2025-10-30,Quiz,1,11,10,90.9,0
AS02029,L091,MATH03,2025-11-05,Practice,1,16,14,87.5,0
AS02030,L091,MATH03,2026-04-07,Test,1,11,10,90.9,0
AS02031,L091,MATH03,2026-04-11,Quiz,2,13,11,84.6,1
AS02032,L091,MATH03,2026-05-24,Practice,1,13,11,84.6,0
AS02033,L091,MATH03,2026-08-22,Practice,2,15,14,93.3,1
AS02034,L091,READ01,2025-10-26,Quiz,1,18,15,83.3,0
AS02035,L091,READ01,2026-04-06,Test,1,19,16,84.2,0
AS02036,L091,READ01,2026-04-12,Quiz,1,14,12,85.7,0
AS02037,L091,READ01,2026-05-07,Test,1,11,10,90.9,0
AS02038,L091,READ01,2026-05-07,Practice,1,10,9,90.0,0
AS02039,L091,READ01,2026-06-20,Quiz,1,13,11,84.6,0
AS02040,L091,READ01,2026-07-18,Test,1,17,14,82.4,0
AS02041,L092,READ01,2025-09-24,Test,2,11,8,72.7,1
AS02042,L092,READ01,2025-12-18,Test,1,15,10,66.7,0
AS02043,L092,READ01,2025-12-29,Quiz,1,10,7,70.0,0
AS02044,L092,READ01,2026-03-11,Test,1,18,15,83.3,0
AS02045,L092,READ01,2026-03-28,Practice,1,19,13,68.4,0
AS02046,L092,READ01,2026-07-12,Quiz,1,14,10,71.4,0
AS02047,L092,READ01,2026-07-28,Test,1,17,14,82.4,0
AS02048,L092,MATH04,2026-03-26,Practice,1,19,14,73.7,0
AS02049,L092,MATH04,2026-04-04,Test,2,20,15,75.0,1
AS02050,L092,MATH04,2026-06-21,Test,1,20,15,75.0,0
AS02051,L092,MATH04,2026-07-04,Practice,1,20,14,70.0,0
AS02052,L092,MATH04,2026-07-17,Practice,1,11,8,72.7,0
AS02053,L092,MATH04,2026-07-18,Practice,1,12,9,75.0,0
AS02054,L092,MATH04,2026-08-28,Test,1,19,15,78.9,0
AS02055,L092,ELA04,2025-09-11,Quiz,1,14,10,71.4,0
AS02056,L092,ELA04,2025-10-23,Quiz,1,12,8,66.7,0
AS02057,L092,ELA04,2025-11-15,Quiz,1,12,8,66.7,0
AS02058,L092,ELA04,2026-01-29,Practice,1,14,10,71.4,0
AS02059,L092,ELA04,2026-02-17,Quiz,1,16,12,75.0,0
AS02060,L092,ELA04,2026-05-15,Quiz,1,16,12,75.0,0
AS02061,L092,ELA04,2026-06-17,Practice,1,18,13,72.2,0
AS02062,L093,ELA01,2025-09-16,Test,1,13,10,76.9,0
AS02063,L093,ELA01,2025-11-29,Quiz,1,13,9,69.2,0
AS02064,L093,ELA01,2026-04-02,Test,1,15,12,80.0,0
AS02065,L093,ELA01,2026-04-15,Test,1,15,11,73.3,0
AS02066,L093,ELA01,2026-04-23,Test,1,12,8,66.7,0
AS02067,L093,ELA01,2026-07-26,Practice,1,10,8,80.0,0
AS02068,L093,READ01,2025-10-31,Practice,1,19,14,73.7,0
AS02069,L093,READ01,2025-11-12,Quiz,1,10,8,80.0,0
AS02070,L093,READ01,2026-02-24,Practice,1,16,12,75.0,0
AS02071,L093,READ01,2026-03-28,Practice,1,18,13,72.2,0
AS02072,L093,READ01,2026-08-06,Test,2,20,15,75.0,1
AS02073,L093,READ01,2026-08-22,Practice,1,16,12,75.0,0
AS02074,L093,MATH01,2025-09-08,Quiz,1,20,14,70.0,0
AS02075,L093,MATH01,2025-10-08,Practice,1,18,14,77.8,0
AS02076,L093,MATH01,2025-10-21,Quiz,2,11,8,72.7,1
AS02077,L093,MATH01,2025-12-20,Quiz,1,14,11,78.6,0
AS02078,L093,MATH01,2026-04-07,Practice,1,13,10,76.9,0
AS02079,L093,MATH01,2026-05-05,Quiz,2,18,14,77.8,1
AS02080,L093,MATH01,2026-06-15,Quiz,1,10,8,80.0,0
AS02081,L093,MATH01,2026-07-20,Quiz,1,17,14,82.4,0
AS02082,L093,MATH01,2026-08-11,Test,1,10,8,80.0,0
AS02083,L094,SCI01,2025-09-29,Quiz,2,11,7,63.6,1
AS02084,L094,SCI01,2025-10-03,Quiz,1,19,13,68.4,0
AS02085,L094,SCI01,2025-10-30,Practice,1,10,7,70.0,0
AS02086,L094,SCI01,2025-12-13,Test,2,18,13,72.2,1
AS02087,L094,SCI01,2026-03-18,Test,2,14,10,71.4,1
AS02088,L094,SCI01,2026-03-19,Test,2,19,14,73.7,1
AS02089,L094,SCI01,2026-03-20,Practice,2,15,11,73.3,1
AS02090,L094,SCI01,2026-05-16,Test,1,12,8,66.7,0
AS02091,L094,SCI01,2026-07-05,Practice,1,13,10,76.9,0
AS02092,L094,READ01,2025-09-09,Test,1,17,12,70.6,0
AS02093,L094,READ01,2025-09-26,Quiz,1,14,10,71.4,0
AS02094,L094,READ01,2025-11-13,Test,1,17,12,70.6,0
AS02095,L094,READ01,2025-12-22,Practice,1,16,12,75.0,0
AS02096,L094,READ01,2026-01-17,Quiz,2,20,14,70.0,1
AS02097,L094,READ01,2026-01-22,Quiz,2,15,11,73.3,1
AS02098,L094,READ01,2026-03-08,Practice,1,17,12,70.6,0
AS02099,L094,READ01,2026-07-19,Quiz,1,16,12,75.0,0
AS02100,L094,READ01,2026-07-24,Test,1,19,13,68.4,0
AS02101,L094,MATH01,2025-09-12,Quiz,2,14,10,71.4,1
AS02102,L094,MATH01,2026-01-13,Quiz,2,13,9,69.2,1
AS02103,L094,MATH01,2026-03-23,Practice,1,11,8,72.7,0
AS02104,L094,MATH01,2026-05-27,Quiz,1,15,11,73.3,0
AS02105,L094,MATH01,2026-06-01,Practice,1,13,10,76.9,0
AS02106,L094,MATH01,2026-08-12,Quiz,1,11,8,72.7,0
AS02107,L095,READ01,2025-09-01,Practice,1,16,14,87.5,0
AS02108,L095,READ01,2025-09-06,Test,1,13,11,84.6,0
AS02109,L095,READ01,2025-10-11,Practice,1,15,13,86.7,0
AS02110,L095,READ01,2025-10-23,Practice,1,18,16,88.9,0
AS02111,L095,READ01,2025-11-23,Quiz,1,16,13,81.2,0
AS02112,L095,READ01,2025-11-24,Test,2,17,15,88.2,1
AS02113,L095,READ01,2025-12-14,Practice,1,18,16,88.9,0
AS02114,L095,READ01,2026-07-06,Quiz,2,19,18,94.7,1
AS02115,L095,READ01,2026-08-14,Quiz,1,19,19,100.0,0
AS02116,L095,MATH02,2025-09-23,Practice,1,17,15,88.2,0
AS02117,L095,MATH02,2025-09-28,Test,1,11,9,81.8,0
AS02118,L095,MATH02,2025-10-19,Practice,1,11,9,81.8,0
AS02119,L095,MATH02,2025-12-31,Quiz,1,17,15,88.2,0
AS02120,L095,MATH02,2026-01-20,Quiz,2,12,11,91.7,1
AS02121,L095,MATH02,2026-01-24,Practice,2,20,18,90.0,1
AS02122,L095,MATH02,2026-01-29,Quiz,1,19,17,89.5,0
AS02123,L095,MATH02,2026-04-09,Practice,1,11,10,90.9,0
AS02124,L095,MATH02,2026-05-20,Practice,1,18,17,94.4,0
AS02125,L095,MATH03,2026-02-22,Quiz,1,13,12,92.3,0
AS02126,L095,MATH03,2026-04-13,Quiz,1,18,16,88.9,0
AS02127,L095,MATH03,2026-05-10,Test,1,18,16,88.9,0
AS02128,L095,MATH03,2026-06-07,Practice,1,15,14,93.3,0
AS02129,L095,MATH03,2026-06-21,Practice,1,13,11,84.6,0
AS02130,L095,MATH03,2026-07-08,Test,1,10,9,90.0,0
AS02131,L095,MATH03,2026-08-18,Test,1,19,18,94.7,0
AS02132,L096,MATH03,2025-10-02,Test,1,13,7,53.8,0
AS02133,L096,MATH03,2025-10-31,Quiz,1,12,7,58.3,0
AS02134,L096,MATH03,2026-03-26,Practice,1,15,8,53.3,0
AS02135,L096,MATH03,2026-03-26,Test,2,18,11,61.1,1
AS02136,L096,MATH03,2026-04-21,Test,2,12,7,58.3,1
AS02137,L096,MATH03,2026-05-03,Quiz,3,15,8,53.3,2
AS02138,L096,MATH03,2026-05-13,Test,1,11,6,54.5,0
AS02139,L096,MATH03,2026-08-15,Practice,2,20,11,55.0,1
AS02140,L096,MATH03,2026-08-25,Quiz,1,18,11,61.1,0
AS02141,L096,SCI02,2025-10-08,Test,3,19,10,52.6,2
AS02142,L096,SCI02,2025-10-08,Test,1,16,8,50.0,0
AS02143,L096,SCI02,2025-11-16,Test,1,10,5,50.0,0
AS02144,L096,SCI02,2025-11-29,Practice,2,20,11,55.0,1
AS02145,L096,SCI02,2026-03-27,Practice,1,19,9,47.4,0
AS02146,L096,SCI02,2026-05-26,Quiz,1,18,10,55.6,0
AS02147,L096,SCI02,2026-06-19,Quiz,1,12,7,58.3,0
AS02148,L096,SCI02,2026-07-31,Test,1,15,8,53.3,0
AS02149,L096,ELA03,2026-01-07,Practice,1,14,8,57.1,0
AS02150,L096,ELA03,2026-04-10,Test,2,19,11,57.9,1
AS02151,L096,ELA03,2026-05-18,Test,3,19,10,52.6,2
AS02152,L096,ELA03,2026-06-05,Practice,1,11,6,54.5,0
AS02153,L096,ELA03,2026-07-04,Test,2,15,9,60.0,1
AS02154,L096,ELA03,2026-08-06,Quiz,2,18,10,55.6,1
AS02155,L096,ELA03,2026-08-21,Practice,2,20,11,55.0,1
AS02156,L097,MATH01,2025-12-10,Test,1,18,13,72.2,0
AS02157,L097,MATH01,2025-12-30,Test,2,12,9,75.0,1
AS02158,L097,MATH01,2026-03-19,Quiz,1,17,14,82.4,0
AS02159,L097,MATH01,2026-03-25,Test,2,19,15,78.9,1
AS02160,L097,MATH01,2026-04-18,Practice,1,20,15,75.0,0
AS02161,L097,MATH01,2026-05-03,Practice,1,19,15,78.9,0
AS02162,L097,MATH01,2026-06-06,Test,2,18,13,72.2,1
AS02163,L097,READ01,2025-11-06,Test,1,10,7,70.0,0
AS02164,L097,READ01,2025-11-18,Quiz,1,15,12,80.0,0
AS02165,L097,READ01,2025-12-10,Test,1,16,12,75.0,0
AS02166,L097,READ01,2026-02-11,Practice,1,20,16,80.0,0
AS02167,L097,READ01,2026-05-11,Quiz,1,10,8,80.0,0
AS02168,L097,READ01,2026-05-13,Practice,1,20,16,80.0,0
AS02169,L097,READ01,2026-05-17,Test,1,16,11,68.8,0
AS02170,L097,READ01,2026-05-23,Test,1,15,11,73.3,0
AS02171,L097,READ01,2026-06-23,Quiz,2,10,8,80.0,1
AS02172,L097,SCI01,2025-11-30,Practice,1,12,9,75.0,0
AS02173,L097,SCI01,2026-01-07,Quiz,1,17,14,82.4,0
AS02174,L097,SCI01,2026-01-16,Test,1,12,9,75.0,0
AS02175,L097,SCI01,2026-01-22,Quiz,2,14,10,71.4,1
AS02176,L097,SCI01,2026-02-23,Test,1,20,14,70.0,0
AS02177,L097,SCI01,2026-03-11,Practice,1,18,13,72.2,0
AS02178,L097,SCI01,2026-06-05,Quiz,1,16,13,81.2,0
AS02179,L098,ELA01,2025-10-23,Practice,1,11,8,72.7,0
AS02180,L098,ELA01,2025-11-24,Practice,1,12,8,66.7,0
AS02181,L098,ELA01,2026-01-12,Practice,2,17,12,70.6,1
AS02182,L098,ELA01,2026-02-22,Test,2,16,11,68.8,1
AS02183,L098,ELA01,2026-03-27,Test,1,12,9,75.0,0
AS02184,L098,ELA01,2026-06-07,Quiz,1,13,10,76.9,0
AS02185,L098,ELA01,2026-06-21,Test,1,15,10,66.7,0
AS02186,L098,SCI01,2025-10-23,Test,2,15,10,66.7,1
AS02187,L098,SCI01,2025-10-25,Practice,2,17,10,58.8,1
AS02188,L098,SCI01,2025-12-24,Test,1,18,12,66.7,0
AS02189,L098,SCI01,2026-03-09,Test,1,15,11,73.3,0
AS02190,L098,SCI01,2026-03-20,Quiz,1,14,9,64.3,0
AS02191,L098,SCI01,2026-05-17,Test,2,10,7,70.0,1
AS02192,L098,SCI01,2026-06-14,Test,2,19,14,73.7,1
AS02193,L098,SCI01,2026-08-30,Quiz,1,18,13,72.2,0
AS02194,L098,READ01,2025-09-25,Practice,1,18,12,66.7,0
AS02195,L098,READ01,2025-11-24,Quiz,2,19,12,63.2,1
AS02196,L098,READ01,2025-12-11,Quiz,1,11,7,63.6,0
AS02197,L098,READ01,2026-05-05,Practice,2,16,10,62.5,1
AS02198,L098,READ01,2026-05-06,Practice,1,14,10,71.4,0
AS02199,L098,READ01,2026-07-04,Quiz,2,15,11,73.3,1
AS02200,L099,ELA04,2025-10-20,Practice,1,13,10,76.9,0
AS02201,L099,ELA04,2025-12-19,Test,2,15,11,73.3,1
AS02202,L099,ELA04,2026-03-07,Quiz,1,14,10,71.4,0
AS02203,L099,ELA04,2026-04-03,Practice,1,20,15,75.0,0
AS02204,L099,ELA04,2026-05-02,Practice,2,11,9,81.8,1
AS02205,L099,ELA04,2026-05-27,Test,1,12,10,83.3,0
AS02206,L099,ELA04,2026-07-15,Quiz,1,18,16,88.9,0
AS02207,L099,SCI03,2025-09-04,Test,1,13,11,84.6,0
AS02208,L099,SCI03,2025-10-01,Practice,1,18,13,72.2,0
AS02209,L099,SCI03,2025-11-06,Quiz,2,16,12,75.0,1
AS02210,L099,SCI03,2025-11-07,Practice,1,15,11,73.3,0
AS02211,L099,SCI03,2026-01-18,Practice,2,16,12,75.0,1
AS02212,L099,SCI03,2026-03-04,Practice,1,19,15,78.9,0
AS02213,L099,SCI03,2026-05-03,Practice,1,18,16,88.9,0
AS02214,L099,SCI03,2026-06-15,Test,2,12,9,75.0,1
AS02215,L099,SCI03,2026-07-07,Test,1,15,12,80.0,0
AS02216,L099,READ01,2026-02-10,Test,1,19,16,84.2,0
AS02217,L099,READ01,2026-02-21,Test,1,12,9,75.0,0
AS02218,L099,READ01,2026-03-06,Test,1,11,9,81.8,0
AS02219,L099,READ01,2026-04-05,Quiz,1,16,13,81.2,0
AS02220,L099,READ01,2026-06-05,Quiz,1,12,10,83.3,0
AS02221,L099,READ01,2026-06-29,Practice,2,10,8,80.0,1
AS02222,L099,READ01,2026-07-21,Test,1,15,13,86.7,0
AS02223,L099,READ01,2026-08-31,Quiz,1,20,15,75.0,0
AS02224,L100,SCI01,2025-10-06,Practice,1,10,8,80.0,0
AS02225,L100,SCI01,2025-10-30,Test,1,10,8,80.0,0
AS02226,L100,SCI01,2025-11-07,Test,1,20,14,70.0,0
AS02227,L100,SCI01,2025-12-16,Practice,1,12,10,83.3,0
AS02228,L100,SCI01,2026-02-10,Test,2,14,11,78.6,1
AS02229,L100,SCI01,2026-02-14,Practice,1,18,15,83.3,0
AS02230,L100,SCI01,2026-07-27,Test,1,19,15,78.9,0
AS02231,L100,READ01,2025-11-13,Test,1,20,15,75.0,0
AS02232,L100,READ01,2025-12-23,Test,1,10,8,80.0,0
AS02233,L100,READ01,2026-01-28,Practice,1,12,10,83.3,0
AS02234,L100,READ01,2026-04-05,Quiz,1,13,10,76.9,0
AS02235,L100,READ01,2026-04-14,Quiz,1,18,15,83.3,0
AS02236,L100,READ01,2026-04-18,Quiz,1,18,14,77.8,0
AS02237,L100,READ01,2026-05-14,Quiz,1,12,10,83.3,0
AS02238,L100,READ01,2026-07-24,Quiz,1,12,10,83.3,0
AS02239,L100,READ01,2026-08-20,Practice,2,20,17,85.0,1
AS02240,L100,MATH01,2025-09-05,Quiz,2,16,12,75.0,1
AS02241,L100,MATH01,2025-10-01,Practice,1,13,10,76.9,0
AS02242,L100,MATH01,2025-10-17,Quiz,2,15,11,73.3,1
AS02243,L100,MATH01,2026-01-04,Test,1,17,13,76.5,0
AS02244,L100,MATH01,2026-03-13,Quiz,1,11,9,81.8,0
AS02245,L100,MATH01,2026-05-25,Practice,1,12,10,83.3,0
