activity_id,learner_id,course_id,activity_date,lesson_id,session_minutes,activities_completed,participation_rate,completion_percentage
A00001,L001,READ01,2026-08-09,READ01_L08,32,4,66.7,74.0
A00002,L001,READ01,2025-12-19,READ01_L09,37,5,73.2,66.1
A00003,L001,READ01,2025-11-07,READ01_L12,35,3,77.7,90.9
A00004,L001,READ01,2026-06-20,READ01_L10,43,5,79.9,80.2
A00005,L001,READ01,2026-05-01,READ01_L04,34,4,78.8,77.2
A00006,L001,READ01,2026-05-01,READ01_L13,41,3,74.1,99.2
A00007,L001,READ01,2026-03-28,READ01_L04,27,5,65.3,74.8
A00008,L001,READ01,2025-10-19,READ01_L02,42,4,78.3,67.6
A00009,L001,READ01,2026-08-04,READ01_L07,31,5,73.9,72.2
A00010,L001,READ01,2026-03-01,READ01_L07,34,4,66.7,60.0
A00011,L001,READ01,2026-03-30,READ01_L08,38,4,66.8,60.7
A00012,L001,READ01,2025-09-28,READ01_L11,38,2,69.6,52.7
A00013,L001,READ01,2026-08-01,READ01_L11,35,4,67.6,85.3
A00014,L001,READ01,2025-10-21,READ01_L01,35,4,80.2,68.2
A00015,L001,ELA02,2026-02-21,ELA02_L13,34,4,73.2,63.3
A00016,L001,ELA02,2025-10-26,ELA02_L04,49,4,77.5,82.3
A00017,L001,ELA02,2025-12-08,ELA02_L04,33,4,78.9,79.0
A00018,L001,ELA02,2026-06-02,ELA02_L08,30,4,74.1,80.1
A00019,L001,ELA02,2025-11-11,ELA02_L07,44,6,84.9,75.7
A00020,L001,ELA02,2025-12-03,ELA02_L05,38,6,80.3,70.6
A00021,L001,ELA02,2026-04-25,ELA02_L04,32,2,66.6,60.3
A00022,L001,ELA02,2025-10-09,ELA02_L08,38,4,67.3,89.8
A00023,L001,ELA02,2026-06-09,ELA02_L02,32,3,80.9,86.8
A00024,L001,ELA02,2025-09-26,ELA02_L11,51,5,62.8,57.1
A00025,L001,ELA02,2026-06-04,ELA02_L14,47,4,59.6,74.5
A00026,L001,ELA02,2025-09-08,ELA02_L02,32,4,60.6,61.1
A00027,L001,ELA02,2025-12-31,ELA02_L03,41,3,69.7,68.0
A00028,L001,ELA02,2026-03-28,ELA02_L08,41,4,74.3,60.8
A00029,L001,ELA02,2026-05-05,ELA02_L04,47,4,61.1,52.1
A00030,L001,ELA02,2026-03-25,ELA02_L01,37,5,85.8,86.6
A00031,L001,MATH03,2026-03-14,MATH03_L01,51,3,89.8,100.0
A00032,L001,MATH03,2026-03-19,MATH03_L05,47,3,78.5,86.7
A00033,L001,MATH03,2026-04-21,MATH03_L05,22,2,81.8,57.3
A00034,L001,MATH03,2026-04-05,MATH03_L12,42,5,71.2,72.1
A00035,L001,MATH03,2026-06-12,MATH03_L11,25,2,86.4,85.7
A00036,L001,MATH03,2026-05-08,MATH03_L03,36,2,76.4,75.3
A00037,L001,MATH03,2025-12-07,MATH03_L05,42,4,62.9,51.6
A00038,L001,MATH03,2025-12-21,MATH03_L01,28,4,69.2,80.7
A00039,L001,MATH03,2026-06-24,MATH03_L12,41,3,65.5,55.9
A00040,L001,MATH03,2026-06-05,MATH03_L01,28,3,72.5,58.1
A00041,L001,MATH03,2026-02-08,MATH03_L01,37,3,89.1,91.6
A00042,L001,MATH03,2025-09-26,MATH03_L10,35,4,72.4,81.5
A00043,L001,ELA03,2026-05-16,ELA03_L09,32,3,69.1,41.5
A00044,L001,ELA03,2025-11-20,ELA03_L01,47,5,61.2,58.2
A00045,L001,ELA03,2026-05-19,ELA03_L02,39,7,78.0,91.4
A00046,L001,ELA03,2025-12-05,ELA03_L02,29,2,72.3,74.8
A00047,L001,ELA03,2026-07-02,ELA03_L02,25,3,67.3,54.3
A00048,L001,ELA03,2026-08-12,ELA03_L04,44,4,86.8,100.0
A00049,L001,ELA03,2026-03-26,ELA03_L02,30,5,74.0,80.4
A00050,L001,ELA03,2026-06-19,ELA03_L04,35,3,65.0,48.4
A00051,L001,ELA03,2026-06-24,ELA03_L10,52,2,80.8,87.5
A00052,L001,ELA03,2025-09-21,ELA03_L10,33,3,68.1,57.8
A00053,L001,ELA03,2025-10-12,ELA03_L07,30,4,73.7,73.1
A00054,L001,ELA03,2026-08-03,ELA03_L10,29,3,71.4,80.5
A00055,L001,ELA03,2026-06-17,ELA03_L09,29,4,77.3,86.4
A00056,L001,ELA03,2026-02-09,ELA03_L05,41,3,60.0,66.8
A00057,L001,ELA03,2025-12-14,ELA03_L11,22,2,67.2,67.8
A00058,L001,ELA03,2026-02-08,ELA03_L04,29,4,75.4,55.5
A00059,L001,ELA03,2026-01-14,ELA03_L07,27,3,72.8,73.4
A00060,L002,ELA04,2026-08-10,ELA04_L10,33,5,65.3,58.4
A00061,L002,ELA04,2026-04-23,ELA04_L11,27,4,78.9,96.2
A00062,L002,ELA04,2025-10-08,ELA04_L01,30,4,52.4,50.0
A00063,L002,ELA04,2026-04-23,ELA04_L04,31,4,75.2,73.3
A00064,L002,ELA04,2025-10-08,ELA04_L07,38,4,81.5,76.6
A00065,L002,ELA04,2026-05-18,ELA04_L09,33,4,68.3,63.2
A00066,L002,ELA04,2025-11-07,ELA04_L12,53,4,74.5,70.6
A00067,L002,ELA04,2025-10-06,ELA04_L08,33,2,81.8,69.7
A00068,L002,ELA04,2026-03-09,ELA04_L10,33,4,57.2,77.3
A00069,L002,ELA04,2025-11-20,ELA04_L15,34,4,74.8,48.3
A00070,L002,ELA04,2026-06-06,ELA04_L10,42,2,74.1,87.8
A00071,L002,ELA04,2026-07-11,ELA04_L01,33,4,74.9,100.0
A00072,L002,READ01,2026-02-01,READ01_L11,38,3,73.6,63.4
A00073,L002,READ01,2025-10-24,READ01_L03,29,4,78.8,73.1
A00074,L002,READ01,2026-01-14,READ01_L02,39,5,76.0,69.9
A00075,L002,READ01,2025-10-25,READ01_L12,28,3,70.0,74.6
A00076,L002,READ01,2026-06-11,READ01_L03,29,4,78.2,94.5
A00077,L002,READ01,2026-01-18,READ01_L05,51,3,75.5,60.6
A00078,L002,READ01,2026-07-07,READ01_L04,48,4,58.0,57.3
A00079,L002,READ01,2026-02-23,READ01_L04,27,6,74.4,76.0
A00080,L002,READ01,2026-08-18,READ01_L11,42,4,73.1,75.8
A00081,L002,READ01,2026-01-14,READ01_L09,40,5,65.9,82.0
A00082,L002,READ01,2026-05-09,READ01_L05,32,3,84.9,83.4
A00083,L002,READ01,2025-09-27,READ01_L02,45,2,72.6,91.0
A00084,L002,READ01,2026-07-22,READ01_L07,33,3,70.9,51.1
A00085,L002,READ01,2026-01-20,READ01_L01,37,2,78.8,63.2
A00086,L002,READ01,2025-09-02,READ01_L06,50,3,69.5,51.5
A00087,L002,READ01,2025-11-06,READ01_L11,34,1,70.2,69.6
A00088,L002,READ01,2026-01-13,READ01_L03,42,5,70.3,83.9
A00089,L002,READ01,2026-04-15,READ01_L09,27,6,70.0,70.7
A00090,L002,SCI03,2026-06-15,SCI03_L01,36,4,72.3,70.6
A00091,L002,SCI03,2025-10-28,SCI03_L02,32,4,67.6,61.1
A00092,L002,SCI03,2026-08-20,SCI03_L15,37,3,66.5,84.5
A00093,L002,SCI03,2025-11-16,SCI03_L09,45,5,51.0,26.1
A00094,L002,SCI03,2025-09-19,SCI03_L14,33,2,69.4,60.1
A00095,L002,SCI03,2026-03-09,SCI03_L10,50,5,63.3,78.6
A00096,L002,SCI03,2026-06-10,SCI03_L03,27,3,78.0,83.8
A00097,L002,SCI03,2026-04-09,SCI03_L03,42,3,62.4,57.9
A00098,L002,SCI03,2025-09-22,SCI03_L05,40,3,77.9,91.8
A00099,L002,SCI03,2026-03-06,SCI03_L15,41,4,63.5,59.8
A00100,L002,SCI03,2025-09-21,SCI03_L15,26,5,74.8,72.6
A00101,L002,SCI03,2026-03-03,SCI03_L04,45,3,68.0,51.1
A00102,L002,SCI03,2026-08-16,SCI03_L04,41,2,59.7,80.8
A00103,L002,SCI03,2026-08-08,SCI03_L02,50,4,55.5,54.4
A00104,L002,SCI03,2026-03-01,SCI03_L13,39,4,67.8,81.1
A00105,L002,SCI03,2026-06-14,SCI03_L15,37,3,73.1,72.4
A00106,L002,MATH04,2026-07-15,MATH04_L05,22,2,74.7,83.6
A00107,L002,MATH04,2025-12-31,MATH04_L06,35,4,73.6,77.7
A00108,L002,MATH04,2025-11-30,MATH04_L14,30,4,67.9,56.1
A00109,L002,MATH04,2025-09-13,MATH04_L06,23,5,75.5,81.1
A00110,L002,MATH04,2026-02-18,MATH04_L14,44,5,74.2,86.4
A00111,L002,MATH04,2026-08-09,MATH04_L08,26,3,57.5,57.8
A00112,L002,MATH04,2026-01-15,MATH04_L06,30,4,76.3,67.3
A00113,L002,MATH04,2026-08-26,MATH04_L04,25,3,67.3,51.1
A00114,L002,MATH04,2026-03-15,MATH04_L02,45,3,64.4,96.0
A00115,L002,MATH04,2026-04-29,MATH04_L08,38,3,76.1,84.5
A00116,L002,MATH04,2025-12-12,MATH04_L15,37,6,67.6,66.4
A00117,L002,MATH04,2026-02-27,MATH04_L10,31,4,81.4,100.0
A00118,L002,MATH04,2025-12-26,MATH04_L08,51,4,67.2,60.4
A00119,L002,MATH04,2025-09-13,MATH04_L07,44,4,77.2,58.4
A00120,L002,MATH04,2026-03-24,MATH04_L11,34,4,66.4,73.8
A00121,L002,MATH04,2026-01-21,MATH04_L03,25,4,73.6,80.9
A00122,L003,READ01,2026-02-27,READ01_L11,48,5,88.7,94.2
A00123,L003,READ01,2026-05-19,READ01_L07,26,5,83.6,86.1
A00124,L003,READ01,2026-08-14,READ01_L14,30,3,86.4,99.0
A00125,L003,READ01,2026-06-02,READ01_L06,45,4,83.9,84.2
A00126,L003,READ01,2025-09-15,READ01_L02,36,4,91.7,86.2
A00127,L003,READ01,2026-01-12,READ01_L03,37,4,80.7,75.0
A00128,L003,READ01,2026-06-25,READ01_L05,33,4,94.3,89.0
A00129,L003,READ01,2025-09-20,READ01_L02,41,5,95.8,78.0
A00130,L003,READ01,2026-07-03,READ01_L07,47,4,86.3,99.1
A00131,L003,READ01,2026-02-24,READ01_L12,51,7,80.1,75.7
A00132,L003,READ01,2026-02-08,READ01_L07,51,6,80.6,74.4
A00133,L003,READ01,2026-07-08,READ01_L09,38,3,80.8,69.8
A00134,L003,READ01,2025-10-30,READ01_L07,34,4,76.2,79.0
A00135,L003,READ01,2026-06-23,READ01_L04,32,5,96.6,94.0
A00136,L003,ELA01,2025-09-23,ELA01_L12,45,3,83.8,88.4
A00137,L003,ELA01,2026-04-12,ELA01_L01,44,4,85.5,100.0
A00138,L003,ELA01,2026-05-25,ELA01_L09,36,4,79.1,72.4
A00139,L003,ELA01,2026-08-18,ELA01_L12,49,6,79.1,72.3
A00140,L003,ELA01,2026-08-10,ELA01_L04,44,4,77.6,85.1
A00141,L003,ELA01,2026-03-06,ELA01_L07,28,6,85.8,100.0
A00142,L003,ELA01,2025-10-06,ELA01_L11,37,4,79.3,83.3
A00143,L003,ELA01,2026-02-17,ELA01_L10,56,4,89.5,79.9
A00144,L003,ELA01,2026-02-08,ELA01_L11,34,4,73.2,94.7
A00145,L003,ELA01,2025-11-03,ELA01_L12,42,4,80.1,94.3
A00146,L003,ELA01,2026-02-01,ELA01_L09,36,4,100.0,100.0
A00147,L003,ELA01,2026-02-06,ELA01_L11,55,5,89.7,85.4
A00148,L003,ELA01,2026-03-29,ELA01_L06,49,5,88.9,95.0
A00149,L003,ELA01,2026-03-26,ELA01_L12,49,6,92.7,100.0
A00150,L003,SCI01,2026-06-11,SCI01_L03,41,5,82.9,73.1
A00151,L003,SCI01,2025-12-08,SCI01_L07,37,4,87.2,100.0
A00152,L003,SCI01,2026-08-07,SCI01_L07,40,3,85.7,94.7
A00153,L003,SCI01,2026-08-13,SCI01_L12,57,4,89.4,92.0
A00154,L003,SCI01,2025-11-29,SCI01_L10,52,4,86.2,89.6
A00155,L003,SCI01,2026-06-19,SCI01_L05,41,4,89.1,91.4
A00156,L003,SCI01,2026-03-27,SCI01_L09,32,4,92.8,84.4
A00157,L003,SCI01,2025-09-01,SCI01_L05,28,4,93.8,98.3
A00158,L003,SCI01,2026-01-25,SCI01_L04,39,4,96.7,100.0
A00159,L003,SCI01,2026-04-09,SCI01_L10,22,5,72.6,66.6
A00160,L003,SCI01,2026-07-08,SCI01_L11,45,4,76.0,69.3
A00161,L003,SCI01,2026-02-12,SCI01_L08,47,5,74.0,72.8
A00162,L003,SCI01,2026-04-15,SCI01_L08,31,3,99.0,90.7
A00163,L003,SCI01,2026-08-12,SCI01_L04,42,4,83.8,88.1
A00164,L003,MATH01,2026-05-01,MATH01_L12,51,4,74.2,87.6
A00165,L003,MATH01,2025-11-26,MATH01_L11,43,5,87.0,92.3
A00166,L003,MATH01,2025-10-14,MATH01_L05,50,4,89.4,97.9
A00167,L003,MATH01,2026-05-22,MATH01_L11,51,4,83.5,100.0
A00168,L003,MATH01,2026-07-22,MATH01_L10,28,4,83.9,75.7
A00169,L003,MATH01,2026-02-19,MATH01_L02,35,4,90.9,68.3
A00170,L003,MATH01,2025-12-30,MATH01_L11,20,3,80.6,89.7
A00171,L003,MATH01,2026-02-06,MATH01_L04,43,3,90.5,89.9
A00172,L003,MATH01,2025-12-11,MATH01_L03,30,6,84.2,94.7
A00173,L003,MATH01,2025-09-13,MATH01_L01,40,4,82.4,57.9
A00174,L003,MATH01,2026-01-04,MATH01_L08,34,3,82.2,78.9
A00175,L003,MATH01,2026-07-10,MATH01_L02,45,4,98.6,100.0
A00176,L003,MATH01,2026-04-22,MATH01_L07,47,4,95.4,87.6
A00177,L003,MATH01,2026-07-20,MATH01_L10,43,5,89.8,97.4
A00178,L003,MATH01,2025-12-09,MATH01_L12,35,6,92.6,95.0
A00179,L003,MATH01,2026-08-23,MATH01_L07,34,6,100.0,100.0
A00180,L003,MATH01,2026-05-12,MATH01_L07,36,4,79.0,84.1
A00181,L003,MATH01,2026-01-03,MATH01_L03,35,4,88.4,100.0
A00182,L004,READ01,2025-10-25,READ01_L13,39,4,83.3,84.7
A00183,L004,READ01,2026-04-06,READ01_L04,27,3,74.3,54.3
A00184,L004,READ01,2025-11-30,READ01_L13,41,3,72.6,91.5
A00185,L004,READ01,2026-08-23,READ01_L09,24,4,59.6,72.2
A00186,L004,READ01,2026-04-26,READ01_L01,32,5,82.9,82.4
A00187,L004,READ01,2026-06-13,READ01_L04,42,4,68.1,49.1
A00188,L004,READ01,2025-11-02,READ01_L08,46,3,81.3,86.0
A00189,L004,READ01,2025-11-08,READ01_L13,37,3,73.4,65.3
A00190,L004,READ01,2026-04-26,READ01_L11,45,4,69.2,64.8
A00191,L004,READ01,2026-05-30,READ01_L09,13,5,75.6,54.7
A00192,L004,SCI03,2026-04-15,SCI03_L10,26,2,66.5,80.5
A00193,L004,SCI03,2026-05-17,SCI03_L07,38,3,65.7,71.4
A00194,L004,SCI03,2026-06-08,SCI03_L08,25,4,70.1,64.1
A00195,L004,SCI03,2025-11-21,SCI03_L12,32,5,57.0,67.2
A00196,L004,SCI03,2026-05-02,SCI03_L08,33,3,66.6,91.6
A00197,L004,SCI03,2026-01-11,SCI03_L13,39,5,72.5,75.4
A00198,L004,SCI03,2026-01-05,SCI03_L14,34,3,67.4,66.9
A00199,L004,SCI03,2026-07-24,SCI03_L05,36,4,75.3,74.3
A00200,L004,SCI03,2026-05-25,SCI03_L08,19,4,70.1,74.2
A00201,L004,SCI03,2026-07-18,SCI03_L04,12,6,77.4,75.7
A00202,L004,SCI03,2026-01-19,SCI03_L08,27,4,78.3,65.7
A00203,L004,SCI03,2025-10-10,SCI03_L12,51,3,64.4,67.1
A00204,L004,SCI03,2026-01-25,SCI03_L04,39,4,76.4,80.8
A00205,L004,SCI03,2026-01-18,SCI03_L06,35,4,88.7,100.0
A00206,L004,SCI03,2026-02-11,SCI03_L15,45,4,78.3,64.6
A00207,L004,ELA04,2025-10-12,ELA04_L05,26,4,82.5,73.5
A00208,L004,ELA04,2025-11-17,ELA04_L08,38,4,68.9,74.0
A00209,L004,ELA04,2026-03-16,ELA04_L05,39,3,82.3,93.9
A00210,L004,ELA04,2026-08-28,ELA04_L07,26,4,79.0,87.4
A00211,L004,ELA04,2025-10-03,ELA04_L14,46,3,67.1,68.6
A00212,L004,ELA04,2026-03-28,ELA04_L11,35,2,68.1,50.8
A00213,L004,ELA04,2026-06-05,ELA04_L15,29,2,82.2,56.4
A00214,L004,ELA04,2026-04-01,ELA04_L02,25,5,64.3,76.4
A00215,L004,ELA04,2025-12-15,ELA04_L14,53,4,63.9,60.0
A00216,L004,ELA04,2026-03-19,ELA04_L01,54,2,49.4,29.7
A00217,L004,ELA04,2026-06-22,ELA04_L13,55,5,77.6,84.4
A00218,L004,ELA04,2026-05-03,ELA04_L01,42,4,74.2,77.6
A00219,L004,ELA04,2026-02-28,ELA04_L10,35,3,70.3,66.9
A00220,L004,ELA04,2026-03-19,ELA04_L14,35,2,55.9,42.7
A00221,L004,ELA04,2026-06-03,ELA04_L08,46,4,70.9,52.0
A00222,L004,ELA04,2026-05-08,ELA04_L08,43,2,61.5,58.8
A00223,L004,ELA04,2026-01-18,ELA04_L14,28,4,73.8,57.8
A00224,L004,ELA04,2026-05-07,ELA04_L01,38,2,64.6,69.9
A00225,L004,MATH04,2026-02-20,MATH04_L13,40,4,69.3,85.7
A00226,L004,MATH04,2025-11-24,MATH04_L15,32,4,70.4,77.0
A00227,L004,MATH04,2025-11-05,MATH04_L01,36,3,69.8,61.9
A00228,L004,MATH04,2026-03-21,MATH04_L01,49,2,58.2,49.9
A00229,L004,MATH04,2025-10-13,MATH04_L14,42,3,63.7,78.7
A00230,L004,MATH04,2025-11-09,MATH04_L15,38,3,64.1,89.8
A00231,L004,MATH04,2025-12-03,MATH04_L02,38,4,59.9,64.9
A00232,L004,MATH04,2026-01-12,MATH04_L13,34,4,68.0,66.2
A00233,L004,MATH04,2026-02-15,MATH04_L07,53,3,77.2,60.7
A00234,L004,MATH04,2026-04-21,MATH04_L11,56,3,68.7,88.4
A00235,L004,MATH04,2026-02-20,MATH04_L13,31,4,82.9,100.0
A00236,L004,MATH04,2026-01-21,MATH04_L14,34,3,66.4,54.2
A00237,L004,MATH04,2026-01-08,MATH04_L03,26,4,64.2,55.0
A00238,L004,MATH04,2026-04-29,MATH04_L01,23,4,71.3,81.3
A00239,L004,MATH04,2026-06-04,MATH04_L02,38,5,53.5,39.0
A00240,L004,MATH04,2026-02-27,MATH04_L08,39,3,82.8,82.2
A00241,L005,SCI01,2026-07-31,SCI01_L01,31,3,56.5,45.5
A00242,L005,SCI01,2025-09-16,SCI01_L04,19,2,53.4,42.5
A00243,L005,SCI01,2025-12-12,SCI01_L01,40,4,46.2,53.5
A00244,L005,SCI01,2026-07-16,SCI01_L03,28,4,43.3,45.0
A00245,L005,SCI01,2026-01-01,SCI01_L03,33,3,70.6,66.9
A00246,L005,SCI01,2026-05-01,SCI01_L11,29,3,53.1,64.6
A00247,L005,SCI01,2025-10-29,SCI01_L10,19,1,45.8,51.8
A00248,L005,SCI01,2025-12-21,SCI01_L08,13,3,43.2,73.1
A00249,L005,SCI01,2026-08-25,SCI01_L05,37,3,52.0,50.8
A00250,L005,SCI01,2026-03-08,SCI01_L03,28,3,59.4,63.3
A00251,L005,SCI01,2026-07-08,SCI01_L10,38,2,46.7,37.6
A00252,L005,MATH01,2025-11-23,MATH01_L05,23,3,56.3,56.2
A00253,L005,MATH01,2025-10-26,MATH01_L10,34,3,60.7,70.5
A00254,L005,MATH01,2025-09-14,MATH01_L05,35,3,63.2,47.4
A00255,L005,MATH01,2026-06-22,MATH01_L11,28,2,43.5,41.3
A00256,L005,MATH01,2026-03-12,MATH01_L07,34,3,52.5,58.3
A00257,L005,MATH01,2025-12-11,MATH01_L02,14,2,52.6,50.8
A00258,L005,MATH01,2026-07-01,MATH01_L12,35,4,42.4,57.0
A00259,L005,MATH01,2026-07-19,MATH01_L04,42,3,50.3,46.3
A00260,L005,MATH01,2025-10-23,MATH01_L12,28,2,47.1,49.2
A00261,L005,MATH01,2026-02-02,MATH01_L11,30,3,53.3,67.6
A00262,L005,MATH01,2026-07-05,MATH01_L02,18,1,59.6,70.8
A00263,L005,ELA01,2026-02-25,ELA01_L09,28,1,41.1,20.0
A00264,L005,ELA01,2026-04-08,ELA01_L11,36,2,56.4,25.3
A00265,L005,ELA01,2026-03-09,ELA01_L02,33,1,47.7,49.9
A00266,L005,ELA01,2026-05-18,ELA01_L11,35,3,51.9,40.2
A00267,L005,ELA01,2026-02-22,ELA01_L01,29,3,61.6,50.4
A00268,L005,ELA01,2026-04-04,ELA01_L08,23,2,48.5,69.0
A00269,L005,ELA01,2025-10-25,ELA01_L07,17,4,41.1,38.6
A00270,L005,ELA01,2026-03-05,ELA01_L11,38,2,46.7,68.6
A00271,L005,ELA01,2026-04-24,ELA01_L12,26,5,57.5,50.2
A00272,L005,ELA01,2025-11-18,ELA01_L07,33,4,58.0,76.7
A00273,L005,READ01,2026-05-26,READ01_L11,24,3,52.3,44.2
A00274,L005,READ01,2026-01-17,READ01_L10,31,2,68.1,70.4
A00275,L005,READ01,2026-06-03,READ01_L13,22,4,41.3,33.4
A00276,L005,READ01,2026-05-06,READ01_L08,34,4,43.7,52.3
A00277,L005,READ01,2026-04-12,READ01_L14,24,1,60.0,78.0
A00278,L005,READ01,2026-07-01,READ01_L05,28,4,49.5,56.1
A00279,L005,READ01,2026-02-13,READ01_L14,47,2,55.7,66.8
A00280,L005,READ01,2026-01-04,READ01_L14,32,4,52.5,58.6
A00281,L005,READ01,2025-10-15,READ01_L05,39,2,56.3,46.3
A00282,L005,READ01,2026-04-19,READ01_L04,14,5,43.7,30.4
A00283,L005,READ01,2026-04-26,READ01_L10,28,3,50.3,60.1
A00284,L005,READ01,2026-07-10,READ01_L11,25,2,58.9,62.3
A00285,L006,SCI01,2026-02-20,SCI01_L01,46,4,60.9,69.7
A00286,L006,SCI01,2026-05-12,SCI01_L06,43,3,68.1,52.6
A00287,L006,SCI01,2025-12-03,SCI01_L08,28,3,66.0,73.1
A00288,L006,SCI01,2025-12-18,SCI01_L06,34,3,72.8,93.2
A00289,L006,SCI01,2026-01-11,SCI01_L06,54,4,64.8,43.6
A00290,L006,SCI01,2026-01-22,SCI01_L10,36,4,68.9,77.0
A00291,L006,SCI01,2026-08-26,SCI01_L05,24,3,61.7,51.5
A00292,L006,SCI01,2026-06-12,SCI01_L01,38,5,58.2,62.9
A00293,L006,SCI01,2026-05-23,SCI01_L04,37,4,53.3,46.0
A00294,L006,SCI01,2025-10-14,SCI01_L04,33,2,61.8,69.6
A00295,L006,SCI01,2026-03-28,SCI01_L08,37,2,61.9,56.6
A00296,L006,SCI01,2026-06-12,SCI01_L04,30,5,68.6,63.8
A00297,L006,SCI01,2026-08-20,SCI01_L08,41,2,64.6,43.5
A00298,L006,SCI01,2026-07-28,SCI01_L12,43,3,50.6,81.3
A00299,L006,SCI01,2026-05-10,SCI01_L08,35,5,58.3,82.4
A00300,L006,SCI01,2025-09-09,SCI01_L02,43,4,79.3,86.4
A00301,L006,MATH01,2025-12-23,MATH01_L07,29,2,69.1,69.0
A00302,L006,MATH01,2026-08-21,MATH01_L04,30,4,61.5,72.9
A00303,L006,MATH01,2026-02-04,MATH01_L11,45,2,63.6,61.2
A00304,L006,MATH01,2026-06-25,MATH01_L06,18,3,57.1,55.7
A00305,L006,MATH01,2026-05-01,MATH01_L09,38,2,75.0,97.2
A00306,L006,MATH01,2026-05-30,MATH01_L06,38,3,72.6,61.1
A00307,L006,MATH01,2026-04-06,MATH01_L12,42,5,59.9,78.4
A00308,L006,MATH01,2026-06-09,MATH01_L06,24,3,58.9,37.7
A00309,L006,MATH01,2026-02-28,MATH01_L12,32,3,65.4,46.3
A00310,L006,MATH01,2026-04-21,MATH01_L05,29,2,67.0,32.5
A00311,L006,MATH01,2026-02-04,MATH01_L05,48,5,62.6,57.1
A00312,L006,MATH01,2025-12-28,MATH01_L02,37,2,58.0,61.6
A00313,L006,MATH01,2025-12-08,MATH01_L06,43,3,69.0,66.5
A00314,L006,MATH01,2025-11-01,MATH01_L12,27,3,55.8,60.2
A00315,L006,ELA01,2026-08-20,ELA01_L03,27,5,70.2,66.9
A00316,L006,ELA01,2025-12-08,ELA01_L04,27,1,62.7,73.3
A00317,L006,ELA01,2026-05-06,ELA01_L05,31,3,68.7,74.9
A00318,L006,ELA01,2026-06-29,ELA01_L09,29,4,50.3,35.3
A00319,L006,ELA01,2026-07-03,ELA01_L05,23,4,65.2,64.8
A00320,L006,ELA01,2025-10-22,ELA01_L04,43,2,49.9,40.2
A00321,L006,ELA01,2026-01-30,ELA01_L04,43,2,64.5,65.2
A00322,L006,ELA01,2026-03-04,ELA01_L03,39,3,66.3,61.9
A00323,L006,ELA01,2026-02-02,ELA01_L01,34,2,56.2,21.2
A00324,L006,ELA01,2026-08-29,ELA01_L09,41,1,66.3,54.2
A00325,L006,ELA01,2025-11-04,ELA01_L05,50,3,67.8,59.1
A00326,L006,ELA01,2025-09-24,ELA01_L01,44,2,61.4,51.8
A00327,L006,ELA01,2026-06-11,ELA01_L05,26,3,59.0,78.5
A00328,L006,ELA01,2026-08-24,ELA01_L03,31,3,65.4,46.7
A00329,L006,ELA01,2026-07-24,ELA01_L08,33,3,69.9,100.0
A00330,L006,ELA01,2025-10-23,ELA01_L01,27,3,65.2,79.0
A00331,L006,ELA01,2026-06-21,ELA01_L05,22,4,63.8,55.7
A00332,L006,ELA01,2026-04-29,ELA01_L08,42,3,77.8,93.2
A00333,L006,READ01,2026-02-22,READ01_L03,40,4,63.4,53.2
A00334,L006,READ01,2025-09-27,READ01_L05,42,3,57.7,52.9
A00335,L006,READ01,2026-05-03,READ01_L02,37,5,55.2,42.4
A00336,L006,READ01,2025-10-04,READ01_L07,45,3,63.0,68.5
A00337,L006,READ01,2026-05-10,READ01_L02,37,3,54.3,66.2
A00338,L006,READ01,2026-06-23,READ01_L11,54,4,72.3,76.3
A00339,L006,READ01,2026-08-18,READ01_L01,31,3,64.4,60.9
A00340,L006,READ01,2025-11-17,READ01_L03,44,2,64.2,77.9
A00341,L006,READ01,2026-06-16,READ01_L05,32,1,73.4,66.1
A00342,L006,READ01,2025-10-14,READ01_L04,33,2,73.2,67.2
A00343,L006,READ01,2025-10-31,READ01_L09,38,3,69.6,65.2
A00344,L006,READ01,2026-04-02,READ01_L10,26,5,59.7,55.8
A00345,L006,READ01,2026-07-03,READ01_L13,46,4,72.6,67.4
A00346,L006,READ01,2026-07-14,READ01_L04,33,2,66.1,70.0
A00347,L006,READ01,2026-05-26,READ01_L07,43,3,53.4,55.8
A00348,L006,READ01,2026-04-19,READ01_L08,31,4,65.1,59.4
A00349,L006,READ01,2026-01-31,READ01_L14,23,3,69.8,93.1
A00350,L007,SCI01,2026-02-04,SCI01_L10,26,3,50.0,52.2
A00351,L007,SCI01,2026-07-15,SCI01_L01,36,4,60.9,74.2
A00352,L007,SCI01,2026-07-10,SCI01_L12,30,4,61.3,84.1
A00353,L007,SCI01,2025-10-21,SCI01_L04,24,4,57.0,55.5
A00354,L007,SCI01,2026-07-18,SCI01_L04,39,2,40.7,39.6
A00355,L007,SCI01,2026-01-14,SCI01_L11,33,4,60.7,55.5
A00356,L007,SCI01,2025-10-12,SCI01_L03,30,4,62.2,69.5
A00357,L007,SCI01,2026-01-01,SCI01_L03,41,2,50.6,60.3
A00358,L007,SCI01,2026-06-10,SCI01_L02,47,3,61.0,56.8
A00359,L007,SCI01,2025-11-20,SCI01_L01,29,4,57.9,38.5
A00360,L007,SCI01,2026-03-29,SCI01_L08,23,4,49.6,70.2
A00361,L007,SCI01,2026-08-19,SCI01_L10,31,3,57.2,71.2
A00362,L007,SCI01,2026-04-29,SCI01_L05,34,4,50.6,56.6
A00363,L007,SCI01,2025-09-17,SCI01_L04,40,1,59.6,67.7
A00364,L007,SCI01,2026-01-26,SCI01_L12,17,3,52.8,69.3
A00365,L007,SCI01,2026-01-23,SCI01_L12,40,5,57.0,72.7
A00366,L007,READ01,2025-10-07,READ01_L11,38,3,71.2,51.9
A00367,L007,READ01,2025-12-29,READ01_L05,25,5,56.1,54.0
A00368,L007,READ01,2026-07-18,READ01_L10,36,3,59.0,79.4
A00369,L007,READ01,2026-08-05,READ01_L13,33,2,53.1,37.2
A00370,L007,READ01,2025-12-11,READ01_L07,32,2,53.2,44.8
A00371,L007,READ01,2025-10-29,READ01_L09,31,1,46.8,55.9
A00372,L007,READ01,2025-12-25,READ01_L11,20,3,58.7,49.7
A00373,L007,READ01,2025-11-16,READ01_L05,43,1,60.6,62.0
A00374,L007,READ01,2025-11-12,READ01_L02,37,3,56.8,47.7
A00375,L007,READ01,2025-10-01,READ01_L03,26,4,55.5,55.8
A00376,L007,READ01,2026-02-05,READ01_L10,31,2,73.3,55.1
A00377,L007,READ01,2026-06-19,READ01_L05,19,3,43.6,49.7
A00378,L007,READ01,2026-04-13,READ01_L02,39,2,45.4,47.2
A00379,L007,READ01,2026-04-28,READ01_L12,39,3,71.0,60.3
A00380,L007,READ01,2026-02-03,READ01_L12,26,3,40.8,29.0
A00381,L007,READ01,2026-03-26,READ01_L05,33,3,57.0,49.2
A00382,L007,READ01,2026-05-15,READ01_L09,35,2,59.4,76.3
A00383,L007,ELA01,2026-04-13,ELA01_L02,32,4,57.3,60.1
A00384,L007,ELA01,2026-07-04,ELA01_L01,34,2,65.7,70.0
A00385,L007,ELA01,2026-04-10,ELA01_L12,33,3,48.9,46.4
A00386,L007,ELA01,2026-02-13,ELA01_L10,17,2,57.0,58.1
A00387,L007,ELA01,2026-01-07,ELA01_L01,24,4,59.3,48.9
A00388,L007,ELA01,2025-10-17,ELA01_L04,35,2,65.8,87.1
A00389,L007,ELA01,2026-08-12,ELA01_L10,39,4,48.5,40.5
A00390,L007,ELA01,2026-06-28,ELA01_L01,30,3,69.2,72.3
A00391,L007,ELA01,2026-08-11,ELA01_L05,38,4,57.0,36.0
A00392,L007,ELA01,2026-06-23,ELA01_L01,19,4,68.5,82.0
A00393,L007,ELA01,2025-11-29,ELA01_L08,29,2,49.3,46.7
A00394,L007,ELA01,2026-05-24,ELA01_L11,38,4,55.6,72.3
A00395,L007,ELA01,2026-04-15,ELA01_L05,30,1,53.6,43.9
A00396,L007,ELA01,2025-12-02,ELA01_L10,45,2,65.8,58.7
A00397,L007,ELA01,2026-04-12,ELA01_L11,34,2,57.8,62.9
A00398,L007,ELA01,2026-05-10,ELA01_L02,32,3,54.3,54.3
A00399,L007,ELA01,2026-04-29,ELA01_L06,31,3,54.6,50.1
A00400,L007,MATH01,2026-02-18,MATH01_L06,45,3,56.0,52.4
A00401,L007,MATH01,2026-08-10,MATH01_L02,29,4,63.6,68.1
A00402,L007,MATH01,2025-11-22,MATH01_L06,35,1,57.2,43.7
A00403,L007,MATH01,2026-03-30,MATH01_L12,33,5,48.5,75.3
A00404,L007,MATH01,2026-05-12,MATH01_L05,36,1,63.2,56.6
A00405,L007,MATH01,2026-08-06,MATH01_L07,27,3,51.8,46.1
A00406,L007,MATH01,2026-06-09,MATH01_L01,38,2,42.2,45.1
A00407,L007,MATH01,2026-04-21,MATH01_L02,25,1,74.6,71.2
A00408,L007,MATH01,2026-02-09,MATH01_L05,48,2,66.9,72.8
A00409,L007,MATH01,2026-02-13,MATH01_L02,31,6,54.3,36.3
A00410,L007,MATH01,2026-03-26,MATH01_L09,36,4,60.1,61.3
A00411,L007,MATH01,2025-09-01,MATH01_L11,29,3,60.5,56.4
A00412,L007,MATH01,2026-06-05,MATH01_L08,29,3,63.0,62.7
A00413,L007,MATH01,2026-03-31,MATH01_L01,32,1,67.1,82.2
A00414,L007,MATH01,2025-12-06,MATH01_L09,27,2,50.8,67.3
A00415,L007,MATH01,2026-03-05,MATH01_L10,57,4,41.0,43.6
A00416,L008,ELA03,2026-07-18,ELA03_L08,40,4,75.4,83.1
A00417,L008,ELA03,2025-09-27,ELA03_L04,38,4,80.3,78.4
A00418,L008,ELA03,2026-01-15,ELA03_L09,46,4,74.3,39.0
A00419,L008,ELA03,2025-11-07,ELA03_L05,39,4,81.1,76.4
A00420,L008,ELA03,2026-04-13,ELA03_L12,45,3,84.8,89.7
A00421,L008,ELA03,2026-05-07,ELA03_L02,26,3,68.0,78.4
A00422,L008,ELA03,2025-09-15,ELA03_L11,41,5,83.4,89.6
A00423,L008,ELA03,2026-07-09,ELA03_L04,41,5,70.7,79.7
A00424,L008,ELA03,2026-08-30,ELA03_L03,43,4,85.3,98.2
A00425,L008,ELA03,2026-02-07,ELA03_L09,30,4,75.6,66.7
A00426,L008,ELA03,2025-09-08,ELA03_L09,36,3,70.4,66.7
A00427,L008,ELA03,2026-03-28,ELA03_L02,39,4,60.7,50.9
A00428,L008,ELA03,2025-12-25,ELA03_L02,45,2,81.1,71.9
A00429,L008,ELA03,2026-04-25,ELA03_L02,30,5,69.7,67.3
A00430,L008,ELA03,2026-07-29,ELA03_L03,21,4,73.7,58.8
A00431,L008,ELA03,2026-05-14,ELA03_L12,39,5,76.3,60.6
A00432,L008,ELA03,2026-01-28,ELA03_L09,39,6,51.7,66.5
A00433,L008,SCI02,2026-04-01,SCI02_L14,33,5,77.5,65.8
A00434,L008,SCI02,2026-05-06,SCI02_L08,41,5,79.6,100.0
A00435,L008,SCI02,2026-01-03,SCI02_L08,33,4,78.9,57.7
A00436,L008,SCI02,2026-06-10,SCI02_L03,34,3,70.3,72.1
A00437,L008,SCI02,2026-03-16,SCI02_L04,46,4,69.2,69.1
A00438,L008,SCI02,2026-07-04,SCI02_L09,38,5,73.2,62.8
A00439,L008,SCI02,2025-11-09,SCI02_L14,35,2,70.5,60.7
A00440,L008,SCI02,2025-10-06,SCI02_L05,44,4,72.0,74.3
A00441,L008,SCI02,2026-04-01,SCI02_L06,36,4,82.6,81.4
A00442,L008,SCI02,2026-05-18,SCI02_L05,33,1,77.9,76.3
A00443,L008,SCI02,2025-09-02,SCI02_L05,45,5,87.2,100.0
A00444,L008,SCI02,2026-01-31,SCI02_L14,39,3,76.5,72.7
A00445,L008,SCI02,2026-06-28,SCI02_L10,47,4,80.7,75.3
A00446,L008,SCI02,2026-08-04,SCI02_L08,42,2,75.8,48.3
A00447,L008,ELA02,2026-04-17,ELA02_L09,27,3,71.4,69.6
A00448,L008,ELA02,2026-05-06,ELA02_L06,49,4,72.2,75.8
A00449,L008,ELA02,2026-02-18,ELA02_L09,28,5,80.8,79.9
A00450,L008,ELA02,2026-06-06,ELA02_L07,29,2,81.2,91.0
A00451,L008,ELA02,2026-04-22,ELA02_L06,30,3,78.8,92.3
A00452,L008,ELA02,2025-12-06,ELA02_L12,50,3,66.3,74.0
A00453,L008,ELA02,2026-01-01,ELA02_L10,42,3,73.2,71.2
A00454,L008,ELA02,2026-03-16,ELA02_L04,29,5,76.1,70.0
A00455,L008,ELA02,2026-03-30,ELA02_L01,29,1,74.0,71.7
A00456,L008,ELA02,2026-02-10,ELA02_L12,44,4,95.1,92.0
A00457,L008,ELA02,2026-05-01,ELA02_L12,42,3,76.0,89.4
A00458,L008,ELA02,2026-03-15,ELA02_L07,43,4,81.5,81.8
A00459,L008,MATH03,2026-05-12,MATH03_L01,42,3,81.2,74.3
A00460,L008,MATH03,2025-11-04,MATH03_L09,50,3,76.6,59.0
A00461,L008,MATH03,2026-06-30,MATH03_L06,38,4,77.1,80.1
A00462,L008,MATH03,2025-10-22,MATH03_L08,49,2,74.0,64.1
A00463,L008,MATH03,2025-10-22,MATH03_L09,24,4,75.0,94.9
A00464,L008,MATH03,2026-04-22,MATH03_L01,39,3,76.0,68.6
A00465,L008,MATH03,2025-11-13,MATH03_L07,35,5,72.8,79.5
A00466,L008,MATH03,2026-08-02,MATH03_L03,39,4,66.9,80.6
A00467,L008,MATH03,2025-10-09,MATH03_L08,29,3,88.5,73.4
A00468,L008,MATH03,2026-01-14,MATH03_L06,41,5,73.9,73.0
A00469,L008,MATH03,2026-07-17,MATH03_L12,38,3,73.3,98.3
A00470,L008,MATH03,2026-03-23,MATH03_L11,39,6,62.9,63.0
A00471,L009,READ01,2026-02-16,READ01_L14,35,4,74.8,91.3
A00472,L009,READ01,2026-08-12,READ01_L14,50,2,58.6,55.4
A00473,L009,READ01,2026-06-01,READ01_L07,42,2,72.9,78.4
A00474,L009,READ01,2026-02-10,READ01_L11,26,4,92.5,84.6
A00475,L009,READ01,2026-05-08,READ01_L14,38,3,79.7,85.6
A00476,L009,READ01,2026-06-05,READ01_L01,36,5,90.8,75.2
A00477,L009,READ01,2026-07-14,READ01_L02,41,5,68.7,72.9
A00478,L009,READ01,2025-12-30,READ01_L11,37,3,73.8,81.1
A00479,L009,READ01,2026-08-17,READ01_L05,34,3,83.4,86.6
A00480,L009,READ01,2025-12-26,READ01_L12,37,6,72.8,69.9
A00481,L009,READ01,2025-10-17,READ01_L07,32,5,73.5,71.3
A00482,L009,ELA01,2026-07-22,ELA01_L12,48,5,71.1,63.9
A00483,L009,ELA01,2025-10-22,ELA01_L08,45,3,61.4,70.9
A00484,L009,ELA01,2025-11-25,ELA01_L12,45,3,60.6,69.3
A00485,L009,ELA01,2026-02-01,ELA01_L01,30,3,76.4,84.7
A00486,L009,ELA01,2025-09-24,ELA01_L06,42,6,77.2,58.4
A00487,L009,ELA01,2025-09-29,ELA01_L05,38,3,89.3,73.3
A00488,L009,ELA01,2026-03-03,ELA01_L06,45,4,74.8,93.0
A00489,L009,ELA01,2026-04-09,ELA01_L03,37,3,64.7,69.1
A00490,L009,ELA01,2026-01-04,ELA01_L09,34,1,83.4,85.8
A00491,L009,ELA01,2026-03-30,ELA01_L10,41,5,79.8,67.0
A00492,L009,ELA01,2026-08-16,ELA01_L03,47,2,81.8,85.6
A00493,L009,SCI01,2025-11-29,SCI01_L02,37,4,72.3,66.5
A00494,L009,SCI01,2026-07-10,SCI01_L07,38,3,70.9,57.9
A00495,L009,SCI01,2026-07-15,SCI01_L11,28,4,81.8,87.3
A00496,L009,SCI01,2026-01-02,SCI01_L08,32,5,62.5,50.8
A00497,L009,SCI01,2026-06-26,SCI01_L03,41,5,72.6,69.6
A00498,L009,SCI01,2025-12-28,SCI01_L08,49,6,71.6,83.3
A00499,L009,SCI01,2026-07-24,SCI01_L05,31,3,77.0,83.3
A00500,L009,SCI01,2026-04-24,SCI01_L05,49,4,79.7,61.6
A00501,L009,SCI01,2026-08-08,SCI01_L01,29,3,84.7,87.7
A00502,L009,SCI01,2026-04-27,SCI01_L05,62,4,92.3,90.1
A00503,L009,SCI01,2026-08-13,SCI01_L09,45,3,80.6,100.0
A00504,L009,SCI01,2025-11-20,SCI01_L02,41,4,78.2,83.2
A00505,L009,MATH01,2026-02-24,MATH01_L10,32,3,83.0,69.8
A00506,L009,MATH01,2026-02-01,MATH01_L11,44,4,79.8,99.9
A00507,L009,MATH01,2026-04-06,MATH01_L12,43,3,76.3,71.6
A00508,L009,MATH01,2026-01-07,MATH01_L08,44,4,81.9,81.0
A00509,L009,MATH01,2026-02-02,MATH01_L04,35,5,64.2,71.1
A00510,L009,MATH01,2026-03-16,MATH01_L08,38,4,80.3,72.4
A00511,L009,MATH01,2025-10-25,MATH01_L04,41,4,81.9,75.6
A00512,L009,MATH01,2026-03-15,MATH01_L10,46,3,59.1,48.8
A00513,L009,MATH01,2026-03-03,MATH01_L10,34,5,81.9,89.3
A00514,L009,MATH01,2026-01-30,MATH01_L12,26,5,81.8,84.9
A00515,L009,MATH01,2026-01-30,MATH01_L01,39,2,73.4,78.3
A00516,L009,MATH01,2026-08-04,MATH01_L07,27,2,68.1,81.4
A00517,L009,MATH01,2026-01-19,MATH01_L01,50,3,71.3,50.8
A00518,L009,MATH01,2026-06-17,MATH01_L11,47,4,67.4,60.8
A00519,L009,MATH01,2025-09-26,MATH01_L10,41,5,77.6,95.0
A00520,L009,MATH01,2026-05-13,MATH01_L05,27,3,73.5,76.6
A00521,L009,MATH01,2025-12-27,MATH01_L10,30,4,68.6,68.0
A00522,L010,MATH04,2025-12-22,MATH04_L07,29,3,68.1,57.0
A00523,L010,MATH04,2026-07-15,MATH04_L09,43,2,74.9,63.8
A00524,L010,MATH04,2026-08-14,MATH04_L05,30,3,55.8,38.4
A00525,L010,MATH04,2026-07-19,MATH04_L04,27,4,60.4,61.2
A00526,L010,MATH04,2026-07-19,MATH04_L02,36,3,62.0,58.8
A00527,L010,MATH04,2026-02-06,MATH04_L15,46,2,81.2,91.1
A00528,L010,MATH04,2025-09-18,MATH04_L12,26,4,74.3,92.7
A00529,L010,MATH04,2025-11-07,MATH04_L03,27,4,58.8,62.1
A00530,L010,MATH04,2026-01-30,MATH04_L11,38,4,72.2,56.3
A00531,L010,MATH04,2026-04-01,MATH04_L06,44,3,76.2,75.6
A00532,L010,MATH04,2025-12-12,MATH04_L05,39,4,55.5,54.8
A00533,L010,MATH04,2026-06-04,MATH04_L12,32,4,76.8,64.6
A00534,L010,MATH04,2026-05-30,MATH04_L09,33,4,67.6,63.2
A00535,L010,MATH04,2025-11-24,MATH04_L09,41,3,66.7,47.5
A00536,L010,MATH04,2026-05-05,MATH04_L10,46,2,81.8,90.1
A00537,L010,ELA04,2025-10-29,ELA04_L15,37,4,63.8,61.0
A00538,L010,ELA04,2025-10-09,ELA04_L05,29,2,61.5,51.5
A00539,L010,ELA04,2025-12-25,ELA04_L13,29,4,67.3,85.1
A00540,L010,ELA04,2026-06-13,ELA04_L12,37,4,63.2,68.8
A00541,L010,ELA04,2025-10-17,ELA04_L13,41,4,68.4,53.5
A00542,L010,ELA04,2025-09-08,ELA04_L09,42,3,74.7,75.2
A00543,L010,ELA04,2026-06-02,ELA04_L04,33,4,73.3,100.0
A00544,L010,ELA04,2026-04-21,ELA04_L12,24,4,61.5,70.2
A00545,L010,ELA04,2026-08-11,ELA04_L09,46,2,65.9,74.3
A00546,L010,ELA04,2026-06-27,ELA04_L13,49,5,62.9,53.7
A00547,L010,ELA04,2026-07-24,ELA04_L12,42,3,63.4,62.9
A00548,L010,ELA04,2025-10-26,ELA04_L08,19,3,68.0,59.7
A00549,L010,ELA04,2026-04-30,ELA04_L01,46,2,63.8,73.6
A00550,L010,ELA04,2026-07-15,ELA04_L11,33,4,65.6,69.6
A00551,L010,ELA04,2026-07-10,ELA04_L08,43,3,72.4,65.0
A00552,L010,SCI03,2026-07-23,SCI03_L14,28,6,59.1,74.0
A00553,L010,SCI03,2026-04-26,SCI03_L15,24,4,57.0,63.6
A00554,L010,SCI03,2026-08-25,SCI03_L05,33,3,72.2,76.1
A00555,L010,SCI03,2026-07-30,SCI03_L07,17,3,68.5,58.3
A00556,L010,SCI03,2025-10-30,SCI03_L03,59,4,69.2,65.4
A00557,L010,SCI03,2025-09-24,SCI03_L01,39,4,75.2,82.4
A00558,L010,SCI03,2026-02-03,SCI03_L08,26,4,84.2,73.1
A00559,L010,SCI03,2025-10-30,SCI03_L02,27,3,72.2,68.7
A00560,L010,SCI03,2025-12-30,SCI03_L15,42,2,75.6,76.3
A00561,L010,SCI03,2026-06-03,SCI03_L03,25,3,62.1,58.4
A00562,L010,SCI03,2026-03-18,SCI03_L08,38,2,87.2,80.4
A00563,L010,READ01,2026-08-10,READ01_L12,52,2,76.0,53.4
A00564,L010,READ01,2026-08-23,READ01_L09,38,3,82.8,89.2
A00565,L010,READ01,2026-04-03,READ01_L10,35,4,46.7,57.8
A00566,L010,READ01,2025-11-19,READ01_L07,36,2,59.7,62.7
A00567,L010,READ01,2026-08-02,READ01_L02,32,2,60.6,68.4
A00568,L010,READ01,2026-05-09,READ01_L10,33,3,74.7,57.3
A00569,L010,READ01,2026-03-28,READ01_L05,34,6,65.4,52.1
A00570,L010,READ01,2025-09-17,READ01_L12,43,4,79.5,100.0
A00571,L010,READ01,2026-03-09,READ01_L04,38,3,70.8,85.5
A00572,L010,READ01,2026-04-16,READ01_L08,30,2,76.6,74.1
A00573,L010,READ01,2025-12-30,READ01_L14,34,5,61.4,55.9
A00574,L010,READ01,2026-03-05,READ01_L02,35,4,67.4,40.5
A00575,L010,READ01,2026-08-18,READ01_L06,37,5,62.9,57.0
A00576,L010,READ01,2026-06-06,READ01_L11,40,3,52.8,38.5
A00577,L010,READ01,2026-03-03,READ01_L01,33,3,62.8,36.3
A00578,L011,ELA01,2026-01-20,ELA01_L04,54,6,100.0,86.3
A00579,L011,ELA01,2025-11-02,ELA01_L08,44,5,95.6,100.0
A00580,L011,ELA01,2025-10-17,ELA01_L11,44,5,91.4,100.0
A00581,L011,ELA01,2025-12-18,ELA01_L11,50,5,100.0,100.0
A00582,L011,ELA01,2026-07-25,ELA01_L10,37,6,100.0,100.0
A00583,L011,ELA01,2025-09-11,ELA01_L01,40,5,93.7,99.2
A00584,L011,ELA01,2026-02-18,ELA01_L04,46,7,98.8,100.0
A00585,L011,ELA01,2025-11-04,ELA01_L10,51,4,98.8,100.0
A00586,L011,ELA01,2025-12-15,ELA01_L02,42,4,100.0,92.2
A00587,L011,ELA01,2026-06-11,ELA01_L04,37,4,88.5,71.6
A00588,L011,ELA01,2026-06-28,ELA01_L04,51,4,97.4,100.0
A00589,L011,ELA01,2025-12-29,ELA01_L06,52,4,100.0,100.0
A00590,L011,ELA01,2025-11-15,ELA01_L10,51,5,88.5,95.1
A00591,L011,ELA01,2025-09-02,ELA01_L05,37,5,87.8,76.4
A00592,L011,ELA01,2025-11-14,ELA01_L03,33,6,100.0,85.2
A00593,L011,ELA01,2026-06-04,ELA01_L05,49,4,100.0,100.0
A00594,L011,SCI01,2025-10-27,SCI01_L11,39,4,99.3,75.8
A00595,L011,SCI01,2025-09-14,SCI01_L03,31,5,100.0,96.8
A00596,L011,SCI01,2025-09-08,SCI01_L06,41,5,100.0,100.0
A00597,L011,SCI01,2025-12-31,SCI01_L10,46,5,99.9,81.5
A00598,L011,SCI01,2026-02-13,SCI01_L01,49,4,100.0,97.1
A00599,L011,SCI01,2025-11-29,SCI01_L05,43,5,96.9,100.0
A00600,L011,SCI01,2025-09-27,SCI01_L03,33,5,100.0,100.0
A00601,L011,SCI01,2026-04-04,SCI01_L09,52,7,100.0,100.0
A00602,L011,SCI01,2025-10-29,SCI01_L12,52,5,99.2,99.5
A00603,L011,SCI01,2025-10-03,SCI01_L08,56,4,94.4,100.0
A00604,L011,SCI01,2026-04-18,SCI01_L06,32,5,100.0,74.8
A00605,L011,SCI01,2026-05-21,SCI01_L10,51,4,100.0,100.0
A00606,L011,MATH01,2026-04-20,MATH01_L09,40,4,100.0,100.0
A00607,L011,MATH01,2025-12-23,MATH01_L10,44,6,100.0,100.0
A00608,L011,MATH01,2025-09-23,MATH01_L12,40,6,91.3,100.0
A00609,L011,MATH01,2026-08-04,MATH01_L09,37,7,100.0,93.6
A00610,L011,MATH01,2026-02-02,MATH01_L08,46,6,94.5,100.0
A00611,L011,MATH01,2026-07-27,MATH01_L01,47,5,100.0,100.0
A00612,L011,MATH01,2025-10-02,MATH01_L08,41,5,77.0,63.2
A00613,L011,MATH01,2026-03-25,MATH01_L07,42,7,100.0,100.0
A00614,L011,MATH01,2026-08-18,MATH01_L02,42,5,93.5,88.1
A00615,L011,MATH01,2026-05-10,MATH01_L12,38,4,98.8,100.0
A00616,L011,MATH01,2026-04-16,MATH01_L02,37,6,100.0,92.4
A00617,L011,READ01,2026-02-12,READ01_L10,50,5,99.3,100.0
A00618,L011,READ01,2025-11-15,READ01_L02,42,5,93.1,84.1
A00619,L011,READ01,2025-11-04,READ01_L05,31,4,95.8,92.4
A00620,L011,READ01,2026-07-17,READ01_L11,42,5,95.2,100.0
A00621,L011,READ01,2026-06-27,READ01_L09,38,4,100.0,87.5
A00622,L011,READ01,2026-08-31,READ01_L06,41,4,93.3,77.8
A00623,L011,READ01,2026-03-15,READ01_L10,45,5,93.6,86.9
A00624,L011,READ01,2026-05-30,READ01_L05,36,5,93.9,83.7
A00625,L011,READ01,2026-04-21,READ01_L09,29,5,100.0,100.0
A00626,L011,READ01,2026-07-07,READ01_L07,65,5,98.7,86.6
A00627,L011,READ01,2025-10-21,READ01_L13,29,5,96.5,86.5
A00628,L012,MATH01,2026-08-02,MATH01_L11,36,4,92.2,84.6
A00629,L012,MATH01,2026-06-10,MATH01_L12,37,6,98.8,100.0
A00630,L012,MATH01,2025-12-20,MATH01_L07,43,5,88.7,65.6
A00631,L012,MATH01,2026-04-20,MATH01_L04,47,4,82.6,65.8
A00632,L012,MATH01,2026-03-31,MATH01_L06,54,5,84.5,83.7
A00633,L012,MATH01,2026-04-21,MATH01_L07,37,3,92.5,81.4
A00634,L012,MATH01,2026-04-01,MATH01_L12,38,4,97.4,93.8
A00635,L012,MATH01,2025-10-19,MATH01_L06,53,6,100.0,98.1
A00636,L012,MATH01,2026-04-07,MATH01_L06,28,6,87.2,73.2
A00637,L012,MATH01,2026-08-07,MATH01_L05,31,4,86.6,76.6
A00638,L012,MATH01,2026-03-11,MATH01_L03,36,4,80.0,90.0
A00639,L012,ELA01,2025-10-05,ELA01_L02,42,5,76.0,69.9
A00640,L012,ELA01,2025-10-14,ELA01_L02,38,5,79.1,81.5
A00641,L012,ELA01,2026-04-10,ELA01_L02,44,3,80.6,88.8
A00642,L012,ELA01,2026-03-10,ELA01_L03,37,3,88.1,77.5
A00643,L012,ELA01,2026-06-12,ELA01_L01,50,4,89.1,94.6
A00644,L012,ELA01,2026-06-28,ELA01_L09,35,4,68.2,57.3
A00645,L012,ELA01,2026-06-15,ELA01_L06,35,5,77.4,75.1
A00646,L012,ELA01,2026-08-10,ELA01_L02,23,4,67.0,72.5
A00647,L012,ELA01,2026-03-30,ELA01_L06,36,4,62.9,79.6
A00648,L012,ELA01,2026-08-07,ELA01_L07,43,4,81.8,56.2
A00649,L012,ELA01,2025-09-27,ELA01_L05,42,5,91.0,100.0
A00650,L012,ELA01,2026-07-05,ELA01_L05,54,4,68.2,71.6
A00651,L012,ELA01,2026-02-28,ELA01_L02,37,4,84.5,88.5
A00652,L012,ELA01,2026-06-23,ELA01_L09,46,4,72.7,59.2
A00653,L012,ELA01,2025-12-18,ELA01_L03,50,4,81.3,85.6
A00654,L012,ELA01,2026-08-03,ELA01_L08,46,5,79.0,100.0
A00655,L012,ELA01,2025-12-24,ELA01_L02,45,4,83.5,99.0
A00656,L012,READ01,2026-06-12,READ01_L06,46,4,79.1,78.3
A00657,L012,READ01,2025-10-29,READ01_L13,42,4,85.6,88.2
A00658,L012,READ01,2026-01-21,READ01_L10,48,5,97.5,92.0
A00659,L012,READ01,2025-12-25,READ01_L13,48,5,77.8,95.4
A00660,L012,READ01,2026-04-08,READ01_L14,38,3,80.0,75.3
A00661,L012,READ01,2026-06-15,READ01_L13,36,5,92.8,90.6
A00662,L012,READ01,2026-07-16,READ01_L10,31,4,87.5,51.6
A00663,L012,READ01,2026-08-12,READ01_L11,27,5,83.4,92.7
A00664,L012,READ01,2026-06-13,READ01_L01,52,3,88.6,100.0
A00665,L012,READ01,2026-07-09,READ01_L11,38,5,92.3,79.1
A00666,L012,READ01,2026-08-22,READ01_L05,35,4,78.3,65.6
A00667,L012,READ01,2025-09-15,READ01_L03,38,5,94.7,87.8
A00668,L012,READ01,2026-01-18,READ01_L12,42,2,70.3,69.5
A00669,L012,READ01,2026-02-06,READ01_L06,56,5,73.9,75.2
A00670,L012,READ01,2026-02-27,READ01_L01,33,5,95.0,97.4
A00671,L012,SCI01,2025-11-13,SCI01_L10,50,5,87.0,90.4
A00672,L012,SCI01,2026-08-03,SCI01_L07,32,4,71.6,72.8
A00673,L012,SCI01,2025-10-06,SCI01_L03,59,6,75.8,83.1
A00674,L012,SCI01,2026-07-22,SCI01_L01,38,3,85.4,86.4
A00675,L012,SCI01,2025-10-17,SCI01_L12,30,5,86.9,85.1
A00676,L012,SCI01,2026-05-30,SCI01_L04,33,4,69.6,92.3
A00677,L012,SCI01,2026-03-12,SCI01_L07,29,5,89.3,70.8
A00678,L012,SCI01,2026-04-21,SCI01_L06,36,4,93.5,100.0
A00679,L012,SCI01,2025-11-20,SCI01_L06,29,4,74.6,87.0
A00680,L012,SCI01,2026-02-07,SCI01_L12,17,4,72.7,79.3
A00681,L012,SCI01,2026-02-14,SCI01_L10,36,4,94.5,100.0
A00682,L012,SCI01,2026-07-03,SCI01_L02,37,4,69.9,75.3
A00683,L013,MATH04,2025-11-19,MATH04_L06,30,1,47.4,39.5
A00684,L013,MATH04,2026-07-14,MATH04_L02,22,3,55.1,60.5
A00685,L013,MATH04,2026-08-12,MATH04_L03,31,2,48.7,46.3
A00686,L013,MATH04,2026-01-18,MATH04_L15,31,2,56.4,59.1
A00687,L013,MATH04,2026-08-05,MATH04_L14,14,4,57.2,53.2
A00688,L013,MATH04,2026-05-07,MATH04_L15,40,1,54.9,46.4
A00689,L013,MATH04,2026-04-01,MATH04_L09,24,4,49.2,38.9
A00690,L013,MATH04,2025-12-20,MATH04_L04,32,1,47.0,42.3
A00691,L013,MATH04,2026-02-24,MATH04_L14,27,2,54.0,47.7
A00692,L013,MATH04,2025-10-27,MATH04_L10,33,4,39.4,39.6
A00693,L013,READ01,2026-05-28,READ01_L11,35,1,53.3,73.7
A00694,L013,READ01,2026-02-05,READ01_L01,43,2,53.1,74.9
A00695,L013,READ01,2025-12-22,READ01_L07,34,3,57.7,54.7
A00696,L013,READ01,2026-07-04,READ01_L01,31,1,61.1,47.7
A00697,L013,READ01,2025-09-04,READ01_L04,32,3,50.0,64.6
A00698,L013,READ01,2026-02-02,READ01_L04,31,1,35.9,45.0
A00699,L013,READ01,2025-11-10,READ01_L13,33,2,50.7,66.1
A00700,L013,READ01,2026-01-09,READ01_L05,35,2,59.8,66.8
A00701,L013,READ01,2026-02-15,READ01_L02,37,4,45.8,58.7
A00702,L013,READ01,2025-09-04,READ01_L08,33,1,45.6,52.5
A00703,L013,READ01,2026-04-09,READ01_L03,15,1,55.1,51.7
A00704,L013,READ01,2025-11-06,READ01_L07,20,3,49.1,52.1
A00705,L013,READ01,2026-05-31,READ01_L12,24,4,49.9,69.8
A00706,L013,READ01,2025-12-27,READ01_L09,25,3,47.6,43.3
A00707,L013,READ01,2026-06-14,READ01_L14,36,1,50.4,66.2
A00708,L013,READ01,2026-08-09,READ01_L13,27,2,52.1,51.6
A00709,L013,READ01,2026-03-01,READ01_L02,42,3,37.6,43.0
A00710,L013,SCI03,2025-09-22,SCI03_L07,22,3,59.1,55.9
A00711,L013,SCI03,2025-09-10,SCI03_L08,13,2,58.3,51.0
A00712,L013,SCI03,2025-10-10,SCI03_L14,34,2,54.9,46.4
A00713,L013,SCI03,2026-02-08,SCI03_L10,23,3,50.6,46.2
A00714,L013,SCI03,2026-04-08,SCI03_L10,27,2,28.2,20.0
A00715,L013,SCI03,2026-03-27,SCI03_L12,31,4,41.6,45.3
A00716,L013,SCI03,2026-07-25,SCI03_L07,34,2,46.6,38.3
A00717,L013,SCI03,2026-01-27,SCI03_L02,16,2,42.2,44.1
A00718,L013,SCI03,2026-03-27,SCI03_L01,27,2,50.7,58.0
A00719,L013,SCI03,2026-02-14,SCI03_L03,36,2,40.9,31.9
A00720,L013,SCI03,2026-07-14,SCI03_L08,26,4,39.7,45.9
A00721,L013,SCI03,2026-08-20,SCI03_L15,34,1,59.3,55.3
A00722,L013,SCI03,2026-03-05,SCI03_L02,41,1,45.2,56.0
A00723,L013,SCI03,2026-04-12,SCI03_L14,45,2,58.6,67.2
A00724,L013,SCI03,2025-10-25,SCI03_L04,25,1,69.7,47.2
A00725,L013,SCI03,2026-04-12,SCI03_L10,15,2,57.2,62.4
A00726,L013,ELA04,2026-05-27,ELA04_L03,33,3,53.0,68.3
A00727,L013,ELA04,2026-03-22,ELA04_L10,25,2,43.9,53.8
A00728,L013,ELA04,2026-02-21,ELA04_L08,34,4,58.7,44.6
A00729,L013,ELA04,2026-02-18,ELA04_L06,42,3,64.8,86.2
A00730,L013,ELA04,2025-10-10,ELA04_L04,26,2,38.2,46.9
A00731,L013,ELA04,2026-05-30,ELA04_L07,36,4,43.1,51.4
A00732,L013,ELA04,2026-02-26,ELA04_L12,22,2,53.8,68.7
A00733,L013,ELA04,2026-07-28,ELA04_L05,30,2,57.7,33.4
A00734,L013,ELA04,2025-12-30,ELA04_L04,45,1,42.9,45.2
A00735,L013,ELA04,2025-11-14,ELA04_L09,20,3,59.5,70.8
A00736,L013,ELA04,2025-12-11,ELA04_L06,53,1,51.6,64.3
A00737,L013,ELA04,2026-07-06,ELA04_L05,36,3,50.1,41.3
A00738,L013,ELA04,2026-08-02,ELA04_L03,15,3,53.3,56.9
A00739,L013,ELA04,2025-11-30,ELA04_L16,38,3,56.6,58.4
A00740,L013,ELA04,2026-04-26,ELA04_L15,24,4,44.4,61.7
A00741,L013,ELA04,2026-08-15,ELA04_L11,30,2,49.6,63.7
A00742,L014,SCI03,2025-11-17,SCI03_L08,55,3,89.2,84.6
A00743,L014,SCI03,2025-10-05,SCI03_L08,45,4,85.7,75.2
A00744,L014,SCI03,2026-04-15,SCI03_L11,45,3,90.9,100.0
A00745,L014,SCI03,2026-02-03,SCI03_L13,41,4,93.2,99.9
A00746,L014,SCI03,2026-01-19,SCI03_L10,40,2,77.0,87.5
A00747,L014,SCI03,2025-09-29,SCI03_L06,52,4,71.4,68.8
A00748,L014,SCI03,2026-05-18,SCI03_L02,37,6,78.8,49.0
A00749,L014,SCI03,2026-02-06,SCI03_L08,42,3,94.1,81.2
A00750,L014,SCI03,2026-04-20,SCI03_L01,32,3,97.3,100.0
A00751,L014,SCI03,2025-09-30,SCI03_L06,32,4,86.6,74.3
A00752,L014,SCI03,2026-01-25,SCI03_L02,48,5,92.7,97.0
A00753,L014,SCI03,2026-07-28,SCI03_L14,40,3,98.0,100.0
A00754,L014,SCI03,2025-10-17,SCI03_L10,32,4,100.0,100.0
A00755,L014,SCI03,2026-07-02,SCI03_L09,32,5,83.4,100.0
A00756,L014,SCI03,2026-03-16,SCI03_L08,32,3,85.4,88.5
A00757,L014,MATH04,2025-09-22,MATH04_L15,43,4,92.7,85.6
A00758,L014,MATH04,2026-06-20,MATH04_L07,46,5,75.1,56.6
A00759,L014,MATH04,2026-02-12,MATH04_L16,44,6,96.6,80.5
A00760,L014,MATH04,2026-05-15,MATH04_L05,38,5,72.9,94.5
A00761,L014,MATH04,2025-10-02,MATH04_L15,38,3,89.5,100.0
A00762,L014,MATH04,2025-10-23,MATH04_L11,53,4,76.1,95.2
A00763,L014,MATH04,2025-10-14,MATH04_L06,39,4,89.3,85.2
A00764,L014,MATH04,2025-09-21,MATH04_L08,40,4,87.3,85.3
A00765,L014,MATH04,2026-08-29,MATH04_L15,23,5,84.5,72.7
A00766,L014,MATH04,2026-04-13,MATH04_L06,26,2,74.6,58.4
A00767,L014,MATH04,2026-03-06,MATH04_L12,55,4,78.2,80.3
A00768,L014,MATH04,2026-01-23,MATH04_L13,41,4,87.1,72.7
A00769,L014,MATH04,2026-03-29,MATH04_L11,54,3,95.5,83.2
A00770,L014,MATH04,2026-08-14,MATH04_L02,32,5,81.6,72.9
A00771,L014,MATH04,2026-07-21,MATH04_L11,49,4,100.0,100.0
A00772,L014,MATH04,2025-10-04,MATH04_L11,35,3,92.7,93.6
A00773,L014,MATH04,2025-10-19,MATH04_L13,41,3,90.8,81.1
A00774,L014,MATH04,2026-01-24,MATH04_L09,39,6,83.3,66.6
A00775,L014,READ01,2026-02-18,READ01_L02,52,6,87.9,83.1
A00776,L014,READ01,2026-06-26,READ01_L11,44,4,87.8,86.6
A00777,L014,READ01,2025-11-12,READ01_L06,19,5,87.3,88.9
A00778,L014,READ01,2026-02-06,READ01_L11,56,4,82.1,77.2
A00779,L014,READ01,2026-08-24,READ01_L11,33,4,99.8,98.0
A00780,L014,READ01,2026-03-20,READ01_L03,41,3,90.6,84.2
A00781,L014,READ01,2026-07-02,READ01_L12,39,5,79.0,84.0
A00782,L014,READ01,2025-10-14,READ01_L05,48,4,69.7,86.3
A00783,L014,READ01,2026-06-14,READ01_L07,48,5,87.4,100.0
A00784,L014,READ01,2026-07-27,READ01_L13,39,6,88.0,98.7
A00785,L014,READ01,2026-02-16,READ01_L14,29,3,88.5,92.0
A00786,L014,READ01,2025-11-05,READ01_L11,35,4,85.0,100.0
A00787,L014,ELA04,2025-10-18,ELA04_L14,31,4,89.4,79.8
A00788,L014,ELA04,2026-05-19,ELA04_L12,36,4,80.8,65.7
A00789,L014,ELA04,2025-09-10,ELA04_L12,35,1,82.8,100.0
A00790,L014,ELA04,2026-02-06,ELA04_L06,37,4,92.6,78.5
A00791,L014,ELA04,2025-12-19,ELA04_L11,55,4,97.4,100.0
A00792,L014,ELA04,2026-05-07,ELA04_L07,29,4,85.3,86.8
A00793,L014,ELA04,2025-12-25,ELA04_L05,38,4,80.2,79.3
A00794,L014,ELA04,2025-11-19,ELA04_L03,31,3,84.3,68.9
A00795,L014,ELA04,2026-01-30,ELA04_L04,23,5,91.7,100.0
A00796,L014,ELA04,2026-05-18,ELA04_L02,19,4,81.4,80.7
A00797,L014,ELA04,2026-08-05,ELA04_L11,36,6,75.8,83.8
A00798,L014,ELA04,2026-07-14,ELA04_L05,27,4,76.5,73.9
A00799,L014,ELA04,2026-07-03,ELA04_L13,35,5,87.8,100.0
A00800,L014,ELA04,2025-11-18,ELA04_L06,39,4,90.4,86.1
A00801,L014,ELA04,2025-12-02,ELA04_L06,35,4,93.3,93.9
A00802,L014,ELA04,2026-04-13,ELA04_L02,29,5,79.8,79.1
A00803,L014,ELA04,2026-03-30,ELA04_L12,35,5,87.9,77.3
A00804,L014,ELA04,2026-08-13,ELA04_L08,26,5,97.6,100.0
A00805,L015,READ01,2026-07-10,READ01_L05,39,5,65.0,38.4
A00806,L015,READ01,2026-04-18,READ01_L04,16,3,75.4,95.0
A00807,L015,READ01,2026-06-01,READ01_L04,27,3,66.7,91.5
A00808,L015,READ01,2026-02-06,READ01_L13,28,5,56.7,79.0
A00809,L015,READ01,2026-04-29,READ01_L14,26,6,70.6,89.7
A00810,L015,READ01,2025-12-09,READ01_L06,29,4,76.8,74.9
A00811,L015,READ01,2026-08-14,READ01_L10,48,4,74.0,61.1
A00812,L015,READ01,2026-04-14,READ01_L08,38,4,82.4,100.0
A00813,L015,READ01,2026-01-23,READ01_L13,36,3,62.5,43.7
A00814,L015,READ01,2026-03-15,READ01_L09,56,2,74.2,73.8
A00815,L015,READ01,2026-05-29,READ01_L07,37,3,76.5,60.9
A00816,L015,READ01,2025-11-22,READ01_L14,30,1,73.2,87.6
A00817,L015,READ01,2025-12-12,READ01_L13,36,4,79.1,91.9
A00818,L015,READ01,2026-07-07,READ01_L03,43,3,73.2,88.9
A00819,L015,READ01,2026-01-07,READ01_L01,37,2,74.0,77.4
A00820,L015,READ01,2026-07-26,READ01_L08,31,3,64.7,51.9
A00821,L015,READ01,2026-03-10,READ01_L09,47,5,88.4,73.7
A00822,L015,SCI01,2026-08-31,SCI01_L09,26,3,72.0,60.9
A00823,L015,SCI01,2025-11-03,SCI01_L05,33,5,81.3,88.6
A00824,L015,SCI01,2025-10-13,SCI01_L03,24,5,89.8,100.0
A00825,L015,SCI01,2026-01-18,SCI01_L08,44,4,63.6,60.9
A00826,L015,SCI01,2026-05-21,SCI01_L03,30,6,64.8,64.8
A00827,L015,SCI01,2026-04-12,SCI01_L02,30,3,77.6,90.6
A00828,L015,SCI01,2025-12-23,SCI01_L08,33,4,60.6,61.9
A00829,L015,SCI01,2026-02-26,SCI01_L01,39,4,70.0,78.8
A00830,L015,SCI01,2026-04-01,SCI01_L01,34,5,63.5,74.2
A00831,L015,SCI01,2026-03-22,SCI01_L09,39,2,60.4,61.0
A00832,L015,SCI01,2026-03-11,SCI01_L04,28,3,86.6,95.7
A00833,L015,MATH01,2025-10-12,MATH01_L06,31,4,59.0,51.4
A00834,L015,MATH01,2025-12-24,MATH01_L01,42,4,69.5,72.7
A00835,L015,MATH01,2026-02-11,MATH01_L02,39,3,68.7,74.2
A00836,L015,MATH01,2026-07-30,MATH01_L06,34,3,67.4,67.0
A00837,L015,MATH01,2025-11-14,MATH01_L03,27,4,64.9,67.5
A00838,L015,MATH01,2025-09-20,MATH01_L05,32,4,77.6,84.3
A00839,L015,MATH01,2026-04-30,MATH01_L12,29,4,74.9,79.3
A00840,L015,MATH01,2025-11-11,MATH01_L12,19,4,71.4,98.0
A00841,L015,MATH01,2026-04-29,MATH01_L08,30,4,68.5,72.3
A00842,L015,MATH01,2026-07-13,MATH01_L01,26,4,80.9,88.0
A00843,L015,MATH01,2025-10-11,MATH01_L01,39,5,70.2,80.7
A00844,L015,MATH01,2026-01-10,MATH01_L04,42,4,62.2,63.1
A00845,L015,MATH01,2025-11-16,MATH01_L09,35,5,72.0,71.0
A00846,L015,MATH01,2026-07-09,MATH01_L09,33,4,62.4,77.2
A00847,L015,MATH01,2026-04-05,MATH01_L02,29,6,76.2,79.4
A00848,L015,MATH01,2026-01-26,MATH01_L04,35,4,81.6,91.7
A00849,L015,ELA01,2025-11-02,ELA01_L01,44,4,81.1,77.4
A00850,L015,ELA01,2026-01-01,ELA01_L07,39,5,66.8,64.1
A00851,L015,ELA01,2026-07-25,ELA01_L10,48,3,79.9,69.9
A00852,L015,ELA01,2026-04-23,ELA01_L02,38,3,70.3,86.5
A00853,L015,ELA01,2025-10-27,ELA01_L08,36,2,74.8,59.0
A00854,L015,ELA01,2026-07-03,ELA01_L09,19,5,73.6,71.7
A00855,L015,ELA01,2025-09-09,ELA01_L11,54,3,97.3,96.1
A00856,L015,ELA01,2026-05-22,ELA01_L10,50,2,79.4,57.9
A00857,L015,ELA01,2026-01-02,ELA01_L12,41,4,66.4,79.2
A00858,L015,ELA01,2025-11-13,ELA01_L05,17,4,61.8,51.9
A00859,L015,ELA01,2026-04-08,ELA01_L01,37,4,55.2,53.8
A00860,L015,ELA01,2026-07-12,ELA01_L06,35,3,67.7,51.5
A00861,L015,ELA01,2026-01-02,ELA01_L10,40,4,65.7,67.7
A00862,L015,ELA01,2026-04-02,ELA01_L03,34,1,63.4,65.6
A00863,L016,READ01,2026-05-27,READ01_L06,24,3,80.9,84.9
A00864,L016,READ01,2025-10-05,READ01_L09,32,3,79.5,55.9
A00865,L016,READ01,2026-06-06,READ01_L09,52,4,70.3,70.0
A00866,L016,READ01,2026-05-18,READ01_L09,35,3,72.0,81.9
A00867,L016,READ01,2025-09-11,READ01_L07,35,2,71.3,86.9
A00868,L016,READ01,2026-04-29,READ01_L01,31,4,74.8,68.8
A00869,L016,READ01,2026-07-23,READ01_L07,29,2,63.2,68.9
A00870,L016,READ01,2026-03-11,READ01_L05,26,1,54.8,53.8
A00871,L016,READ01,2025-09-09,READ01_L06,33,2,68.3,54.2
A00872,L016,READ01,2025-10-05,READ01_L06,31,4,73.2,62.6
A00873,L016,READ01,2026-01-02,READ01_L12,46,4,70.9,66.0
A00874,L016,ELA04,2026-06-25,ELA04_L11,33,3,71.5,67.6
A00875,L016,ELA04,2025-11-08,ELA04_L02,37,2,68.2,56.0
A00876,L016,ELA04,2026-02-28,ELA04_L11,23,2,58.4,60.3
A00877,L016,ELA04,2026-07-27,ELA04_L06,39,4,62.3,38.7
A00878,L016,ELA04,2026-08-17,ELA04_L15,42,2,74.7,79.8
A00879,L016,ELA04,2026-08-23,ELA04_L16,36,2,62.6,41.1
A00880,L016,ELA04,2026-07-21,ELA04_L06,34,3,66.4,52.2
A00881,L016,ELA04,2025-11-09,ELA04_L03,37,3,66.3,68.5
A00882,L016,ELA04,2026-04-23,ELA04_L02,45,2,64.1,70.0
A00883,L016,ELA04,2026-01-29,ELA04_L07,39,3,78.9,72.6
A00884,L016,ELA04,2025-09-23,ELA04_L07,24,3,77.8,73.0
A00885,L016,SCI03,2026-02-09,SCI03_L15,38,3,79.4,75.6
A00886,L016,SCI03,2026-02-06,SCI03_L09,30,4,64.6,48.1
A00887,L016,SCI03,2026-03-23,SCI03_L14,42,5,82.3,76.8
A00888,L016,SCI03,2026-06-06,SCI03_L08,24,3,68.3,74.2
A00889,L016,SCI03,2026-01-08,SCI03_L01,26,3,79.8,78.0
A00890,L016,SCI03,2026-07-29,SCI03_L04,40,3,58.3,56.0
A00891,L016,SCI03,2026-01-25,SCI03_L06,29,3,65.9,63.3
A00892,L016,SCI03,2025-09-25,SCI03_L14,30,4,66.5,86.3
A00893,L016,SCI03,2026-08-02,SCI03_L06,43,2,70.6,72.5
A00894,L016,SCI03,2026-01-18,SCI03_L02,24,3,60.7,75.0
A00895,L016,MATH04,2026-04-12,MATH04_L13,37,2,77.1,74.7
A00896,L016,MATH04,2026-04-14,MATH04_L13,37,2,71.9,61.2
A00897,L016,MATH04,2026-02-21,MATH04_L06,40,1,69.0,67.0
A00898,L016,MATH04,2026-05-13,MATH04_L16,42,4,70.6,77.6
A00899,L016,MATH04,2026-03-08,MATH04_L09,20,3,63.1,75.1
A00900,L016,MATH04,2025-10-13,MATH04_L14,41,4,80.6,85.2
A00901,L016,MATH04,2025-10-11,MATH04_L14,34,5,65.0,53.7
A00902,L016,MATH04,2026-07-06,MATH04_L06,33,5,82.4,65.5
A00903,L016,MATH04,2026-06-07,MATH04_L10,29,2,74.2,76.8
A00904,L016,MATH04,2026-02-12,MATH04_L04,29,2,77.5,76.4
A00905,L016,MATH04,2025-10-11,MATH04_L11,40,4,68.8,68.1
A00906,L016,MATH04,2026-08-05,MATH04_L10,37,3,84.3,65.0
A00907,L016,MATH04,2026-02-04,MATH04_L15,33,4,67.4,72.9
A00908,L016,MATH04,2026-07-06,MATH04_L14,37,4,60.0,78.4
A00909,L016,MATH04,2025-11-25,MATH04_L15,41,4,76.6,81.2
A00910,L017,MATH01,2026-04-17,MATH01_L01,20,2,63.8,54.6
A00911,L017,MATH01,2026-02-28,MATH01_L10,40,2,56.9,28.2
A00912,L017,MATH01,2026-04-11,MATH01_L05,38,3,50.5,55.7
A00913,L017,MATH01,2026-07-25,MATH01_L01,20,3,51.6,41.6
A00914,L017,MATH01,2025-10-09,MATH01_L11,35,2,71.3,64.0
A00915,L017,MATH01,2026-07-24,MATH01_L07,29,4,53.1,55.3
A00916,L017,MATH01,2026-03-06,MATH01_L09,46,3,48.0,57.2
A00917,L017,MATH01,2026-08-14,MATH01_L03,34,3,49.0,26.3
A00918,L017,MATH01,2025-09-16,MATH01_L03,41,2,70.0,56.7
A00919,L017,MATH01,2026-07-09,MATH01_L11,31,3,56.6,58.9
A00920,L017,MATH01,2026-04-13,MATH01_L01,42,3,57.9,45.3
A00921,L017,MATH01,2025-11-04,MATH01_L02,44,6,64.7,51.3
A00922,L017,MATH01,2025-12-30,MATH01_L11,14,3,55.8,49.2
A00923,L017,MATH01,2026-03-07,MATH01_L06,24,1,69.2,63.6
A00924,L017,MATH01,2026-03-16,MATH01_L10,37,1,38.0,38.4
A00925,L017,READ01,2026-07-07,READ01_L03,28,4,37.2,41.5
A00926,L017,READ01,2026-08-14,READ01_L08,30,3,46.9,52.6
A00927,L017,READ01,2026-03-09,READ01_L06,35,1,42.9,35.4
A00928,L017,READ01,2026-04-16,READ01_L13,36,3,49.9,33.1
A00929,L017,READ01,2025-10-10,READ01_L10,32,3,46.0,39.0
A00930,L017,READ01,2025-11-10,READ01_L09,36,2,50.0,48.9
A00931,L017,READ01,2026-03-07,READ01_L07,19,1,71.2,80.6
A00932,L017,READ01,2026-02-08,READ01_L11,28,2,48.4,45.3
A00933,L017,READ01,2026-01-21,READ01_L04,37,4,66.6,49.6
A00934,L017,READ01,2025-10-29,READ01_L01,10,2,44.6,56.1
A00935,L017,ELA01,2026-05-14,ELA01_L09,29,3,58.0,49.7
A00936,L017,ELA01,2026-03-18,ELA01_L09,37,1,55.5,59.1
A00937,L017,ELA01,2025-10-31,ELA01_L05,27,3,61.3,95.1
A00938,L017,ELA01,2026-01-12,ELA01_L12,34,2,53.0,55.2
A00939,L017,ELA01,2026-04-17,ELA01_L04,32,2,57.5,60.0
A00940,L017,ELA01,2026-07-11,ELA01_L05,34,4,65.5,62.7
A00941,L017,ELA01,2026-08-22,ELA01_L08,33,2,59.8,63.7
A00942,L017,ELA01,2025-12-12,ELA01_L02,26,3,45.9,49.5
A00943,L017,ELA01,2025-11-09,ELA01_L02,39,3,44.3,35.9
A00944,L017,ELA01,2026-04-20,ELA01_L03,29,2,41.5,42.9
A00945,L017,ELA01,2026-04-16,ELA01_L02,15,2,50.9,47.3
A00946,L017,ELA01,2026-08-16,ELA01_L06,25,4,58.9,36.0
A00947,L017,SCI01,2026-08-30,SCI01_L02,29,4,64.3,65.3
A00948,L017,SCI01,2026-06-09,SCI01_L09,28,2,63.0,80.0
A00949,L017,SCI01,2026-01-27,SCI01_L05,32,4,52.9,40.6
A00950,L017,SCI01,2025-11-20,SCI01_L12,26,3,58.6,59.5
A00951,L017,SCI01,2026-08-30,SCI01_L12,24,4,41.8,52.5
A00952,L017,SCI01,2026-07-24,SCI01_L03,33,2,53.3,69.6
A00953,L017,SCI01,2026-03-05,SCI01_L09,33,4,52.2,42.9
A00954,L017,SCI01,2025-12-24,SCI01_L02,18,4,66.3,61.8
A00955,L017,SCI01,2025-12-12,SCI01_L03,16,2,51.9,39.4
A00956,L017,SCI01,2025-12-31,SCI01_L08,30,4,49.0,51.5
A00957,L017,SCI01,2025-09-14,SCI01_L06,22,2,56.3,77.9
A00958,L017,SCI01,2026-06-11,SCI01_L10,44,2,48.0,48.0
A00959,L017,SCI01,2026-03-08,SCI01_L08,41,3,62.4,57.7
A00960,L017,SCI01,2026-06-10,SCI01_L03,33,4,53.4,53.4
A00961,L017,SCI01,2026-07-11,SCI01_L02,44,3,58.8,62.5
A00962,L018,MATH01,2026-02-06,MATH01_L07,14,4,54.7,53.6
A00963,L018,MATH01,2026-05-04,MATH01_L09,37,3,62.8,76.3
A00964,L018,MATH01,2026-03-30,MATH01_L07,29,4,67.6,65.0
A00965,L018,MATH01,2026-06-22,MATH01_L02,31,3,71.1,72.1
A00966,L018,MATH01,2025-11-04,MATH01_L06,38,3,67.0,44.9
A00967,L018,MATH01,2026-07-26,MATH01_L02,41,3,63.4,60.5
A00968,L018,MATH01,2026-04-19,MATH01_L08,29,2,74.8,72.8
A00969,L018,MATH01,2026-08-15,MATH01_L09,27,3,63.0,68.9
A00970,L018,MATH01,2026-02-24,MATH01_L03,37,5,66.8,62.7
A00971,L018,MATH01,2026-06-10,MATH01_L11,30,2,69.1,62.1
A00972,L018,MATH01,2026-06-28,MATH01_L03,37,6,63.0,54.5
A00973,L018,READ01,2026-04-10,READ01_L09,34,4,63.5,66.7
A00974,L018,READ01,2025-09-29,READ01_L14,15,1,77.1,71.2
A00975,L018,READ01,2025-11-03,READ01_L09,22,1,75.7,82.5
A00976,L018,READ01,2025-11-18,READ01_L05,26,2,68.8,57.2
A00977,L018,READ01,2025-11-24,READ01_L03,30,4,67.8,33.5
A00978,L018,READ01,2026-02-13,READ01_L12,26,3,60.0,53.6
A00979,L018,READ01,2025-12-25,READ01_L06,20,3,73.3,80.0
A00980,L018,READ01,2026-05-24,READ01_L05,31,4,81.7,60.1
A00981,L018,READ01,2025-10-11,READ01_L05,41,3,47.7,61.9
A00982,L018,READ01,2025-12-10,READ01_L11,39,5,55.9,60.9
A00983,L018,READ01,2026-06-10,READ01_L05,35,2,69.1,85.4
A00984,L018,READ01,2025-11-04,READ01_L11,39,2,62.0,47.8
A00985,L018,ELA01,2026-07-12,ELA01_L09,32,5,78.4,77.4
A00986,L018,ELA01,2025-10-18,ELA01_L09,42,3,52.1,60.5
A00987,L018,ELA01,2026-07-26,ELA01_L03,22,4,67.1,93.4
A00988,L018,ELA01,2026-07-01,ELA01_L10,34,4,70.8,73.3
A00989,L018,ELA01,2025-11-18,ELA01_L03,26,4,68.6,81.0
A00990,L018,ELA01,2026-08-04,ELA01_L10,46,3,60.2,49.5
A00991,L018,ELA01,2026-07-07,ELA01_L06,32,4,74.9,71.4
A00992,L018,ELA01,2026-06-16,ELA01_L01,39,4,66.4,42.5
A00993,L018,ELA01,2025-09-15,ELA01_L02,42,3,57.9,51.6
A00994,L018,ELA01,2025-09-24,ELA01_L11,26,1,56.0,54.8
A00995,L018,ELA01,2026-06-23,ELA01_L05,27,3,62.1,66.5
A00996,L018,ELA01,2026-07-31,ELA01_L04,22,5,83.6,95.3
A00997,L018,ELA01,2026-06-20,ELA01_L07,36,3,60.6,62.9
A00998,L018,ELA01,2026-07-14,ELA01_L11,39,4,78.9,73.8
A00999,L018,SCI01,2026-05-13,SCI01_L11,33,5,55.0,36.7
A01000,L018,SCI01,2026-06-07,SCI01_L05,36,2,58.4,48.9
A01001,L018,SCI01,2026-07-26,SCI01_L05,24,2,63.5,71.9
A01002,L018,SCI01,2026-05-06,SCI01_L04,22,3,56.4,65.2
A01003,L018,SCI01,2026-08-17,SCI01_L07,31,3,65.3,44.4
A01004,L018,SCI01,2026-01-31,SCI01_L08,38,3,70.8,82.9
A01005,L018,SCI01,2025-10-08,SCI01_L12,44,3,57.9,53.8
A01006,L018,SCI01,2025-10-01,SCI01_L03,34,5,66.7,53.8
A01007,L018,SCI01,2026-04-14,SCI01_L07,43,3,60.8,71.6
A01008,L018,SCI01,2026-05-06,SCI01_L08,31,4,80.5,66.6
A01009,L019,MATH03,2026-02-22,MATH03_L10,42,5,92.2,84.5
A01010,L019,MATH03,2025-11-13,MATH03_L06,44,2,72.9,69.1
A01011,L019,MATH03,2026-02-11,MATH03_L12,42,6,93.7,100.0
A01012,L019,MATH03,2026-02-24,MATH03_L07,41,4,80.9,62.0
A01013,L019,MATH03,2025-11-06,MATH03_L06,36,2,78.7,79.2
A01014,L019,MATH03,2026-05-22,MATH03_L09,27,5,84.2,92.8
A01015,L019,MATH03,2025-10-25,MATH03_L06,38,5,88.0,96.2
A01016,L019,MATH03,2026-01-02,MATH03_L08,34,5,88.6,100.0
A01017,L019,MATH03,2025-11-02,MATH03_L05,57,4,81.4,81.8
A01018,L019,MATH03,2026-04-19,MATH03_L04,42,3,80.8,74.2
A01019,L019,MATH03,2025-11-12,MATH03_L02,41,5,77.4,85.2
A01020,L019,MATH03,2025-09-26,MATH03_L05,57,5,67.2,57.9
A01021,L019,MATH03,2026-03-16,MATH03_L10,42,4,87.4,89.8
A01022,L019,MATH02,2026-01-06,MATH02_L14,37,4,81.3,64.1
A01023,L019,MATH02,2025-11-21,MATH02_L14,45,5,87.3,97.2
A01024,L019,MATH02,2026-02-15,MATH02_L10,36,5,88.8,72.5
A01025,L019,MATH02,2026-02-08,MATH02_L04,33,5,79.0,90.3
A01026,L019,MATH02,2025-11-21,MATH02_L08,49,3,90.1,94.3
A01027,L019,MATH02,2026-05-22,MATH02_L08,47,4,85.2,80.6
A01028,L019,MATH02,2026-05-14,MATH02_L05,47,4,90.5,89.8
A01029,L019,MATH02,2026-05-13,MATH02_L01,20,5,77.7,85.0
A01030,L019,MATH02,2025-10-17,MATH02_L07,25,4,88.3,61.7
A01031,L019,MATH02,2026-05-17,MATH02_L08,32,6,97.1,100.0
A01032,L019,MATH02,2026-01-02,MATH02_L04,31,5,79.0,68.8
A01033,L019,MATH02,2026-06-26,MATH02_L06,36,3,87.0,60.2
A01034,L019,MATH02,2025-09-25,MATH02_L01,36,4,88.0,96.3
A01035,L019,MATH02,2026-01-23,MATH02_L08,38,4,95.6,100.0
A01036,L019,MATH02,2026-07-03,MATH02_L14,42,5,75.3,83.5
A01037,L019,MATH02,2026-08-01,MATH02_L11,34,3,70.7,71.9
A01038,L019,SCI02,2026-01-25,SCI02_L09,52,4,90.0,84.1
A01039,L019,SCI02,2025-09-05,SCI02_L14,43,6,95.4,98.8
A01040,L019,SCI02,2025-10-26,SCI02_L07,30,3,76.9,84.9
A01041,L019,SCI02,2025-11-08,SCI02_L05,55,5,95.7,100.0
A01042,L019,SCI02,2026-03-07,SCI02_L13,31,5,81.5,86.5
A01043,L019,SCI02,2026-03-26,SCI02_L06,43,5,87.0,100.0
A01044,L019,SCI02,2025-09-24,SCI02_L07,45,5,96.5,100.0
A01045,L019,SCI02,2025-09-27,SCI02_L10,46,3,82.5,95.1
A01046,L019,SCI02,2026-06-15,SCI02_L04,43,3,76.6,83.3
A01047,L019,SCI02,2026-03-05,SCI02_L09,28,5,85.9,79.0
A01048,L019,SCI02,2026-01-26,SCI02_L02,40,5,93.2,81.7
A01049,L019,SCI02,2026-03-17,SCI02_L09,37,5,81.5,100.0
A01050,L019,SCI02,2026-04-19,SCI02_L13,49,2,79.7,65.4
A01051,L019,SCI02,2026-06-09,SCI02_L05,30,3,78.5,83.5
A01052,L019,SCI02,2026-07-17,SCI02_L11,43,5,84.5,87.7
A01053,L019,SCI02,2026-07-10,SCI02_L02,40,3,91.4,100.0
A01054,L019,SCI02,2025-11-05,SCI02_L02,33,4,81.5,70.5
A01055,L019,ELA02,2026-03-11,ELA02_L13,43,5,82.8,72.1
A01056,L019,ELA02,2026-02-21,ELA02_L09,49,5,82.3,100.0
A01057,L019,ELA02,2026-03-07,ELA02_L13,50,3,95.6,100.0
A01058,L019,ELA02,2025-11-13,ELA02_L04,36,4,85.8,97.1
A01059,L019,ELA02,2026-07-06,ELA02_L09,33,5,90.2,82.5
A01060,L019,ELA02,2026-03-25,ELA02_L09,38,4,87.9,97.1
A01061,L019,ELA02,2025-09-21,ELA02_L01,56,2,77.9,70.7
A01062,L019,ELA02,2025-09-20,ELA02_L03,45,4,89.1,88.4
A01063,L019,ELA02,2026-02-18,ELA02_L13,39,6,89.5,99.5
A01064,L019,ELA02,2026-05-01,ELA02_L09,33,4,93.2,89.6
A01065,L019,ELA02,2026-04-22,ELA02_L03,43,4,78.1,86.0
A01066,L019,ELA02,2026-07-08,ELA02_L09,54,3,77.6,80.2
A01067,L019,ELA02,2025-11-11,ELA02_L06,36,5,92.5,77.8
A01068,L019,ELA02,2026-07-11,ELA02_L06,40,4,97.8,94.2
A01069,L019,ELA02,2025-11-23,ELA02_L07,36,4,92.6,90.0
A01070,L019,ELA02,2026-07-13,ELA02_L12,55,4,76.8,86.7
A01071,L020,READ01,2026-07-01,READ01_L06,30,4,80.7,90.1
A01072,L020,READ01,2026-05-18,READ01_L14,48,5,77.5,88.5
A01073,L020,READ01,2026-05-19,READ01_L09,30,3,75.3,77.7
A01074,L020,READ01,2026-05-09,READ01_L12,21,4,83.3,85.2
A01075,L020,READ01,2026-06-16,READ01_L05,49,4,76.8,92.5
A01076,L020,READ01,2026-05-02,READ01_L14,46,6,77.2,93.0
A01077,L020,READ01,2025-09-09,READ01_L06,36,4,70.2,76.1
A01078,L020,READ01,2026-02-17,READ01_L11,31,4,84.5,60.2
A01079,L020,READ01,2025-10-27,READ01_L07,34,4,90.5,86.8
A01080,L020,READ01,2026-06-26,READ01_L05,15,4,88.1,86.9
A01081,L020,READ01,2026-08-19,READ01_L11,52,3,75.3,84.6
A01082,L020,READ01,2025-09-14,READ01_L10,48,3,81.8,73.0
A01083,L020,READ01,2026-05-01,READ01_L05,42,2,87.7,81.3
A01084,L020,READ01,2026-08-02,READ01_L13,45,3,82.1,47.1
A01085,L020,MATH04,2025-09-27,MATH04_L16,28,2,83.2,49.2
A01086,L020,MATH04,2025-11-27,MATH04_L13,39,4,85.5,100.0
A01087,L020,MATH04,2025-11-15,MATH04_L08,51,3,84.1,83.7
A01088,L020,MATH04,2025-09-17,MATH04_L04,36,4,66.0,73.6
A01089,L020,MATH04,2025-12-07,MATH04_L01,43,5,79.3,100.0
A01090,L020,MATH04,2026-04-14,MATH04_L11,31,4,76.5,66.8
A01091,L020,MATH04,2026-04-03,MATH04_L05,36,3,90.8,85.2
A01092,L020,MATH04,2026-03-31,MATH04_L07,37,3,84.7,100.0
A01093,L020,MATH04,2026-03-30,MATH04_L16,38,5,72.1,52.5
A01094,L020,MATH04,2025-10-02,MATH04_L05,30,5,82.8,71.3
A01095,L020,MATH04,2026-05-24,MATH04_L07,47,5,84.5,87.5
A01096,L020,MATH04,2026-06-15,MATH04_L11,34,5,77.1,68.7
A01097,L020,MATH04,2026-08-06,MATH04_L16,44,3,70.7,59.3
A01098,L020,ELA04,2026-03-12,ELA04_L11,34,4,67.4,70.3
A01099,L020,ELA04,2025-11-28,ELA04_L15,42,4,86.6,84.2
A01100,L020,ELA04,2026-05-31,ELA04_L11,48,4,83.1,77.4
A01101,L020,ELA04,2026-06-07,ELA04_L12,27,5,71.0,78.0
A01102,L020,ELA04,2026-08-13,ELA04_L09,37,5,83.6,77.8
A01103,L020,ELA04,2026-07-10,ELA04_L16,38,3,86.6,93.7
A01104,L020,ELA04,2025-12-08,ELA04_L08,41,4,82.3,81.8
A01105,L020,ELA04,2026-01-21,ELA04_L10,48,5,98.1,99.4
A01106,L020,ELA04,2025-12-25,ELA04_L10,42,4,87.0,83.4
A01107,L020,ELA04,2026-01-26,ELA04_L07,13,4,78.3,72.5
A01108,L020,ELA04,2026-08-20,ELA04_L16,38,3,91.7,91.1
A01109,L020,ELA04,2026-02-10,ELA04_L16,42,4,70.6,82.1
A01110,L020,ELA04,2026-02-26,ELA04_L09,38,3,72.6,81.1
A01111,L020,ELA04,2026-01-26,ELA04_L04,42,4,83.1,88.1
A01112,L020,ELA04,2026-06-21,ELA04_L13,36,4,91.8,78.8
A01113,L020,ELA04,2026-03-22,ELA04_L12,39,5,72.0,69.0
A01114,L020,ELA04,2025-11-14,ELA04_L10,35,3,77.1,80.6
A01115,L020,ELA04,2025-09-22,ELA04_L10,48,3,67.0,75.7
A01116,L020,SCI03,2026-02-25,SCI03_L15,44,5,68.8,73.4
A01117,L020,SCI03,2026-04-15,SCI03_L11,40,3,71.0,68.0
A01118,L020,SCI03,2026-01-10,SCI03_L12,45,4,87.2,75.5
A01119,L020,SCI03,2026-05-04,SCI03_L04,38,2,84.1,93.5
A01120,L020,SCI03,2025-12-13,SCI03_L14,48,3,78.8,40.7
A01121,L020,SCI03,2026-06-03,SCI03_L05,41,2,81.2,69.5
A01122,L020,SCI03,2026-06-15,SCI03_L12,36,5,100.0,92.2
A01123,L020,SCI03,2026-01-18,SCI03_L03,37,4,62.3,57.5
A01124,L020,SCI03,2025-10-26,SCI03_L10,40,4,78.1,62.9
A01125,L020,SCI03,2026-06-28,SCI03_L04,23,2,82.9,91.7
A01126,L020,SCI03,2026-01-03,SCI03_L01,38,3,83.0,74.5
A01127,L021,SCI01,2025-12-25,SCI01_L11,24,3,70.7,78.5
A01128,L021,SCI01,2025-12-29,SCI01_L01,33,4,84.2,61.2
A01129,L021,SCI01,2025-10-22,SCI01_L07,30,4,78.0,75.1
A01130,L021,SCI01,2026-02-17,SCI01_L12,29,4,83.3,80.0
A01131,L021,SCI01,2026-04-30,SCI01_L02,35,3,71.5,71.3
A01132,L021,SCI01,2026-08-15,SCI01_L03,38,4,72.3,81.8
A01133,L021,SCI01,2025-09-03,SCI01_L09,28,5,80.2,65.9
A01134,L021,SCI01,2025-11-20,SCI01_L07,41,2,77.5,78.6
A01135,L021,SCI01,2026-08-01,SCI01_L08,30,5,69.0,61.2
A01136,L021,SCI01,2026-05-03,SCI01_L11,37,4,66.3,64.6
A01137,L021,SCI01,2025-12-12,SCI01_L05,41,1,82.1,75.7
A01138,L021,SCI01,2026-02-12,SCI01_L05,40,1,68.3,98.9
A01139,L021,SCI01,2026-07-28,SCI01_L01,38,5,77.0,100.0
A01140,L021,SCI01,2025-10-16,SCI01_L11,44,4,79.7,78.0
A01141,L021,SCI01,2026-06-21,SCI01_L04,30,3,69.0,52.8
A01142,L021,SCI01,2026-06-01,SCI01_L12,23,4,72.2,71.7
A01143,L021,SCI01,2025-09-20,SCI01_L03,32,7,73.9,90.3
A01144,L021,SCI01,2026-04-02,SCI01_L03,38,3,62.8,50.6
A01145,L021,ELA01,2026-03-23,ELA01_L08,40,3,62.1,73.7
A01146,L021,ELA01,2025-12-05,ELA01_L12,47,3,80.7,86.4
A01147,L021,ELA01,2026-01-27,ELA01_L01,33,3,77.8,97.1
A01148,L021,ELA01,2025-09-05,ELA01_L05,41,3,74.6,60.0
A01149,L021,ELA01,2026-06-18,ELA01_L10,35,3,68.2,68.1
A01150,L021,ELA01,2025-10-25,ELA01_L06,27,4,59.3,66.5
A01151,L021,ELA01,2026-01-24,ELA01_L08,28,3,69.6,65.2
A01152,L021,ELA01,2026-07-26,ELA01_L09,44,3,77.9,64.1
A01153,L021,ELA01,2026-05-27,ELA01_L08,30,3,74.9,90.8
A01154,L021,ELA01,2025-11-08,ELA01_L09,38,2,79.4,81.9
A01155,L021,MATH01,2026-01-18,MATH01_L04,33,5,81.3,96.8
A01156,L021,MATH01,2025-10-28,MATH01_L06,39,4,86.1,100.0
A01157,L021,MATH01,2025-11-23,MATH01_L12,32,3,76.4,79.2
A01158,L021,MATH01,2026-04-23,MATH01_L11,35,5,62.4,36.2
A01159,L021,MATH01,2026-01-10,MATH01_L12,45,3,85.0,91.6
A01160,L021,MATH01,2025-12-05,MATH01_L01,46,5,72.8,56.0
A01161,L021,MATH01,2026-02-20,MATH01_L05,35,4,77.5,68.7
A01162,L021,MATH01,2026-06-18,MATH01_L11,45,3,86.8,70.7
A01163,L021,MATH01,2025-12-08,MATH01_L03,40,4,69.7,84.7
A01164,L021,MATH01,2026-07-10,MATH01_L11,44,4,79.1,62.4
A01165,L021,MATH01,2026-03-27,MATH01_L07,45,4,71.2,77.2
A01166,L021,MATH01,2026-05-22,MATH01_L06,28,4,70.2,73.9
A01167,L021,MATH01,2025-10-15,MATH01_L07,34,3,67.5,81.0
A01168,L021,MATH01,2026-08-09,MATH01_L02,48,5,70.4,69.4
A01169,L021,MATH01,2025-12-04,MATH01_L03,20,2,64.7,48.2
A01170,L021,MATH01,2026-05-03,MATH01_L06,37,4,83.8,57.2
A01171,L021,MATH01,2026-01-06,MATH01_L01,43,4,63.2,61.4
A01172,L021,READ01,2026-03-16,READ01_L04,49,3,77.3,78.1
A01173,L021,READ01,2026-04-17,READ01_L13,55,2,74.3,82.5
A01174,L021,READ01,2026-01-15,READ01_L06,41,3,71.9,71.3
A01175,L021,READ01,2026-02-02,READ01_L10,61,4,78.5,68.3
A01176,L021,READ01,2026-06-21,READ01_L01,33,2,69.4,65.4
A01177,L021,READ01,2026-01-12,READ01_L11,26,5,78.6,84.5
A01178,L021,READ01,2026-03-04,READ01_L12,35,5,66.9,75.7
A01179,L021,READ01,2025-12-30,READ01_L01,34,4,72.8,66.7
A01180,L021,READ01,2026-08-08,READ01_L02,53,4,55.9,60.7
A01181,L021,READ01,2026-04-27,READ01_L05,30,3,72.3,53.1
A01182,L021,READ01,2025-11-21,READ01_L07,26,3,91.0,85.7
A01183,L021,READ01,2026-08-18,READ01_L09,36,2,83.1,98.1
A01184,L021,READ01,2026-08-27,READ01_L13,41,4,78.6,100.0
A01185,L021,READ01,2026-02-07,READ01_L12,31,5,90.3,94.9
A01186,L022,ELA01,2026-07-25,ELA01_L05,26,4,88.7,79.0
A01187,L022,ELA01,2026-03-08,ELA01_L10,48,2,91.4,91.1
A01188,L022,ELA01,2025-12-23,ELA01_L04,38,5,93.7,97.9
A01189,L022,ELA01,2025-11-08,ELA01_L08,38,3,87.5,74.0
A01190,L022,ELA01,2025-11-18,ELA01_L08,40,4,90.4,85.3
A01191,L022,ELA01,2026-07-08,ELA01_L06,48,4,82.3,66.2
A01192,L022,ELA01,2026-04-01,ELA01_L12,38,4,90.7,100.0
A01193,L022,ELA01,2026-06-09,ELA01_L08,42,3,84.6,81.9
A01194,L022,ELA01,2026-06-03,ELA01_L11,27,4,89.6,90.8
A01195,L022,ELA01,2025-12-21,ELA01_L04,48,5,85.1,100.0
A01196,L022,ELA01,2026-08-15,ELA01_L10,41,4,76.8,64.0
A01197,L022,MATH01,2026-05-28,MATH01_L08,59,4,92.4,98.5
A01198,L022,MATH01,2026-05-29,MATH01_L12,34,2,85.4,77.0
A01199,L022,MATH01,2026-03-05,MATH01_L02,54,4,73.6,69.5
A01200,L022,MATH01,2026-06-16,MATH01_L02,31,3,91.9,92.7
A01201,L022,MATH01,2025-10-02,MATH01_L09,44,4,93.0,93.9
A01202,L022,MATH01,2026-05-17,MATH01_L04,42,3,88.0,88.5
A01203,L022,MATH01,2026-06-21,MATH01_L09,41,4,76.2,100.0
A01204,L022,MATH01,2025-11-16,MATH01_L03,29,4,84.4,90.7
A01205,L022,MATH01,2026-02-15,MATH01_L09,35,3,98.1,100.0
A01206,L022,MATH01,2026-04-15,MATH01_L02,36,4,73.7,72.9
A01207,L022,MATH01,2026-08-15,MATH01_L04,34,4,90.3,90.1
A01208,L022,READ01,2025-10-17,READ01_L09,41,5,85.9,96.1
A01209,L022,READ01,2026-04-17,READ01_L13,44,3,87.9,88.5
A01210,L022,READ01,2025-09-29,READ01_L08,46,4,88.6,80.7
A01211,L022,READ01,2025-11-07,READ01_L09,44,5,80.2,75.3
A01212,L022,READ01,2026-04-01,READ01_L08,41,4,92.0,89.5
A01213,L022,READ01,2026-06-16,READ01_L01,43,7,90.7,80.5
A01214,L022,READ01,2026-06-14,READ01_L08,36,3,88.9,88.8
A01215,L022,READ01,2026-08-11,READ01_L13,63,4,85.8,72.3
A01216,L022,READ01,2026-02-05,READ01_L12,23,4,86.9,87.1
A01217,L022,READ01,2025-09-12,READ01_L07,48,4,91.1,89.3
A01218,L022,READ01,2026-01-09,READ01_L14,31,5,78.6,63.3
A01219,L022,READ01,2025-09-02,READ01_L12,32,5,81.4,100.0
A01220,L022,READ01,2025-12-21,READ01_L10,25,4,74.3,74.5
A01221,L022,READ01,2025-10-08,READ01_L01,36,4,86.5,90.9
A01222,L022,READ01,2026-04-05,READ01_L06,24,4,93.1,95.6
A01223,L022,READ01,2026-08-25,READ01_L02,54,4,77.4,76.9
A01224,L022,READ01,2026-06-05,READ01_L01,35,2,89.2,84.1
A01225,L022,SCI01,2026-04-30,SCI01_L01,37,3,93.0,100.0
A01226,L022,SCI01,2026-01-25,SCI01_L07,36,4,82.1,91.4
A01227,L022,SCI01,2025-12-02,SCI01_L03,47,5,100.0,93.9
A01228,L022,SCI01,2026-07-26,SCI01_L12,40,4,76.5,63.6
A01229,L022,SCI01,2026-07-28,SCI01_L07,43,5,83.3,89.4
A01230,L022,SCI01,2026-03-11,SCI01_L07,36,4,87.1,72.7
A01231,L022,SCI01,2026-04-18,SCI01_L07,40,4,99.0,87.9
A01232,L022,SCI01,2026-03-12,SCI01_L02,31,4,100.0,100.0
A01233,L022,SCI01,2026-08-16,SCI01_L11,48,6,89.6,95.6
A01234,L022,SCI01,2026-06-04,SCI01_L03,38,5,76.3,100.0
A01235,L022,SCI01,2026-08-01,SCI01_L06,50,4,73.6,83.6
A01236,L023,READ01,2025-12-01,READ01_L09,34,5,86.2,94.1
A01237,L023,READ01,2026-03-21,READ01_L09,41,4,94.8,76.1
A01238,L023,READ01,2025-11-05,READ01_L12,44,3,93.6,87.1
A01239,L023,READ01,2025-12-24,READ01_L14,29,4,83.3,69.7
A01240,L023,READ01,2025-09-02,READ01_L13,35,3,83.7,100.0
A01241,L023,READ01,2025-09-12,READ01_L05,34,5,97.1,100.0
A01242,L023,READ01,2026-04-26,READ01_L11,34,5,96.6,90.0
A01243,L023,READ01,2026-06-06,READ01_L07,46,6,76.4,100.0
A01244,L023,READ01,2026-05-31,READ01_L07,46,4,77.4,86.8
A01245,L023,READ01,2025-12-27,READ01_L04,31,4,75.3,76.2
A01246,L023,READ01,2026-04-24,READ01_L06,46,5,81.9,89.1
A01247,L023,SCI03,2026-01-20,SCI03_L04,44,3,100.0,100.0
A01248,L023,SCI03,2025-10-28,SCI03_L01,48,6,82.2,87.7
A01249,L023,SCI03,2026-08-05,SCI03_L07,33,6,75.1,73.0
A01250,L023,SCI03,2026-07-12,SCI03_L13,47,5,87.7,91.0
A01251,L023,SCI03,2025-09-09,SCI03_L04,38,5,85.4,92.0
A01252,L023,SCI03,2025-12-15,SCI03_L02,49,4,85.0,74.8
A01253,L023,SCI03,2025-10-22,SCI03_L10,33,4,81.0,95.8
A01254,L023,SCI03,2025-09-18,SCI03_L08,42,4,80.6,77.5
A01255,L023,SCI03,2026-07-04,SCI03_L11,39,4,75.0,81.4
A01256,L023,SCI03,2026-08-27,SCI03_L14,31,5,88.8,91.4
A01257,L023,SCI03,2025-09-25,SCI03_L04,41,4,88.6,91.2
A01258,L023,SCI03,2025-09-23,SCI03_L07,27,4,90.8,87.8
A01259,L023,MATH04,2025-12-29,MATH04_L07,50,4,89.1,83.1
A01260,L023,MATH04,2025-09-29,MATH04_L05,34,4,82.9,92.2
A01261,L023,MATH04,2026-05-16,MATH04_L10,44,3,78.6,71.9
A01262,L023,MATH04,2025-12-29,MATH04_L11,54,4,84.4,58.0
A01263,L023,MATH04,2026-06-23,MATH04_L11,41,5,71.1,75.6
A01264,L023,MATH04,2025-12-31,MATH04_L10,50,4,88.4,99.1
A01265,L023,MATH04,2025-11-13,MATH04_L08,33,3,74.0,70.7
A01266,L023,MATH04,2026-03-31,MATH04_L10,42,4,86.7,75.5
A01267,L023,MATH04,2026-01-19,MATH04_L02,29,6,85.5,81.9
A01268,L023,MATH04,2026-06-13,MATH04_L06,53,3,83.1,69.6
A01269,L023,MATH04,2026-07-18,MATH04_L14,40,5,78.3,87.1
A01270,L023,MATH04,2026-06-12,MATH04_L16,23,5,100.0,93.3
A01271,L023,MATH04,2025-09-25,MATH04_L12,36,3,82.4,100.0
A01272,L023,MATH04,2026-07-27,MATH04_L13,41,6,93.8,75.6
A01273,L023,MATH04,2026-05-27,MATH04_L11,23,4,76.4,78.3
A01274,L023,MATH04,2026-08-23,MATH04_L14,42,3,87.9,97.5
A01275,L023,MATH04,2026-03-29,MATH04_L05,46,2,89.0,92.7
A01276,L023,ELA04,2026-03-12,ELA04_L06,37,5,77.5,78.6
A01277,L023,ELA04,2026-06-03,ELA04_L16,41,3,80.2,94.0
A01278,L023,ELA04,2026-01-02,ELA04_L08,50,4,85.4,79.1
A01279,L023,ELA04,2026-02-01,ELA04_L05,48,4,80.9,88.7
A01280,L023,ELA04,2026-04-26,ELA04_L02,25,4,84.0,69.8
A01281,L023,ELA04,2026-06-15,ELA04_L14,31,5,87.3,86.2
A01282,L023,ELA04,2026-04-02,ELA04_L05,46,5,85.6,85.4
A01283,L023,ELA04,2026-03-18,ELA04_L08,26,4,80.9,73.5
A01284,L023,ELA04,2026-01-09,ELA04_L07,38,5,87.9,80.5
A01285,L023,ELA04,2026-02-17,ELA04_L03,50,5,86.6,85.9
A01286,L023,ELA04,2026-04-19,ELA04_L12,36,4,82.2,75.7
A01287,L023,ELA04,2025-10-18,ELA04_L07,39,3,93.1,100.0
A01288,L023,ELA04,2025-09-27,ELA04_L09,29,4,89.6,90.9
A01289,L023,ELA04,2026-03-13,ELA04_L02,32,5,100.0,100.0
A01290,L024,SCI03,2025-12-06,SCI03_L13,36,3,74.3,71.9
A01291,L024,SCI03,2026-06-28,SCI03_L12,44,5,79.0,70.1
A01292,L024,SCI03,2026-08-10,SCI03_L09,38,4,63.6,66.6
A01293,L024,SCI03,2025-12-21,SCI03_L08,39,5,76.7,81.3
A01294,L024,SCI03,2025-12-16,SCI03_L14,34,4,76.3,96.0
A01295,L024,SCI03,2026-02-18,SCI03_L05,38,3,77.9,91.1
A01296,L024,SCI03,2025-09-08,SCI03_L04,42,4,95.0,95.5
A01297,L024,SCI03,2025-12-07,SCI03_L12,44,4,60.3,65.4
A01298,L024,SCI03,2025-10-31,SCI03_L12,35,4,73.6,85.9
A01299,L024,SCI03,2026-05-04,SCI03_L15,55,4,76.3,61.0
A01300,L024,SCI03,2026-01-03,SCI03_L12,33,2,78.3,97.5
A01301,L024,ELA04,2026-03-23,ELA04_L08,43,4,85.0,68.4
A01302,L024,ELA04,2026-06-10,ELA04_L11,45,3,75.5,45.1
A01303,L024,ELA04,2026-01-23,ELA04_L13,37,4,77.5,86.3
A01304,L024,ELA04,2026-04-27,ELA04_L12,40,5,84.4,66.2
A01305,L024,ELA04,2026-02-05,ELA04_L09,43,3,83.4,65.3
A01306,L024,ELA04,2026-03-04,ELA04_L16,33,5,73.4,66.0
A01307,L024,ELA04,2026-04-27,ELA04_L04,33,5,72.5,72.6
A01308,L024,ELA04,2026-04-29,ELA04_L11,37,5,77.9,68.9
A01309,L024,ELA04,2025-12-14,ELA04_L12,40,4,89.9,100.0
A01310,L024,ELA04,2026-02-08,ELA04_L14,35,3,70.9,82.3
A01311,L024,ELA04,2025-09-24,ELA04_L08,52,5,92.9,90.5
A01312,L024,ELA04,2025-11-14,ELA04_L01,25,6,76.4,82.0
A01313,L024,ELA04,2026-01-12,ELA04_L14,49,3,75.4,80.3
A01314,L024,READ01,2025-11-18,READ01_L04,43,4,78.0,60.5
A01315,L024,READ01,2026-02-16,READ01_L04,47,4,79.9,89.2
A01316,L024,READ01,2026-03-14,READ01_L10,38,3,71.0,79.9
A01317,L024,READ01,2026-01-04,READ01_L08,44,5,79.6,87.9
A01318,L024,READ01,2026-06-09,READ01_L11,30,4,81.5,75.1
A01319,L024,READ01,2026-08-17,READ01_L06,35,3,76.6,53.1
A01320,L024,READ01,2026-01-10,READ01_L13,40,3,74.0,74.2
A01321,L024,READ01,2026-05-09,READ01_L12,46,6,94.5,99.2
A01322,L024,READ01,2026-07-26,READ01_L12,33,3,88.7,55.8
A01323,L024,READ01,2026-05-10,READ01_L08,51,3,88.8,85.8
A01324,L024,READ01,2025-11-26,READ01_L12,41,5,73.3,52.4
A01325,L024,READ01,2026-02-28,READ01_L03,36,4,82.6,88.1
A01326,L024,READ01,2025-11-11,READ01_L12,37,4,77.8,89.5
A01327,L024,READ01,2026-06-07,READ01_L08,40,3,82.7,78.1
A01328,L024,MATH04,2026-06-05,MATH04_L02,39,5,86.5,100.0
A01329,L024,MATH04,2026-05-27,MATH04_L02,39,3,87.6,57.0
A01330,L024,MATH04,2025-10-09,MATH04_L02,36,4,78.0,76.1
A01331,L024,MATH04,2025-09-04,MATH04_L14,24,3,76.8,82.5
A01332,L024,MATH04,2025-11-10,MATH04_L08,38,4,93.1,100.0
A01333,L024,MATH04,2025-10-05,MATH04_L05,41,3,72.8,83.2
A01334,L024,MATH04,2025-09-05,MATH04_L07,41,3,80.5,89.0
A01335,L024,MATH04,2026-05-17,MATH04_L15,30,4,96.0,98.8
A01336,L024,MATH04,2026-03-11,MATH04_L02,34,1,85.6,100.0
A01337,L024,MATH04,2026-07-14,MATH04_L16,24,3,85.4,100.0
A01338,L024,MATH04,2026-08-04,MATH04_L16,46,4,90.9,91.9
A01339,L024,MATH04,2025-09-09,MATH04_L01,47,3,78.3,68.6
A01340,L025,MATH03,2026-06-10,MATH03_L07,42,6,100.0,91.9
A01341,L025,MATH03,2025-09-07,MATH03_L01,35,5,93.3,75.6
A01342,L025,MATH03,2026-05-30,MATH03_L12,31,5,89.9,98.5
A01343,L025,MATH03,2026-01-19,MATH03_L09,53,7,79.9,80.5
A01344,L025,MATH03,2026-01-25,MATH03_L01,65,3,88.6,88.9
A01345,L025,MATH03,2026-05-16,MATH03_L12,53,5,95.2,89.2
A01346,L025,MATH03,2026-08-12,MATH03_L07,40,4,86.2,86.7
A01347,L025,MATH03,2025-12-01,MATH03_L02,31,6,89.3,83.3
A01348,L025,MATH03,2025-10-20,MATH03_L09,41,5,83.6,62.7
A01349,L025,MATH03,2025-11-16,MATH03_L04,34,6,96.4,100.0
A01350,L025,MATH03,2025-12-08,MATH03_L10,37,5,90.6,97.9
A01351,L025,MATH03,2026-05-28,MATH03_L05,41,5,93.6,86.3
A01352,L025,MATH03,2026-03-01,MATH03_L05,26,6,91.0,94.6
A01353,L025,MATH03,2026-03-23,MATH03_L02,58,5,87.6,75.2
A01354,L025,MATH03,2026-03-11,MATH03_L07,46,5,100.0,94.9
A01355,L025,MATH03,2026-04-24,MATH03_L10,41,5,97.4,74.5
A01356,L025,MATH03,2026-01-03,MATH03_L12,56,4,90.3,83.1
A01357,L025,MATH03,2025-12-25,MATH03_L05,33,2,90.2,87.4
A01358,L025,READ01,2026-08-01,READ01_L14,42,5,94.9,95.4
A01359,L025,READ01,2026-07-30,READ01_L13,41,4,100.0,96.6
A01360,L025,READ01,2025-09-17,READ01_L02,54,4,98.4,99.6
A01361,L025,READ01,2026-03-27,READ01_L07,35,5,96.5,78.9
A01362,L025,READ01,2026-03-13,READ01_L09,46,4,79.6,82.1
A01363,L025,READ01,2026-05-02,READ01_L01,35,5,93.6,78.8
A01364,L025,READ01,2026-07-24,READ01_L01,32,4,100.0,87.5
A01365,L025,READ01,2026-08-26,READ01_L03,40,4,98.3,100.0
A01366,L025,READ01,2025-10-13,READ01_L08,47,4,94.0,77.2
A01367,L025,READ01,2026-04-11,READ01_L11,40,5,94.6,93.7
A01368,L025,READ01,2026-02-17,READ01_L10,30,7,95.4,93.4
A01369,L025,MATH02,2026-05-29,MATH02_L01,36,5,99.4,83.7
A01370,L025,MATH02,2025-12-27,MATH02_L04,40,5,97.4,100.0
A01371,L025,MATH02,2026-08-21,MATH02_L10,37,5,83.9,100.0
A01372,L025,MATH02,2026-05-02,MATH02_L05,47,5,92.7,100.0
A01373,L025,MATH02,2025-09-24,MATH02_L02,43,3,79.8,49.7
A01374,L025,MATH02,2026-08-17,MATH02_L05,44,4,96.2,94.9
A01375,L025,MATH02,2026-06-06,MATH02_L10,41,5,100.0,92.2
A01376,L025,MATH02,2026-08-03,MATH02_L01,41,4,96.1,100.0
A01377,L025,MATH02,2025-12-01,MATH02_L14,44,2,100.0,95.7
A01378,L025,MATH02,2026-02-09,MATH02_L01,41,6,100.0,100.0
A01379,L025,MATH02,2025-12-16,MATH02_L10,36,2,95.5,100.0
A01380,L025,ELA02,2026-08-31,ELA02_L14,44,3,87.3,84.1
A01381,L025,ELA02,2026-03-23,ELA02_L02,45,4,94.0,100.0
A01382,L025,ELA02,2026-02-01,ELA02_L03,29,5,89.0,89.4
A01383,L025,ELA02,2026-06-16,ELA02_L04,54,4,95.1,93.6
A01384,L025,ELA02,2026-06-18,ELA02_L14,49,5,85.0,79.9
A01385,L025,ELA02,2026-03-19,ELA02_L11,54,3,78.5,71.4
A01386,L025,ELA02,2026-06-04,ELA02_L06,33,3,96.6,71.2
A01387,L025,ELA02,2026-03-16,ELA02_L13,38,8,99.5,87.6
A01388,L025,ELA02,2025-11-11,ELA02_L13,38,5,86.4,80.8
A01389,L025,ELA02,2026-08-19,ELA02_L12,35,3,98.7,77.1
A01390,L025,ELA02,2025-10-11,ELA02_L09,38,4,76.0,68.4
A01391,L025,ELA02,2026-02-25,ELA02_L01,52,4,100.0,78.5
A01392,L026,READ01,2026-04-12,READ01_L04,33,3,71.5,63.1
A01393,L026,READ01,2025-10-09,READ01_L06,34,3,70.8,73.3
A01394,L026,READ01,2026-07-07,READ01_L13,30,5,78.9,67.2
A01395,L026,READ01,2026-07-12,READ01_L10,40,3,63.1,67.0
A01396,L026,READ01,2026-03-23,READ01_L13,48,4,56.8,38.8
A01397,L026,READ01,2026-02-15,READ01_L01,51,3,64.2,54.2
A01398,L026,READ01,2026-07-22,READ01_L05,35,4,57.9,66.5
A01399,L026,READ01,2026-04-19,READ01_L08,25,4,64.9,76.9
A01400,L026,READ01,2025-12-26,READ01_L06,46,4,63.5,76.6
A01401,L026,READ01,2026-06-11,READ01_L07,17,4,75.5,88.2
A01402,L026,READ01,2026-04-10,READ01_L03,34,4,68.9,34.1
A01403,L026,SCI01,2025-10-14,SCI01_L10,30,4,89.4,88.4
A01404,L026,SCI01,2026-01-30,SCI01_L04,41,4,86.1,75.4
A01405,L026,SCI01,2025-10-08,SCI01_L02,22,4,82.4,69.2
A01406,L026,SCI01,2026-01-16,SCI01_L03,39,4,86.1,87.0
A01407,L026,SCI01,2026-03-14,SCI01_L12,30,4,62.0,64.0
A01408,L026,SCI01,2026-07-22,SCI01_L03,41,3,85.5,75.9
A01409,L026,SCI01,2026-03-19,SCI01_L06,19,5,76.9,82.2
A01410,L026,SCI01,2026-03-04,SCI01_L02,25,5,85.9,100.0
A01411,L026,SCI01,2025-10-17,SCI01_L01,43,4,65.5,46.9
A01412,L026,SCI01,2026-02-05,SCI01_L08,44,3,80.0,94.0
A01413,L026,SCI01,2026-03-04,SCI01_L05,25,4,62.7,63.0
A01414,L026,SCI01,2025-10-23,SCI01_L03,44,4,70.3,80.6
A01415,L026,SCI01,2025-10-15,SCI01_L03,42,3,75.1,99.7
A01416,L026,SCI01,2026-04-09,SCI01_L08,54,4,69.5,53.0
A01417,L026,SCI01,2026-06-13,SCI01_L09,38,5,87.0,100.0
A01418,L026,SCI01,2026-05-21,SCI01_L07,33,5,78.7,78.8
A01419,L026,ELA01,2025-09-14,ELA01_L02,20,4,81.5,73.9
A01420,L026,ELA01,2026-03-01,ELA01_L09,42,4,89.3,95.1
A01421,L026,ELA01,2025-10-18,ELA01_L10,50,6,68.1,72.8
A01422,L026,ELA01,2026-07-04,ELA01_L06,33,3,88.8,89.3
A01423,L026,ELA01,2026-03-17,ELA01_L01,34,4,79.5,83.2
A01424,L026,ELA01,2026-01-28,ELA01_L07,41,5,68.1,70.1
A01425,L026,ELA01,2026-03-18,ELA01_L02,28,4,85.3,71.2
A01426,L026,ELA01,2026-06-14,ELA01_L04,32,3,67.1,60.6
A01427,L026,ELA01,2026-06-20,ELA01_L09,44,3,74.3,55.3
A01428,L026,ELA01,2025-11-26,ELA01_L11,31,4,85.2,90.5
A01429,L026,ELA01,2026-03-14,ELA01_L03,46,4,77.6,67.3
A01430,L026,MATH01,2026-01-16,MATH01_L05,39,4,93.5,100.0
A01431,L026,MATH01,2026-01-16,MATH01_L08,41,6,78.0,74.7
A01432,L026,MATH01,2025-11-14,MATH01_L02,38,5,73.5,55.4
A01433,L026,MATH01,2025-11-25,MATH01_L07,33,2,60.3,55.2
A01434,L026,MATH01,2026-01-20,MATH01_L07,30,2,80.1,80.9
A01435,L026,MATH01,2026-02-01,MATH01_L08,24,5,82.9,92.8
A01436,L026,MATH01,2025-10-10,MATH01_L06,47,6,83.7,79.4
A01437,L026,MATH01,2026-01-07,MATH01_L04,34,4,76.9,95.3
A01438,L026,MATH01,2026-07-18,MATH01_L08,30,5,65.3,77.5
A01439,L026,MATH01,2026-07-02,MATH01_L10,44,4,73.1,91.1
A01440,L026,MATH01,2025-12-10,MATH01_L08,46,6,76.6,83.8
A01441,L026,MATH01,2025-10-25,MATH01_L03,43,3,76.4,100.0
A01442,L027,READ01,2025-09-04,READ01_L07,28,2,52.6,65.8
A01443,L027,READ01,2026-02-18,READ01_L14,26,3,58.1,40.0
A01444,L027,READ01,2026-07-15,READ01_L07,33,4,52.6,43.4
A01445,L027,READ01,2026-02-16,READ01_L08,23,1,40.9,57.0
A01446,L027,READ01,2026-02-19,READ01_L07,32,4,63.5,65.1
A01447,L027,READ01,2026-07-31,READ01_L10,27,2,50.4,31.8
A01448,L027,READ01,2025-11-09,READ01_L05,30,3,53.3,54.4
A01449,L027,READ01,2026-02-12,READ01_L10,23,3,49.8,58.7
A01450,L027,READ01,2026-08-22,READ01_L04,31,3,42.0,33.4
A01451,L027,READ01,2026-05-04,READ01_L06,32,1,46.4,50.6
A01452,L027,READ01,2025-11-30,READ01_L07,38,5,44.0,33.7
A01453,L027,READ01,2026-02-11,READ01_L05,24,4,55.4,40.2
A01454,L027,READ01,2026-08-22,READ01_L11,23,2,55.0,42.6
A01455,L027,READ01,2026-05-10,READ01_L10,23,3,57.7,53.6
A01456,L027,MATH01,2026-02-14,MATH01_L07,31,2,50.2,52.8
A01457,L027,MATH01,2026-01-22,MATH01_L07,24,4,63.4,81.4
A01458,L027,MATH01,2026-03-06,MATH01_L02,18,3,44.6,38.1
A01459,L027,MATH01,2026-06-16,MATH01_L04,30,2,66.1,52.3
A01460,L027,MATH01,2026-07-01,MATH01_L09,25,3,59.9,71.3
A01461,L027,MATH01,2025-12-02,MATH01_L11,29,3,47.3,55.5
A01462,L027,MATH01,2026-06-09,MATH01_L01,28,3,55.9,51.4
A01463,L027,MATH01,2026-04-25,MATH01_L12,32,4,39.3,28.7
A01464,L027,MATH01,2025-12-17,MATH01_L08,23,3,45.0,50.3
A01465,L027,MATH01,2026-01-28,MATH01_L12,23,3,49.9,31.1
A01466,L027,MATH01,2025-10-06,MATH01_L07,37,1,52.3,33.9
A01467,L027,MATH01,2026-08-11,MATH01_L08,25,4,63.8,61.9
A01468,L027,MATH01,2025-11-11,MATH01_L11,33,2,49.9,51.4
A01469,L027,SCI01,2026-01-02,SCI01_L05,19,3,48.1,44.9
A01470,L027,SCI01,2026-08-04,SCI01_L03,20,4,49.9,60.4
A01471,L027,SCI01,2026-04-05,SCI01_L07,27,1,58.9,82.3
A01472,L027,SCI01,2025-10-08,SCI01_L08,24,3,50.7,64.7
A01473,L027,SCI01,2026-07-04,SCI01_L08,40,4,51.0,38.0
A01474,L027,SCI01,2026-06-26,SCI01_L07,38,1,45.8,44.0
A01475,L027,SCI01,2026-06-01,SCI01_L09,26,2,39.7,35.4
A01476,L027,SCI01,2026-08-21,SCI01_L07,21,5,46.7,69.1
A01477,L027,SCI01,2026-06-06,SCI01_L01,43,2,41.9,43.4
A01478,L027,SCI01,2026-03-04,SCI01_L12,25,4,50.6,52.2
A01479,L027,SCI01,2026-06-02,SCI01_L10,19,2,47.3,27.6
A01480,L027,SCI01,2026-07-24,SCI01_L02,20,2,51.2,67.7
A01481,L027,SCI01,2025-10-26,SCI01_L04,30,2,60.7,83.3
A01482,L027,SCI01,2026-08-03,SCI01_L11,27,1,55.3,60.0
A01483,L027,ELA01,2025-11-25,ELA01_L11,25,3,57.8,53.4
A01484,L027,ELA01,2026-07-11,ELA01_L01,10,2,49.7,61.3
A01485,L027,ELA01,2026-06-16,ELA01_L11,30,2,46.1,50.4
A01486,L027,ELA01,2026-08-13,ELA01_L11,22,4,49.4,60.6
A01487,L027,ELA01,2026-03-24,ELA01_L06,34,3,46.3,54.0
A01488,L027,ELA01,2026-04-09,ELA01_L02,38,2,37.6,33.3
A01489,L027,ELA01,2025-09-06,ELA01_L02,32,2,72.3,45.8
A01490,L027,ELA01,2026-01-11,ELA01_L04,19,2,62.3,58.3
A01491,L027,ELA01,2026-05-20,ELA01_L12,36,2,62.5,66.2
A01492,L027,ELA01,2026-05-24,ELA01_L09,31,3,46.3,58.0
A01493,L027,ELA01,2026-06-25,ELA01_L12,34,2,58.9,67.8
A01494,L027,ELA01,2026-06-22,ELA01_L04,21,2,50.4,51.4
A01495,L027,ELA01,2026-04-17,ELA01_L06,28,1,58.4,59.1
A01496,L027,ELA01,2026-03-20,ELA01_L08,31,3,52.1,64.3
A01497,L027,ELA01,2026-08-14,ELA01_L10,25,2,46.4,54.8
A01498,L028,ELA04,2025-11-17,ELA04_L12,40,4,100.0,100.0
A01499,L028,ELA04,2025-09-13,ELA04_L16,46,3,96.8,100.0
A01500,L028,ELA04,2025-10-24,ELA04_L10,33,4,85.3,78.3
A01501,L028,ELA04,2026-04-01,ELA04_L03,31,6,91.0,100.0
A01502,L028,ELA04,2025-10-30,ELA04_L05,50,4,77.2,87.4
A01503,L028,ELA04,2026-02-26,ELA04_L10,43,4,92.2,100.0
A01504,L028,ELA04,2026-02-23,ELA04_L15,47,6,82.8,91.4
A01505,L028,ELA04,2025-12-15,ELA04_L16,38,6,100.0,98.7
A01506,L028,ELA04,2026-02-26,ELA04_L16,42,4,100.0,100.0
A01507,L028,ELA04,2025-10-20,ELA04_L15,31,4,88.8,96.2
A01508,L028,ELA04,2026-08-23,ELA04_L15,43,6,100.0,83.7
A01509,L028,ELA04,2026-02-11,ELA04_L03,40,5,89.2,90.2
A01510,L028,ELA04,2026-02-01,ELA04_L02,39,5,98.3,97.7
A01511,L028,ELA04,2026-08-30,ELA04_L04,41,4,85.3,83.3
A01512,L028,ELA04,2025-09-12,ELA04_L11,43,4,93.0,100.0
A01513,L028,ELA04,2026-07-29,ELA04_L04,37,7,83.4,70.9
A01514,L028,ELA04,2026-08-13,ELA04_L06,48,3,81.9,79.1
A01515,L028,ELA04,2026-01-03,ELA04_L06,30,3,100.0,82.0
A01516,L028,MATH04,2025-11-21,MATH04_L11,51,4,99.9,100.0
A01517,L028,MATH04,2026-06-14,MATH04_L14,57,4,100.0,72.4
A01518,L028,MATH04,2026-04-25,MATH04_L08,39,4,86.2,83.9
A01519,L028,MATH04,2026-03-27,MATH04_L06,53,4,100.0,100.0
A01520,L028,MATH04,2025-12-05,MATH04_L14,43,6,95.6,96.5
A01521,L028,MATH04,2026-03-22,MATH04_L01,31,4,100.0,98.5
A01522,L028,MATH04,2026-07-12,MATH04_L07,52,5,96.3,79.2
A01523,L028,MATH04,2026-04-19,MATH04_L14,48,3,99.5,99.4
A01524,L028,MATH04,2026-03-19,MATH04_L01,37,4,80.0,89.7
A01525,L028,MATH04,2026-08-27,MATH04_L07,32,6,93.7,76.5
A01526,L028,MATH04,2025-12-15,MATH04_L09,36,4,95.4,100.0
A01527,L028,MATH04,2026-08-27,MATH04_L03,53,5,96.9,100.0
A01528,L028,MATH04,2026-06-23,MATH04_L04,44,5,89.2,88.1
A01529,L028,MATH04,2026-06-02,MATH04_L06,45,5,78.3,70.1
A01530,L028,MATH04,2026-03-07,MATH04_L11,54,5,82.5,79.7
A01531,L028,MATH04,2025-12-10,MATH04_L15,36,6,83.6,85.3
A01532,L028,MATH04,2025-10-29,MATH04_L09,46,4,88.3,100.0
A01533,L028,MATH04,2026-08-10,MATH04_L16,39,4,100.0,68.6
A01534,L028,READ01,2026-07-25,READ01_L06,32,5,80.9,77.0
A01535,L028,READ01,2026-07-03,READ01_L07,40,5,82.0,88.3
A01536,L028,READ01,2026-07-10,READ01_L07,41,3,77.5,88.4
A01537,L028,READ01,2026-06-28,READ01_L02,35,4,99.0,93.5
A01538,L028,READ01,2026-02-26,READ01_L06,45,4,74.7,86.4
A01539,L028,READ01,2026-04-23,READ01_L10,37,3,83.9,71.9
A01540,L028,READ01,2025-11-28,READ01_L14,50,4,83.3,84.8
A01541,L028,READ01,2026-08-11,READ01_L12,32,4,89.7,96.9
A01542,L028,READ01,2026-01-31,READ01_L10,49,4,83.1,77.3
A01543,L028,READ01,2026-06-30,READ01_L02,37,5,97.0,93.2
A01544,L028,READ01,2026-08-11,READ01_L03,23,3,93.8,100.0
A01545,L028,READ01,2026-02-08,READ01_L02,35,4,100.0,100.0
A01546,L028,READ01,2026-01-01,READ01_L05,26,4,98.3,94.3
A01547,L028,READ01,2025-10-30,READ01_L03,62,4,98.4,81.5
A01548,L028,READ01,2026-03-11,READ01_L12,53,5,96.0,85.1
A01549,L028,READ01,2025-11-12,READ01_L09,48,4,100.0,100.0
A01550,L028,READ01,2026-03-18,READ01_L07,52,5,100.0,95.7
A01551,L028,READ01,2026-07-03,READ01_L03,33,5,100.0,83.6
A01552,L028,SCI03,2026-04-05,SCI03_L03,40,6,100.0,100.0
A01553,L028,SCI03,2026-05-08,SCI03_L11,54,6,82.9,93.5
A01554,L028,SCI03,2026-06-03,SCI03_L12,40,5,86.6,78.2
A01555,L028,SCI03,2026-07-28,SCI03_L15,43,2,100.0,100.0
A01556,L028,SCI03,2025-11-28,SCI03_L09,42,4,89.9,99.6
A01557,L028,SCI03,2025-11-25,SCI03_L08,45,4,100.0,99.5
A01558,L028,SCI03,2026-01-26,SCI03_L03,36,5,92.9,98.4
A01559,L028,SCI03,2025-12-05,SCI03_L06,52,4,100.0,100.0
A01560,L028,SCI03,2026-04-19,SCI03_L10,48,4,85.1,72.8
A01561,L028,SCI03,2025-09-28,SCI03_L14,21,3,95.0,92.8
A01562,L028,SCI03,2026-03-03,SCI03_L01,39,3,93.4,83.6
A01563,L028,SCI03,2026-05-07,SCI03_L03,47,5,95.9,100.0
A01564,L028,SCI03,2025-12-09,SCI03_L14,36,4,95.9,79.1
A01565,L028,SCI03,2026-03-16,SCI03_L09,51,5,91.9,100.0
A01566,L028,SCI03,2026-05-17,SCI03_L11,53,4,90.3,100.0
A01567,L028,SCI03,2026-05-12,SCI03_L07,48,6,92.6,90.2
A01568,L029,READ01,2026-04-01,READ01_L12,46,3,70.7,54.9
A01569,L029,READ01,2026-04-16,READ01_L08,31,4,86.1,100.0
A01570,L029,READ01,2025-11-25,READ01_L02,27,4,64.1,42.6
A01571,L029,READ01,2026-06-17,READ01_L01,37,3,66.7,48.2
A01572,L029,READ01,2025-12-22,READ01_L05,36,5,81.7,78.6
A01573,L029,READ01,2025-09-17,READ01_L05,37,3,61.9,47.8
A01574,L029,READ01,2025-12-25,READ01_L09,30,2,80.7,96.7
A01575,L029,READ01,2026-01-26,READ01_L03,30,2,64.9,85.8
A01576,L029,READ01,2026-04-23,READ01_L10,36,4,58.7,63.7
A01577,L029,READ01,2026-05-12,READ01_L09,22,3,68.5,70.8
A01578,L029,READ01,2026-05-20,READ01_L02,37,4,62.7,74.2
A01579,L029,READ01,2026-06-21,READ01_L02,53,4,59.2,59.1
A01580,L029,READ01,2026-01-16,READ01_L13,54,2,77.7,75.0
A01581,L029,READ01,2026-06-06,READ01_L14,37,4,50.0,49.5
A01582,L029,READ01,2026-03-07,READ01_L09,19,4,63.7,81.2
A01583,L029,READ01,2025-09-22,READ01_L13,39,2,64.3,69.7
A01584,L029,READ01,2026-04-14,READ01_L09,29,3,65.8,61.1
A01585,L029,ELA04,2026-04-06,ELA04_L04,25,3,72.0,71.5
A01586,L029,ELA04,2026-08-01,ELA04_L08,50,3,60.2,52.2
A01587,L029,ELA04,2026-01-31,ELA04_L02,50,4,61.2,49.9
A01588,L029,ELA04,2026-04-19,ELA04_L09,37,4,77.8,73.7
A01589,L029,ELA04,2026-02-26,ELA04_L03,38,3,63.0,84.8
A01590,L029,ELA04,2026-04-13,ELA04_L04,47,3,58.8,62.4
A01591,L029,ELA04,2025-12-31,ELA04_L07,30,4,75.6,43.2
A01592,L029,ELA04,2026-06-29,ELA04_L12,28,2,63.2,60.6
A01593,L029,ELA04,2026-08-30,ELA04_L14,41,4,72.1,64.1
A01594,L029,ELA04,2025-11-24,ELA04_L05,36,4,71.9,81.3
A01595,L029,ELA04,2025-12-15,ELA04_L07,28,3,69.2,62.6
A01596,L029,ELA04,2025-10-01,ELA04_L12,37,4,66.5,65.8
A01597,L029,ELA04,2026-05-31,ELA04_L09,36,3,69.1,58.0
A01598,L029,SCI03,2025-11-26,SCI03_L06,30,4,54.9,46.5
A01599,L029,SCI03,2026-08-27,SCI03_L05,39,4,67.1,54.1
A01600,L029,SCI03,2026-01-27,SCI03_L10,44,2,77.0,67.1
A01601,L029,SCI03,2026-01-15,SCI03_L14,34,1,78.5,61.7
A01602,L029,SCI03,2026-05-22,SCI03_L15,26,3,67.0,67.4
A01603,L029,SCI03,2026-08-14,SCI03_L14,33,5,80.7,97.8
A01604,L029,SCI03,2025-10-19,SCI03_L03,37,1,80.5,86.0
A01605,L029,SCI03,2026-03-30,SCI03_L15,35,5,77.4,87.7
A01606,L029,SCI03,2025-10-01,SCI03_L05,44,4,73.5,43.6
A01607,L029,SCI03,2026-08-02,SCI03_L03,45,3,65.0,62.3
A01608,L029,SCI03,2026-08-26,SCI03_L14,49,5,60.6,50.0
A01609,L029,SCI03,2025-11-07,SCI03_L04,30,4,70.2,76.3
A01610,L029,SCI03,2025-11-14,SCI03_L12,38,6,75.5,63.1
A01611,L029,SCI03,2026-02-12,SCI03_L14,32,2,55.3,37.4
A01612,L029,SCI03,2026-01-05,SCI03_L13,28,2,61.0,67.2
A01613,L029,SCI03,2026-08-13,SCI03_L07,34,4,64.9,55.7
A01614,L029,SCI03,2026-05-09,SCI03_L03,38,2,66.9,38.2
A01615,L029,SCI03,2026-06-23,SCI03_L11,39,6,71.7,73.6
A01616,L029,MATH04,2026-07-19,MATH04_L14,34,4,75.5,95.5
A01617,L029,MATH04,2026-03-12,MATH04_L15,39,6,52.0,55.4
A01618,L029,MATH04,2025-10-09,MATH04_L03,30,3,82.2,82.6
A01619,L029,MATH04,2026-03-26,MATH04_L09,26,2,51.2,61.1
A01620,L029,MATH04,2026-08-22,MATH04_L12,38,4,76.0,74.0
A01621,L029,MATH04,2026-04-21,MATH04_L16,35,4,78.6,75.4
A01622,L029,MATH04,2026-02-15,MATH04_L01,32,4,74.5,60.9
A01623,L029,MATH04,2025-10-18,MATH04_L15,41,3,60.2,54.7
A01624,L029,MATH04,2026-07-23,MATH04_L12,30,3,76.1,92.9
A01625,L029,MATH04,2025-10-03,MATH04_L13,48,3,81.3,96.1
A01626,L029,MATH04,2025-12-21,MATH04_L14,28,1,61.4,81.5
A01627,L029,MATH04,2025-12-18,MATH04_L16,34,3,62.1,70.4
A01628,L029,MATH04,2026-01-16,MATH04_L11,25,4,66.0,48.8
A01629,L029,MATH04,2026-01-24,MATH04_L11,18,2,62.3,64.4
A01630,L030,SCI01,2026-06-23,SCI01_L03,23,3,52.9,46.4
A01631,L030,SCI01,2026-06-17,SCI01_L08,50,3,84.6,91.3
A01632,L030,SCI01,2026-02-23,SCI01_L11,30,2,74.6,74.5
A01633,L030,SCI01,2025-09-25,SCI01_L01,32,4,67.3,58.3
A01634,L030,SCI01,2025-10-21,SCI01_L11,36,4,59.4,45.3
A01635,L030,SCI01,2026-04-24,SCI01_L01,21,3,76.1,73.0
A01636,L030,SCI01,2025-11-03,SCI01_L03,31,5,63.6,53.3
A01637,L030,SCI01,2026-04-14,SCI01_L08,39,4,88.2,93.9
A01638,L030,SCI01,2025-09-01,SCI01_L07,27,2,88.9,79.8
A01639,L030,SCI01,2025-12-13,SCI01_L12,21,3,68.9,89.2
A01640,L030,SCI01,2025-11-07,SCI01_L11,33,3,69.9,80.6
A01641,L030,SCI01,2026-02-02,SCI01_L03,50,5,62.0,65.1
A01642,L030,SCI01,2026-01-19,SCI01_L02,43,5,68.6,58.9
A01643,L030,SCI01,2026-08-02,SCI01_L06,25,4,64.4,72.4
A01644,L030,SCI01,2026-01-07,SCI01_L02,31,2,57.8,47.1
A01645,L030,SCI01,2026-03-10,SCI01_L11,29,3,73.1,53.5
A01646,L030,SCI01,2026-07-30,SCI01_L03,35,3,70.1,67.9
A01647,L030,SCI01,2025-09-27,SCI01_L07,29,2,70.1,91.8
A01648,L030,ELA01,2026-08-25,ELA01_L04,34,4,63.6,100.0
A01649,L030,ELA01,2026-04-08,ELA01_L11,39,3,58.7,52.2
A01650,L030,ELA01,2025-10-17,ELA01_L12,26,3,62.9,45.2
A01651,L030,ELA01,2025-10-19,ELA01_L01,36,4,76.2,70.6
A01652,L030,ELA01,2025-12-19,ELA01_L08,37,2,65.7,61.4
A01653,L030,ELA01,2025-10-10,ELA01_L03,28,1,61.8,77.8
A01654,L030,ELA01,2026-07-01,ELA01_L04,44,5,63.2,47.7
A01655,L030,ELA01,2026-05-24,ELA01_L11,56,5,59.9,59.6
A01656,L030,ELA01,2026-04-16,ELA01_L01,30,4,70.7,62.1
A01657,L030,ELA01,2025-09-05,ELA01_L12,25,3,52.4,38.8
A01658,L030,ELA01,2026-02-23,ELA01_L02,26,3,68.1,78.3
A01659,L030,ELA01,2026-04-05,ELA01_L12,35,4,70.6,76.4
A01660,L030,ELA01,2025-11-07,ELA01_L08,31,3,80.2,64.6
A01661,L030,ELA01,2025-10-07,ELA01_L04,43,5,65.2,76.7
A01662,L030,READ01,2025-10-16,READ01_L12,44,2,54.3,65.1
A01663,L030,READ01,2025-10-23,READ01_L02,41,2,65.7,79.8
A01664,L030,READ01,2026-02-08,READ01_L06,30,2,56.9,35.9
A01665,L030,READ01,2026-02-01,READ01_L03,50,6,69.4,70.6
A01666,L030,READ01,2026-03-15,READ01_L13,37,4,77.6,73.5
A01667,L030,READ01,2025-11-08,READ01_L11,39,3,70.2,69.3
A01668,L030,READ01,2026-08-13,READ01_L03,42,2,68.2,67.6
A01669,L030,READ01,2025-10-06,READ01_L09,44,5,83.9,84.2
A01670,L030,READ01,2026-06-16,READ01_L01,43,5,71.2,47.8
A01671,L030,READ01,2026-07-10,READ01_L11,46,3,58.1,50.1
A01672,L030,READ01,2025-11-24,READ01_L08,31,2,58.6,83.7
A01673,L030,READ01,2026-02-27,READ01_L12,35,4,68.5,80.0
A01674,L030,READ01,2025-12-19,READ01_L11,44,3,76.2,72.6
A01675,L030,READ01,2025-11-17,READ01_L07,31,3,74.8,79.6
A01676,L030,READ01,2026-07-13,READ01_L11,21,4,74.9,72.1
A01677,L030,READ01,2026-04-15,READ01_L14,41,5,74.3,90.5
A01678,L030,MATH01,2025-10-15,MATH01_L02,47,4,79.4,79.8
A01679,L030,MATH01,2025-11-11,MATH01_L02,41,3,75.6,80.5
A01680,L030,MATH01,2026-06-29,MATH01_L12,28,5,68.4,69.0
A01681,L030,MATH01,2026-03-16,MATH01_L06,22,3,85.0,85.4
A01682,L030,MATH01,2026-04-08,MATH01_L06,38,4,77.7,64.2
A01683,L030,MATH01,2025-11-11,MATH01_L04,38,2,59.4,53.0
A01684,L030,MATH01,2026-01-20,MATH01_L11,27,5,72.7,87.3
A01685,L030,MATH01,2025-10-14,MATH01_L04,28,1,56.1,46.7
A01686,L030,MATH01,2026-06-11,MATH01_L10,32,4,74.8,56.5
A01687,L030,MATH01,2026-07-05,MATH01_L12,31,3,75.0,73.9
A01688,L030,MATH01,2026-07-09,MATH01_L05,26,4,58.5,63.3
A01689,L030,MATH01,2026-08-20,MATH01_L01,38,4,77.0,56.3
A01690,L030,MATH01,2026-08-04,MATH01_L05,35,5,66.5,74.7
A01691,L031,READ01,2026-05-24,READ01_L10,45,4,98.9,100.0
A01692,L031,READ01,2026-05-19,READ01_L04,33,4,88.5,86.0
A01693,L031,READ01,2026-03-20,READ01_L05,24,6,99.5,88.2
A01694,L031,READ01,2026-07-28,READ01_L01,50,5,75.6,90.7
A01695,L031,READ01,2026-01-01,READ01_L08,57,5,93.0,91.2
A01696,L031,READ01,2026-03-17,READ01_L02,50,4,89.4,81.5
A01697,L031,READ01,2026-01-02,READ01_L08,24,4,84.2,61.5
A01698,L031,READ01,2026-07-24,READ01_L10,47,4,87.0,100.0
A01699,L031,READ01,2025-10-07,READ01_L09,50,5,74.9,54.3
A01700,L031,READ01,2025-09-07,READ01_L06,40,3,100.0,83.1
A01701,L031,READ01,2026-02-10,READ01_L03,39,4,84.9,81.3
A01702,L031,READ01,2026-03-18,READ01_L14,37,2,91.7,89.9
A01703,L031,READ01,2026-06-19,READ01_L07,43,3,67.7,69.6
A01704,L031,SCI03,2026-06-07,SCI03_L11,33,5,97.1,91.9
A01705,L031,SCI03,2025-11-28,SCI03_L13,38,3,100.0,100.0
A01706,L031,SCI03,2026-04-30,SCI03_L13,34,4,83.1,82.6
A01707,L031,SCI03,2025-10-08,SCI03_L01,25,4,97.4,100.0
A01708,L031,SCI03,2026-06-28,SCI03_L02,51,4,88.2,86.0
A01709,L031,SCI03,2025-09-08,SCI03_L05,41,4,91.4,97.6
A01710,L031,SCI03,2025-12-20,SCI03_L01,36,4,81.4,97.6
A01711,L031,SCI03,2025-10-01,SCI03_L13,44,4,60.9,40.7
A01712,L031,SCI03,2026-03-23,SCI03_L09,44,5,89.1,57.3
A01713,L031,SCI03,2026-01-25,SCI03_L11,35,5,97.6,100.0
A01714,L031,SCI03,2026-08-31,SCI03_L09,46,4,79.6,54.8
A01715,L031,SCI03,2026-04-01,SCI03_L07,34,3,96.0,91.1
A01716,L031,SCI03,2026-08-26,SCI03_L07,40,5,88.8,72.7
A01717,L031,SCI03,2025-10-13,SCI03_L11,40,6,80.7,79.3
A01718,L031,SCI03,2026-06-02,SCI03_L09,41,4,95.3,92.3
A01719,L031,MATH04,2026-01-21,MATH04_L03,45,6,85.3,89.6
A01720,L031,MATH04,2026-02-06,MATH04_L03,33,4,96.1,87.4
A01721,L031,MATH04,2026-05-20,MATH04_L07,38,5,89.1,78.0
A01722,L031,MATH04,2025-11-19,MATH04_L11,46,2,87.0,100.0
A01723,L031,MATH04,2026-03-20,MATH04_L03,24,4,84.4,84.8
A01724,L031,MATH04,2026-02-06,MATH04_L14,48,5,86.0,89.5
A01725,L031,MATH04,2026-01-01,MATH04_L02,40,6,90.2,72.5
A01726,L031,MATH04,2026-01-04,MATH04_L03,41,5,87.7,77.6
A01727,L031,MATH04,2026-04-11,MATH04_L04,42,5,72.7,90.5
A01728,L031,MATH04,2026-04-21,MATH04_L02,50,7,76.5,71.9
A01729,L031,MATH04,2026-02-06,MATH04_L06,37,4,76.3,83.1
A01730,L031,MATH04,2025-11-01,MATH04_L01,53,3,81.9,61.0
A01731,L031,ELA04,2026-08-26,ELA04_L01,22,4,95.5,100.0
A01732,L031,ELA04,2025-11-23,ELA04_L16,32,4,86.5,85.9
A01733,L031,ELA04,2026-02-25,ELA04_L09,46,3,87.9,100.0
A01734,L031,ELA04,2025-11-25,ELA04_L12,46,4,88.6,100.0
A01735,L031,ELA04,2025-11-04,ELA04_L09,43,3,84.6,72.6
A01736,L031,ELA04,2025-10-31,ELA04_L01,37,3,92.1,84.4
A01737,L031,ELA04,2026-02-19,ELA04_L14,35,4,92.2,92.4
A01738,L031,ELA04,2026-01-18,ELA04_L03,29,5,71.3,62.4
A01739,L031,ELA04,2026-01-13,ELA04_L03,48,5,95.1,100.0
A01740,L031,ELA04,2026-05-13,ELA04_L15,46,4,86.0,100.0
A01741,L031,ELA04,2026-05-20,ELA04_L12,41,5,100.0,100.0
A01742,L031,ELA04,2025-09-29,ELA04_L16,35,5,85.4,86.4
A01743,L032,MATH02,2026-03-08,MATH02_L03,29,2,71.8,74.6
A01744,L032,MATH02,2026-01-09,MATH02_L13,34,5,77.5,69.1
A01745,L032,MATH02,2025-10-23,MATH02_L10,35,3,61.9,71.1
A01746,L032,MATH02,2026-08-12,MATH02_L12,47,5,64.1,63.6
A01747,L032,MATH02,2025-10-30,MATH02_L04,27,5,80.3,92.9
A01748,L032,MATH02,2026-05-19,MATH02_L01,35,1,77.2,69.5
A01749,L032,MATH02,2025-09-23,MATH02_L14,28,4,65.3,60.3
A01750,L032,MATH02,2025-09-07,MATH02_L04,27,3,63.7,77.2
A01751,L032,MATH02,2025-09-24,MATH02_L08,31,3,65.0,69.1
A01752,L032,MATH02,2026-03-06,MATH02_L07,11,5,73.9,91.2
A01753,L032,MATH02,2025-11-16,MATH02_L03,28,3,61.9,52.8
A01754,L032,MATH02,2025-09-19,MATH02_L09,20,2,72.1,90.6
A01755,L032,ELA02,2025-12-24,ELA02_L06,46,4,62.9,41.2
A01756,L032,ELA02,2026-01-06,ELA02_L07,35,3,75.4,78.3
A01757,L032,ELA02,2026-02-11,ELA02_L05,41,5,74.1,79.0
A01758,L032,ELA02,2025-10-10,ELA02_L10,32,6,59.3,68.0
A01759,L032,ELA02,2026-03-10,ELA02_L02,47,4,89.2,92.9
A01760,L032,ELA02,2026-05-16,ELA02_L11,22,4,70.0,84.5
A01761,L032,ELA02,2025-09-27,ELA02_L03,39,4,65.5,54.6
A01762,L032,ELA02,2025-12-24,ELA02_L13,27,3,66.7,51.2
A01763,L032,ELA02,2026-05-23,ELA02_L01,47,3,63.1,64.6
A01764,L032,ELA02,2026-03-25,ELA02_L02,45,5,66.3,76.6
A01765,L032,ELA02,2026-04-27,ELA02_L14,34,2,72.7,96.1
A01766,L032,ELA02,2026-01-23,ELA02_L13,41,5,64.2,57.6
A01767,L032,ELA02,2026-02-07,ELA02_L06,42,5,78.6,73.0
A01768,L032,ELA02,2025-10-15,ELA02_L09,32,4,60.0,60.7
A01769,L032,ELA02,2026-04-22,ELA02_L01,20,4,67.1,90.8
A01770,L032,ELA02,2026-03-08,ELA02_L04,40,4,74.0,78.8
A01771,L032,SCI02,2026-06-16,SCI02_L13,39,3,77.7,68.2
A01772,L032,SCI02,2026-02-03,SCI02_L12,38,3,68.3,72.1
A01773,L032,SCI02,2026-07-16,SCI02_L04,42,5,73.8,74.7
A01774,L032,SCI02,2026-04-26,SCI02_L06,33,4,59.8,37.8
A01775,L032,SCI02,2026-06-30,SCI02_L08,37,4,81.4,97.8
A01776,L032,SCI02,2025-12-10,SCI02_L12,40,3,65.3,63.0
A01777,L032,SCI02,2026-06-07,SCI02_L13,49,3,64.1,72.5
A01778,L032,SCI02,2026-01-04,SCI02_L03,45,5,55.3,56.5
A01779,L032,SCI02,2025-09-04,SCI02_L07,39,6,68.5,47.3
A01780,L032,SCI02,2025-09-13,SCI02_L04,28,3,76.6,73.6
A01781,L032,SCI02,2026-06-05,SCI02_L06,36,2,66.9,79.2
A01782,L032,SCI02,2026-07-23,SCI02_L14,40,3,55.9,41.9
A01783,L032,SCI02,2026-08-22,SCI02_L01,23,4,71.9,54.8
A01784,L032,SCI02,2026-02-19,SCI02_L01,28,3,74.0,77.5
A01785,L032,READ01,2026-02-05,READ01_L02,35,2,64.1,71.7
A01786,L032,READ01,2025-12-15,READ01_L09,58,4,84.4,93.9
A01787,L032,READ01,2025-12-31,READ01_L07,48,4,56.0,50.2
A01788,L032,READ01,2026-05-10,READ01_L01,34,3,80.2,85.9
A01789,L032,READ01,2025-11-12,READ01_L12,44,2,61.8,49.2
A01790,L032,READ01,2026-01-22,READ01_L02,42,3,63.0,46.8
A01791,L032,READ01,2025-09-23,READ01_L04,35,2,65.4,51.6
A01792,L032,READ01,2026-05-25,READ01_L07,29,3,87.2,82.8
A01793,L032,READ01,2026-08-25,READ01_L06,41,4,66.9,63.3
A01794,L032,READ01,2026-04-23,READ01_L12,46,3,60.4,81.2
A01795,L032,READ01,2025-10-14,READ01_L10,37,5,52.3,48.1
A01796,L032,READ01,2025-10-19,READ01_L09,38,3,68.5,64.7
A01797,L032,READ01,2025-11-08,READ01_L11,31,5,67.6,73.1
A01798,L032,READ01,2026-03-21,READ01_L02,42,3,72.3,63.0
A01799,L032,READ01,2026-07-01,READ01_L10,36,2,65.5,59.5
A01800,L032,READ01,2025-10-02,READ01_L07,53,1,66.2,64.0
A01801,L033,SCI03,2025-12-31,SCI03_L05,39,5,91.9,93.1
A01802,L033,SCI03,2026-01-12,SCI03_L14,20,4,72.8,63.5
A01803,L033,SCI03,2026-02-09,SCI03_L15,34,6,71.7,100.0
A01804,L033,SCI03,2026-03-21,SCI03_L12,34,3,79.9,85.5
A01805,L033,SCI03,2026-02-15,SCI03_L06,36,2,92.4,100.0
A01806,L033,SCI03,2026-04-20,SCI03_L05,25,4,86.0,91.4
A01807,L033,SCI03,2025-12-29,SCI03_L02,32,5,77.5,72.7
A01808,L033,SCI03,2025-12-13,SCI03_L03,22,5,66.3,73.7
A01809,L033,SCI03,2026-06-27,SCI03_L02,34,3,78.8,65.9
A01810,L033,SCI03,2025-11-19,SCI03_L02,21,3,74.7,70.9
A01811,L033,SCI03,2025-11-24,SCI03_L08,38,5,83.0,99.2
A01812,L033,SCI03,2026-04-27,SCI03_L06,42,4,86.6,74.8
A01813,L033,READ01,2025-11-01,READ01_L09,51,4,84.1,100.0
A01814,L033,READ01,2026-03-03,READ01_L13,29,5,65.9,69.1
A01815,L033,READ01,2025-12-16,READ01_L08,38,3,88.6,86.1
A01816,L033,READ01,2026-02-05,READ01_L08,29,5,65.9,76.3
A01817,L033,READ01,2026-01-14,READ01_L14,24,4,81.0,66.3
A01818,L033,READ01,2025-11-01,READ01_L02,33,3,87.5,87.9
A01819,L033,READ01,2025-11-20,READ01_L13,50,3,73.0,56.2
A01820,L033,READ01,2026-08-18,READ01_L05,38,3,60.9,43.8
A01821,L033,READ01,2026-08-27,READ01_L12,43,4,87.6,100.0
A01822,L033,READ01,2026-07-06,READ01_L01,31,3,83.4,93.2
A01823,L033,READ01,2025-12-20,READ01_L14,39,3,81.3,88.6
A01824,L033,READ01,2026-02-15,READ01_L03,37,5,72.1,64.2
A01825,L033,READ01,2025-10-17,READ01_L12,30,5,65.5,68.6
A01826,L033,READ01,2026-01-06,READ01_L06,34,4,77.1,66.9
A01827,L033,READ01,2026-03-22,READ01_L09,32,3,80.6,72.9
A01828,L033,READ01,2025-09-26,READ01_L11,38,4,75.1,30.9
A01829,L033,ELA04,2026-01-12,ELA04_L06,35,5,71.7,58.7
A01830,L033,ELA04,2025-09-16,ELA04_L13,50,3,79.4,84.2
A01831,L033,ELA04,2026-04-20,ELA04_L08,34,3,71.7,62.9
A01832,L033,ELA04,2025-10-19,ELA04_L15,45,5,99.9,100.0
A01833,L033,ELA04,2025-10-23,ELA04_L05,41,5,65.3,55.0
A01834,L033,ELA04,2025-11-02,ELA04_L01,44,6,85.9,80.8
A01835,L033,ELA04,2025-10-02,ELA04_L08,35,5,69.4,47.4
A01836,L033,ELA04,2025-11-06,ELA04_L07,39,3,61.6,61.7
A01837,L033,ELA04,2026-03-25,ELA04_L12,34,2,85.7,100.0
A01838,L033,ELA04,2026-08-18,ELA04_L03,29,5,70.2,65.5
A01839,L033,ELA04,2026-06-26,ELA04_L09,42,5,77.6,73.6
A01840,L033,ELA04,2025-10-09,ELA04_L01,21,5,90.3,80.2
A01841,L033,ELA04,2025-10-04,ELA04_L07,39,3,89.1,97.1
A01842,L033,ELA04,2026-07-28,ELA04_L15,43,3,85.3,79.5
A01843,L033,MATH04,2025-10-18,MATH04_L11,38,5,78.1,53.9
A01844,L033,MATH04,2025-11-02,MATH04_L02,36,3,80.8,71.9
A01845,L033,MATH04,2026-04-25,MATH04_L02,10,3,76.4,65.9
A01846,L033,MATH04,2025-11-26,MATH04_L14,31,4,82.4,100.0
A01847,L033,MATH04,2026-03-22,MATH04_L16,45,3,86.1,92.6
A01848,L033,MATH04,2025-09-16,MATH04_L13,36,4,76.3,69.1
A01849,L033,MATH04,2026-08-16,MATH04_L14,37,5,90.1,100.0
A01850,L033,MATH04,2025-11-28,MATH04_L12,27,4,86.4,96.6
A01851,L033,MATH04,2025-12-19,MATH04_L06,29,3,85.3,97.2
A01852,L033,MATH04,2026-01-19,MATH04_L09,36,5,72.0,71.5
A01853,L033,MATH04,2026-04-17,MATH04_L05,31,4,72.3,56.3
A01854,L033,MATH04,2025-09-18,MATH04_L08,41,5,76.2,84.2
A01855,L034,ELA04,2026-05-14,ELA04_L14,41,3,52.3,37.5
A01856,L034,ELA04,2026-06-09,ELA04_L16,43,3,56.6,56.8
A01857,L034,ELA04,2025-10-02,ELA04_L03,20,2,71.1,51.7
A01858,L034,ELA04,2026-01-22,ELA04_L13,33,4,61.0,63.9
A01859,L034,ELA04,2025-11-10,ELA04_L14,32,3,54.8,34.7
A01860,L034,ELA04,2025-12-12,ELA04_L08,36,3,79.7,87.1
A01861,L034,ELA04,2026-07-20,ELA04_L01,31,2,63.7,70.9
A01862,L034,ELA04,2026-03-15,ELA04_L12,25,4,61.1,64.6
A01863,L034,ELA04,2026-05-04,ELA04_L16,43,3,63.9,67.7
A01864,L034,ELA04,2026-02-24,ELA04_L11,26,3,64.5,66.0
A01865,L034,ELA04,2026-03-18,ELA04_L09,50,1,50.4,34.8
A01866,L034,ELA04,2025-12-02,ELA04_L01,38,2,68.5,75.8
A01867,L034,ELA04,2026-02-11,ELA04_L08,32,5,69.8,49.1
A01868,L034,ELA04,2025-09-16,ELA04_L09,41,4,63.6,61.1
A01869,L034,SCI03,2026-04-30,SCI03_L09,35,4,55.7,62.9
A01870,L034,SCI03,2026-03-03,SCI03_L13,24,3,66.3,55.1
A01871,L034,SCI03,2026-06-27,SCI03_L04,40,3,54.9,86.2
A01872,L034,SCI03,2025-11-21,SCI03_L02,32,3,59.6,51.9
A01873,L034,SCI03,2026-01-05,SCI03_L11,41,3,57.6,48.0
A01874,L034,SCI03,2026-01-02,SCI03_L05,28,3,50.6,64.9
A01875,L034,SCI03,2026-06-01,SCI03_L14,29,3,47.3,25.3
A01876,L034,SCI03,2025-09-29,SCI03_L13,26,2,51.3,53.6
A01877,L034,SCI03,2025-12-22,SCI03_L10,27,3,56.7,77.4
A01878,L034,SCI03,2026-03-18,SCI03_L06,17,3,71.1,69.0
A01879,L034,READ01,2025-11-30,READ01_L04,29,3,59.3,61.1
A01880,L034,READ01,2026-07-01,READ01_L06,25,2,53.4,56.2
A01881,L034,READ01,2026-08-24,READ01_L06,39,2,62.8,66.2
A01882,L034,READ01,2026-06-30,READ01_L01,41,3,65.7,63.1
A01883,L034,READ01,2026-08-27,READ01_L12,23,3,59.5,68.5
A01884,L034,READ01,2026-02-28,READ01_L10,30,3,63.2,53.3
A01885,L034,READ01,2026-06-16,READ01_L03,31,3,63.6,59.3
A01886,L034,READ01,2026-06-16,READ01_L04,28,4,57.5,52.8
A01887,L034,READ01,2026-05-11,READ01_L09,44,2,70.8,71.6
A01888,L034,READ01,2026-02-06,READ01_L03,29,5,52.8,49.1
A01889,L034,READ01,2026-05-10,READ01_L01,36,2,60.9,50.6
A01890,L034,READ01,2025-10-17,READ01_L01,25,1,48.4,54.9
A01891,L034,MATH04,2026-07-06,MATH04_L08,33,1,74.4,66.7
A01892,L034,MATH04,2025-09-11,MATH04_L16,24,4,54.3,64.1
A01893,L034,MATH04,2025-09-01,MATH04_L11,38,4,48.8,71.6
A01894,L034,MATH04,2026-07-12,MATH04_L07,25,6,80.9,76.7
A01895,L034,MATH04,2025-11-06,MATH04_L11,35,2,53.3,58.1
A01896,L034,MATH04,2025-11-30,MATH04_L11,30,4,47.5,46.8
A01897,L034,MATH04,2025-10-01,MATH04_L01,36,4,59.1,39.3
A01898,L034,MATH04,2025-11-15,MATH04_L05,30,3,62.7,75.4
A01899,L034,MATH04,2025-10-27,MATH04_L12,24,1,48.5,41.9
A01900,L034,MATH04,2025-10-08,MATH04_L12,31,2,68.7,62.8
A01901,L034,MATH04,2026-08-27,MATH04_L13,23,3,46.1,32.0
A01902,L034,MATH04,2026-06-28,MATH04_L04,31,3,66.9,63.6
A01903,L034,MATH04,2026-02-20,MATH04_L10,38,3,64.2,71.0
A01904,L035,READ01,2025-11-09,READ01_L03,38,3,63.7,63.7
A01905,L035,READ01,2026-04-12,READ01_L13,30,3,63.2,68.8
A01906,L035,READ01,2026-07-25,READ01_L08,43,2,75.9,91.3
A01907,L035,READ01,2026-07-30,READ01_L06,39,2,62.8,64.5
A01908,L035,READ01,2025-11-29,READ01_L12,22,4,67.9,84.0
A01909,L035,READ01,2026-06-15,READ01_L12,45,3,64.0,74.2
A01910,L035,READ01,2026-07-12,READ01_L13,53,5,47.6,44.2
A01911,L035,READ01,2026-03-02,READ01_L04,36,2,49.6,54.9
A01912,L035,READ01,2026-08-07,READ01_L10,27,4,68.7,78.3
A01913,L035,READ01,2025-11-29,READ01_L07,34,2,73.2,84.9
A01914,L035,READ01,2026-02-05,READ01_L12,23,5,63.2,88.4
A01915,L035,READ01,2026-08-19,READ01_L05,51,3,65.0,60.5
A01916,L035,READ01,2025-11-05,READ01_L03,47,2,60.3,69.2
A01917,L035,READ01,2025-09-01,READ01_L12,30,4,60.9,56.3
A01918,L035,READ01,2026-06-21,READ01_L07,43,5,62.1,69.9
A01919,L035,ELA01,2025-12-03,ELA01_L10,30,3,60.1,64.0
A01920,L035,ELA01,2026-02-10,ELA01_L10,40,3,57.5,36.9
A01921,L035,ELA01,2025-12-23,ELA01_L11,30,3,57.9,80.6
A01922,L035,ELA01,2026-06-17,ELA01_L02,27,3,67.3,63.1
A01923,L035,ELA01,2026-05-13,ELA01_L03,39,4,68.0,67.7
A01924,L035,ELA01,2026-02-17,ELA01_L12,41,3,78.5,100.0
A01925,L035,ELA01,2025-10-10,ELA01_L04,27,5,68.0,92.9
A01926,L035,ELA01,2026-02-25,ELA01_L06,30,3,65.1,73.7
A01927,L035,ELA01,2025-11-25,ELA01_L11,39,3,75.6,93.6
A01928,L035,ELA01,2025-10-16,ELA01_L12,42,3,62.9,68.0
A01929,L035,MATH01,2026-04-17,MATH01_L01,34,3,64.5,80.6
A01930,L035,MATH01,2026-01-14,MATH01_L04,28,5,59.5,71.2
A01931,L035,MATH01,2026-01-06,MATH01_L12,30,1,46.3,34.9
A01932,L035,MATH01,2025-10-05,MATH01_L06,33,2,40.3,41.0
A01933,L035,MATH01,2026-01-10,MATH01_L02,35,3,52.4,70.4
A01934,L035,MATH01,2025-09-01,MATH01_L01,40,3,76.7,100.0
A01935,L035,MATH01,2026-03-17,MATH01_L08,23,3,52.9,80.0
A01936,L035,MATH01,2026-04-03,MATH01_L03,33,2,63.8,75.1
A01937,L035,MATH01,2026-03-31,MATH01_L08,40,3,73.0,64.5
A01938,L035,MATH01,2026-03-13,MATH01_L06,35,2,55.0,40.9
A01939,L035,MATH01,2026-06-07,MATH01_L07,30,3,62.0,67.6
A01940,L035,MATH01,2025-10-22,MATH01_L08,32,3,66.0,54.1
A01941,L035,MATH01,2026-06-23,MATH01_L11,35,2,66.2,78.2
A01942,L035,MATH01,2026-08-18,MATH01_L04,35,4,58.3,69.4
A01943,L035,MATH01,2025-11-23,MATH01_L08,31,4,65.6,73.7
A01944,L035,SCI01,2025-09-18,SCI01_L05,28,1,60.4,62.3
A01945,L035,SCI01,2025-09-11,SCI01_L06,43,4,64.7,80.7
A01946,L035,SCI01,2026-01-12,SCI01_L02,43,3,59.8,69.1
A01947,L035,SCI01,2025-10-08,SCI01_L06,36,1,53.7,50.5
A01948,L035,SCI01,2025-11-27,SCI01_L07,30,2,68.9,79.0
A01949,L035,SCI01,2025-11-22,SCI01_L12,30,3,64.5,96.2
A01950,L035,SCI01,2025-10-09,SCI01_L09,43,4,74.6,76.6
A01951,L035,SCI01,2025-10-18,SCI01_L06,29,3,46.2,23.7
A01952,L035,SCI01,2026-07-02,SCI01_L10,18,3,56.1,65.9
A01953,L035,SCI01,2026-05-06,SCI01_L12,37,2,74.2,51.0
A01954,L035,SCI01,2025-09-16,SCI01_L07,24,2,51.3,49.4
A01955,L036,SCI01,2026-07-08,SCI01_L07,47,5,89.5,89.6
A01956,L036,SCI01,2025-11-20,SCI01_L01,34,5,100.0,99.8
A01957,L036,SCI01,2025-10-22,SCI01_L06,51,6,95.0,83.6
A01958,L036,SCI01,2025-12-15,SCI01_L04,46,5,96.2,100.0
A01959,L036,SCI01,2026-03-29,SCI01_L12,58,3,99.9,98.4
A01960,L036,SCI01,2026-06-11,SCI01_L12,49,3,90.4,94.5
A01961,L036,SCI01,2026-06-04,SCI01_L05,38,3,92.6,87.0
A01962,L036,SCI01,2026-08-05,SCI01_L05,44,6,100.0,100.0
A01963,L036,SCI01,2026-01-31,SCI01_L04,39,5,99.7,93.2
A01964,L036,SCI01,2025-10-20,SCI01_L01,32,6,93.6,89.0
A01965,L036,SCI01,2026-03-21,SCI01_L10,36,5,99.1,89.9
A01966,L036,SCI01,2026-06-09,SCI01_L08,51,6,96.5,96.2
A01967,L036,MATH01,2025-09-28,MATH01_L06,68,7,83.5,92.2
A01968,L036,MATH01,2025-09-02,MATH01_L07,43,4,91.6,100.0
A01969,L036,MATH01,2025-10-15,MATH01_L05,38,4,99.7,100.0
A01970,L036,MATH01,2026-08-05,MATH01_L11,56,6,100.0,97.0
A01971,L036,MATH01,2026-07-05,MATH01_L08,46,5,71.7,73.4
A01972,L036,MATH01,2025-12-12,MATH01_L02,33,5,98.1,100.0
A01973,L036,MATH01,2025-09-14,MATH01_L04,51,5,100.0,95.1
A01974,L036,MATH01,2025-11-27,MATH01_L11,45,5,97.1,100.0
A01975,L036,MATH01,2026-01-28,MATH01_L02,60,7,100.0,100.0
A01976,L036,MATH01,2026-05-01,MATH01_L02,54,4,66.9,57.3
A01977,L036,MATH01,2026-02-05,MATH01_L07,40,5,94.4,75.7
A01978,L036,MATH01,2026-04-30,MATH01_L08,47,6,89.0,96.7
A01979,L036,READ01,2025-10-17,READ01_L11,36,4,91.3,94.2
A01980,L036,READ01,2026-06-06,READ01_L07,27,5,100.0,84.0
A01981,L036,READ01,2025-12-04,READ01_L06,52,5,84.4,89.8
A01982,L036,READ01,2026-03-15,READ01_L06,40,4,100.0,100.0
A01983,L036,READ01,2025-12-05,READ01_L08,50,5,95.7,73.5
A01984,L036,READ01,2025-09-23,READ01_L05,39,6,81.3,90.7
A01985,L036,READ01,2026-04-14,READ01_L08,36,6,100.0,88.4
A01986,L036,READ01,2026-01-13,READ01_L04,44,5,99.3,100.0
A01987,L036,READ01,2026-01-16,READ01_L10,33,5,92.0,87.2
A01988,L036,READ01,2025-10-02,READ01_L03,49,4,100.0,87.3
A01989,L036,READ01,2026-08-23,READ01_L11,36,5,82.6,99.7
A01990,L036,READ01,2025-10-20,READ01_L02,46,5,100.0,100.0
A01991,L036,READ01,2026-08-09,READ01_L06,58,5,93.5,92.4
A01992,L036,READ01,2026-06-05,READ01_L07,42,6,79.9,67.1
A01993,L036,ELA01,2026-06-11,ELA01_L01,50,3,91.6,100.0
A01994,L036,ELA01,2026-03-18,ELA01_L09,41,4,93.4,97.9
A01995,L036,ELA01,2026-04-03,ELA01_L09,50,4,100.0,100.0
A01996,L036,ELA01,2026-08-18,ELA01_L08,55,6,95.1,59.8
A01997,L036,ELA01,2026-06-21,ELA01_L04,51,5,89.6,77.3
A01998,L036,ELA01,2026-05-02,ELA01_L05,29,5,92.6,100.0
A01999,L036,ELA01,2025-10-11,ELA01_L07,61,6,100.0,100.0
A02000,L036,ELA01,2025-09-18,ELA01_L09,47,5,100.0,100.0
A02001,L036,ELA01,2026-06-20,ELA01_L09,40,4,100.0,100.0
A02002,L036,ELA01,2026-06-20,ELA01_L11,50,3,100.0,100.0
A02003,L036,ELA01,2026-07-15,ELA01_L03,42,4,92.5,100.0
A02004,L036,ELA01,2025-11-01,ELA01_L08,37,6,99.6,100.0
A02005,L036,ELA01,2025-11-28,ELA01_L03,51,4,96.1,90.2
A02006,L037,MATH01,2025-12-08,MATH01_L03,26,6,58.0,77.7
A02007,L037,MATH01,2025-09-22,MATH01_L07,50,4,74.6,71.7
A02008,L037,MATH01,2025-10-11,MATH01_L11,36,3,74.6,88.3
A02009,L037,MATH01,2026-04-11,MATH01_L04,42,5,75.3,80.0
A02010,L037,MATH01,2026-07-19,MATH01_L03,26,4,66.3,64.3
A02011,L037,MATH01,2026-07-02,MATH01_L05,37,6,74.8,58.8
A02012,L037,MATH01,2026-02-11,MATH01_L12,39,3,58.2,62.0
A02013,L037,MATH01,2025-10-05,MATH01_L02,47,2,78.8,72.1
A02014,L037,MATH01,2026-03-18,MATH01_L09,43,6,77.5,89.0
A02015,L037,MATH01,2026-03-23,MATH01_L09,30,3,73.7,66.5
A02016,L037,MATH01,2026-02-14,MATH01_L05,39,2,79.3,74.1
A02017,L037,MATH01,2026-05-25,MATH01_L08,40,4,81.1,85.7
A02018,L037,MATH01,2025-09-07,MATH01_L12,39,3,87.1,76.1
A02019,L037,SCI01,2026-04-03,SCI01_L02,17,4,76.1,73.6
A02020,L037,SCI01,2026-04-01,SCI01_L03,29,5,63.2,66.0
A02021,L037,SCI01,2025-11-15,SCI01_L10,39,4,74.9,89.8
A02022,L037,SCI01,2026-06-29,SCI01_L10,25,5,75.1,79.5
A02023,L037,SCI01,2025-10-22,SCI01_L02,27,4,69.4,68.0
A02024,L037,SCI01,2026-06-16,SCI01_L02,34,3,86.7,97.4
A02025,L037,SCI01,2026-01-25,SCI01_L09,38,4,81.5,81.1
A02026,L037,SCI01,2026-02-24,SCI01_L07,46,4,76.0,73.9
A02027,L037,SCI01,2026-01-14,SCI01_L07,18,6,84.9,64.5
A02028,L037,SCI01,2026-08-02,SCI01_L08,36,4,69.1,81.2
A02029,L037,SCI01,2026-06-20,SCI01_L10,39,3,65.6,69.2
A02030,L037,SCI01,2026-05-01,SCI01_L01,37,3,73.6,67.5
A02031,L037,SCI01,2025-11-28,SCI01_L05,44,3,76.4,66.0
A02032,L037,SCI01,2026-03-26,SCI01_L03,36,5,79.0,68.1
A02033,L037,SCI01,2026-07-14,SCI01_L10,32,3,59.9,58.9
A02034,L037,SCI01,2026-08-15,SCI01_L12,43,3,69.0,70.8
A02035,L037,SCI01,2026-03-25,SCI01_L01,38,4,75.4,81.5
A02036,L037,SCI01,2026-03-22,SCI01_L06,48,3,67.7,52.0
A02037,L037,READ01,2025-09-26,READ01_L12,30,4,75.6,100.0
A02038,L037,READ01,2026-05-02,READ01_L05,39,2,67.8,73.3
A02039,L037,READ01,2026-03-10,READ01_L01,32,3,67.0,75.8
A02040,L037,READ01,2026-02-20,READ01_L14,37,3,82.2,100.0
A02041,L037,READ01,2026-02-03,READ01_L05,19,4,68.1,54.8
A02042,L037,READ01,2026-01-22,READ01_L14,34,4,82.0,98.8
A02043,L037,READ01,2026-05-10,READ01_L14,32,4,64.4,82.9
A02044,L037,READ01,2026-08-23,READ01_L11,32,4,68.8,61.9
A02045,L037,READ01,2025-10-21,READ01_L14,24,6,75.3,59.2
A02046,L037,READ01,2025-12-26,READ01_L03,36,6,71.5,55.6
A02047,L037,READ01,2026-02-01,READ01_L12,43,4,90.0,78.2
A02048,L037,READ01,2026-04-15,READ01_L13,31,5,78.7,67.0
A02049,L037,READ01,2026-02-12,READ01_L05,32,3,73.2,82.1
A02050,L037,ELA01,2026-07-07,ELA01_L11,46,2,78.4,91.2
A02051,L037,ELA01,2025-10-16,ELA01_L04,33,6,94.2,91.0
A02052,L037,ELA01,2026-04-15,ELA01_L04,34,5,63.1,53.1
A02053,L037,ELA01,2026-03-28,ELA01_L12,41,4,69.3,76.3
A02054,L037,ELA01,2026-05-07,ELA01_L09,41,3,76.0,78.8
A02055,L037,ELA01,2026-03-11,ELA01_L01,47,3,66.7,80.2
A02056,L037,ELA01,2026-05-22,ELA01_L03,38,3,72.2,60.0
A02057,L037,ELA01,2025-10-04,ELA01_L05,28,3,60.1,62.7
A02058,L037,ELA01,2026-08-30,ELA01_L09,33,3,82.2,64.9
A02059,L037,ELA01,2026-03-26,ELA01_L03,48,5,77.9,86.5
A02060,L037,ELA01,2026-05-27,ELA01_L10,50,4,79.2,87.0
A02061,L037,ELA01,2025-09-15,ELA01_L03,26,3,71.5,71.4
A02062,L037,ELA01,2025-12-08,ELA01_L04,52,4,74.6,88.7
A02063,L037,ELA01,2025-09-30,ELA01_L04,34,2,70.6,61.7
A02064,L037,ELA01,2025-09-17,ELA01_L08,37,5,78.3,80.5
A02065,L037,ELA01,2025-09-26,ELA01_L06,54,4,71.3,85.2
A02066,L038,ELA01,2026-01-19,ELA01_L06,43,5,72.5,75.0
A02067,L038,ELA01,2026-04-26,ELA01_L09,37,5,56.9,63.2
A02068,L038,ELA01,2026-03-23,ELA01_L11,23,3,79.3,84.2
A02069,L038,ELA01,2025-11-03,ELA01_L11,47,4,79.0,83.9
A02070,L038,ELA01,2025-09-16,ELA01_L04,29,2,75.9,81.0
A02071,L038,ELA01,2026-03-10,ELA01_L08,32,2,77.1,84.7
A02072,L038,ELA01,2026-07-02,ELA01_L08,42,6,73.6,47.9
A02073,L038,ELA01,2025-11-30,ELA01_L08,36,5,70.1,50.5
A02074,L038,ELA01,2026-06-28,ELA01_L09,38,4,91.2,88.8
A02075,L038,ELA01,2026-02-27,ELA01_L06,46,3,72.2,76.4
A02076,L038,ELA01,2025-11-23,ELA01_L05,31,6,72.6,77.7
A02077,L038,ELA01,2026-08-19,ELA01_L02,46,2,80.6,100.0
A02078,L038,ELA01,2026-01-24,ELA01_L01,31,3,55.7,62.6
A02079,L038,READ01,2025-09-26,READ01_L03,36,4,77.5,65.7
A02080,L038,READ01,2026-06-20,READ01_L13,43,4,63.7,82.8
A02081,L038,READ01,2025-12-19,READ01_L14,43,4,69.4,83.7
A02082,L038,READ01,2025-12-23,READ01_L11,39,3,83.9,95.4
A02083,L038,READ01,2025-12-25,READ01_L11,32,2,80.9,77.4
A02084,L038,READ01,2025-12-15,READ01_L05,46,3,87.8,73.8
A02085,L038,READ01,2026-07-31,READ01_L07,28,4,85.9,78.5
A02086,L038,READ01,2026-05-21,READ01_L01,31,5,88.7,90.9
A02087,L038,READ01,2026-08-16,READ01_L01,21,2,77.7,75.1
A02088,L038,READ01,2026-05-01,READ01_L03,28,3,77.7,84.4
A02089,L038,READ01,2026-07-29,READ01_L03,36,5,80.2,66.1
A02090,L038,READ01,2026-07-05,READ01_L13,50,4,72.9,74.4
A02091,L038,READ01,2025-09-05,READ01_L04,26,5,94.2,100.0
A02092,L038,READ01,2026-01-08,READ01_L10,44,3,73.1,64.9
A02093,L038,READ01,2026-02-04,READ01_L12,44,5,78.8,97.6
A02094,L038,READ01,2026-08-30,READ01_L11,47,3,75.2,86.0
A02095,L038,MATH01,2026-04-05,MATH01_L07,41,4,77.4,58.1
A02096,L038,MATH01,2026-02-26,MATH01_L08,38,2,66.7,76.7
A02097,L038,MATH01,2026-01-08,MATH01_L04,40,3,82.7,99.3
A02098,L038,MATH01,2026-04-27,MATH01_L05,38,4,92.0,94.4
A02099,L038,MATH01,2026-08-13,MATH01_L09,36,4,80.0,90.8
A02100,L038,MATH01,2026-07-17,MATH01_L07,26,4,94.5,80.3
A02101,L038,MATH01,2026-06-27,MATH01_L02,33,2,88.5,96.1
A02102,L038,MATH01,2025-09-04,MATH01_L09,43,4,89.7,94.6
A02103,L038,MATH01,2026-08-06,MATH01_L06,30,4,87.0,81.6
A02104,L038,MATH01,2026-06-15,MATH01_L11,35,5,66.4,73.2
A02105,L038,MATH01,2026-07-02,MATH01_L10,38,4,80.9,71.3
A02106,L038,MATH01,2026-01-23,MATH01_L05,39,4,73.2,77.1
A02107,L038,MATH01,2026-08-17,MATH01_L02,34,7,74.6,85.5
A02108,L038,MATH01,2026-05-05,MATH01_L02,35,3,79.0,77.5
A02109,L038,SCI01,2026-01-20,SCI01_L11,22,2,78.1,70.4
A02110,L038,SCI01,2026-02-14,SCI01_L05,35,5,77.4,59.6
A02111,L038,SCI01,2026-01-12,SCI01_L11,49,4,69.7,80.3
A02112,L038,SCI01,2026-08-31,SCI01_L11,32,4,92.1,88.9
A02113,L038,SCI01,2026-01-31,SCI01_L04,35,5,60.1,66.6
A02114,L038,SCI01,2025-11-16,SCI01_L09,34,3,80.7,95.9
A02115,L038,SCI01,2026-01-02,SCI01_L01,40,4,71.7,89.3
A02116,L038,SCI01,2026-07-05,SCI01_L07,27,3,83.5,90.4
A02117,L038,SCI01,2026-08-05,SCI01_L06,34,5,75.2,77.5
A02118,L038,SCI01,2026-08-15,SCI01_L03,43,3,76.1,95.0
A02119,L038,SCI01,2025-09-14,SCI01_L11,42,5,69.4,52.9
A02120,L038,SCI01,2026-05-13,SCI01_L05,46,5,73.0,70.9
A02121,L038,SCI01,2026-01-11,SCI01_L07,45,5,69.8,55.9
A02122,L038,SCI01,2026-03-27,SCI01_L07,39,4,66.1,62.5
A02123,L038,SCI01,2025-09-19,SCI01_L10,32,2,81.2,76.1
A02124,L039,MATH04,2026-02-23,MATH04_L08,36,3,79.1,57.3
A02125,L039,MATH04,2026-08-18,MATH04_L16,45,5,74.5,88.8
A02126,L039,MATH04,2026-08-10,MATH04_L12,29,4,72.1,79.7
A02127,L039,MATH04,2026-05-18,MATH04_L10,22,3,81.8,81.5
A02128,L039,MATH04,2025-11-27,MATH04_L06,44,4,82.5,86.5
A02129,L039,MATH04,2026-01-29,MATH04_L04,44,4,79.3,80.1
A02130,L039,MATH04,2026-04-30,MATH04_L05,39,4,76.5,79.7
A02131,L039,MATH04,2026-01-11,MATH04_L06,49,4,81.7,73.9
A02132,L039,MATH04,2026-08-15,MATH04_L11,27,3,85.7,89.7
A02133,L039,MATH04,2026-08-02,MATH04_L03,28,4,82.7,75.5
A02134,L039,MATH04,2025-12-23,MATH04_L12,46,5,74.7,74.5
A02135,L039,MATH04,2025-12-24,MATH04_L10,27,5,74.3,81.4
A02136,L039,MATH04,2026-04-04,MATH04_L11,44,4,73.0,69.5
A02137,L039,READ01,2026-01-12,READ01_L10,32,4,82.1,83.6
A02138,L039,READ01,2026-01-29,READ01_L08,43,6,74.6,65.6
A02139,L039,READ01,2025-10-31,READ01_L08,22,4,65.3,57.3
A02140,L039,READ01,2025-09-28,READ01_L14,39,2,80.3,58.5
A02141,L039,READ01,2026-07-22,READ01_L10,39,4,81.0,61.1
A02142,L039,READ01,2026-06-25,READ01_L10,48,4,82.4,72.2
A02143,L039,READ01,2025-10-07,READ01_L08,27,5,79.0,80.0
A02144,L039,READ01,2025-12-09,READ01_L09,36,4,64.5,60.5
A02145,L039,READ01,2025-11-01,READ01_L14,28,4,76.4,68.6
A02146,L039,READ01,2026-08-15,READ01_L07,35,5,61.4,56.7
A02147,L039,READ01,2026-05-30,READ01_L05,42,4,92.5,91.0
A02148,L039,READ01,2026-03-31,READ01_L01,36,4,78.1,84.4
A02149,L039,READ01,2025-11-17,READ01_L03,29,3,71.1,95.7
A02150,L039,READ01,2025-12-12,READ01_L06,41,3,82.9,90.3
A02151,L039,READ01,2026-03-29,READ01_L10,40,3,77.7,79.6
A02152,L039,SCI03,2025-11-13,SCI03_L06,32,5,75.2,56.8
A02153,L039,SCI03,2025-12-02,SCI03_L13,44,3,83.1,73.3
A02154,L039,SCI03,2025-10-12,SCI03_L08,40,4,76.8,82.0
A02155,L039,SCI03,2026-02-18,SCI03_L11,34,2,92.7,100.0
A02156,L039,SCI03,2025-11-30,SCI03_L06,41,3,92.1,90.6
A02157,L039,SCI03,2026-07-22,SCI03_L01,43,3,69.7,66.1
A02158,L039,SCI03,2025-09-03,SCI03_L08,39,4,70.6,72.7
A02159,L039,SCI03,2026-01-19,SCI03_L04,30,5,78.8,78.2
A02160,L039,SCI03,2025-11-26,SCI03_L10,56,4,70.7,68.9
A02161,L039,SCI03,2025-11-21,SCI03_L08,53,4,89.9,94.1
A02162,L039,SCI03,2025-10-16,SCI03_L03,37,4,70.7,72.9
A02163,L039,SCI03,2026-07-12,SCI03_L07,43,4,81.3,66.8
A02164,L039,SCI03,2026-07-22,SCI03_L07,34,4,71.1,83.7
A02165,L039,SCI03,2026-03-26,SCI03_L07,35,5,69.3,65.7
A02166,L039,SCI03,2026-05-03,SCI03_L07,37,4,82.3,79.6
A02167,L039,SCI03,2025-09-03,SCI03_L01,26,4,84.0,87.5
A02168,L039,SCI03,2026-06-01,SCI03_L04,50,4,82.9,100.0
A02169,L039,ELA04,2025-09-08,ELA04_L11,49,5,73.3,62.4
A02170,L039,ELA04,2026-05-30,ELA04_L07,38,5,81.1,78.4
A02171,L039,ELA04,2025-09-10,ELA04_L01,49,4,76.2,86.1
A02172,L039,ELA04,2026-07-18,ELA04_L08,51,3,76.8,69.4
A02173,L039,ELA04,2025-12-25,ELA04_L12,35,6,90.8,100.0
A02174,L039,ELA04,2026-02-07,ELA04_L05,24,4,77.4,78.6
A02175,L039,ELA04,2025-10-23,ELA04_L13,51,3,88.0,97.6
A02176,L039,ELA04,2026-05-16,ELA04_L10,47,4,84.7,61.4
A02177,L039,ELA04,2025-11-25,ELA04_L03,29,4,77.4,89.1
A02178,L039,ELA04,2025-09-24,ELA04_L10,47,4,81.1,65.5
A02179,L039,ELA04,2026-01-27,ELA04_L15,39,4,58.5,46.7
A02180,L039,ELA04,2026-05-25,ELA04_L11,32,4,65.0,73.0
A02181,L039,ELA04,2026-04-11,ELA04_L05,51,3,80.1,90.7
A02182,L039,ELA04,2026-02-23,ELA04_L16,44,3,79.0,91.9
A02183,L039,ELA04,2026-03-03,ELA04_L07,33,4,81.0,78.1
A02184,L040,MATH04,2026-03-26,MATH04_L01,32,4,92.6,97.4
A02185,L040,MATH04,2025-12-26,MATH04_L08,52,5,89.0,88.9
A02186,L040,MATH04,2025-11-07,MATH04_L07,43,5,90.4,68.5
A02187,L040,MATH04,2025-09-12,MATH04_L06,29,6,86.3,85.6
A02188,L040,MATH04,2025-11-03,MATH04_L12,48,5,87.2,73.6
A02189,L040,MATH04,2026-08-31,MATH04_L02,38,3,88.1,79.9
A02190,L040,MATH04,2026-03-12,MATH04_L09,40,3,87.2,100.0
A02191,L040,MATH04,2026-06-01,MATH04_L02,41,5,87.9,78.4
A02192,L040,MATH04,2026-07-02,MATH04_L02,38,4,92.4,99.2
A02193,L040,MATH04,2026-08-05,MATH04_L04,47,5,100.0,93.8
A02194,L040,MATH04,2026-08-01,MATH04_L01,53,6,75.9,94.4
A02195,L040,MATH04,2025-09-25,MATH04_L04,32,3,86.0,65.8
A02196,L040,SCI03,2026-04-16,SCI03_L07,54,4,87.9,91.5
A02197,L040,SCI03,2025-11-03,SCI03_L09,38,6,99.7,100.0
A02198,L040,SCI03,2026-01-08,SCI03_L08,36,5,87.7,83.5
A02199,L040,SCI03,2026-08-26,SCI03_L03,51,6,79.5,81.3
A02200,L040,SCI03,2025-12-15,SCI03_L12,31,5,78.6,72.6
A02201,L040,SCI03,2026-08-18,SCI03_L11,49,5,86.0,100.0
A02202,L040,SCI03,2025-09-05,SCI03_L05,38,5,80.8,86.2
A02203,L040,SCI03,2026-04-04,SCI03_L11,44,6,100.0,100.0
A02204,L040,SCI03,2025-10-22,SCI03_L11,39,4,97.2,100.0
A02205,L040,SCI03,2026-05-25,SCI03_L05,47,4,100.0,100.0
A02206,L040,SCI03,2026-07-16,SCI03_L10,30,5,71.2,71.3
A02207,L040,SCI03,2026-08-25,SCI03_L03,42,5,93.6,83.8
A02208,L040,SCI03,2026-04-03,SCI03_L14,49,6,93.3,100.0
A02209,L040,SCI03,2025-10-24,SCI03_L09,43,3,90.7,84.3
A02210,L040,SCI03,2026-07-14,SCI03_L02,50,4,87.2,96.7
A02211,L040,SCI03,2026-01-23,SCI03_L02,40,5,88.7,84.0
A02212,L040,READ01,2026-05-13,READ01_L04,27,4,85.3,79.5
A02213,L040,READ01,2026-07-09,READ01_L04,44,5,84.6,87.4
A02214,L040,READ01,2026-01-13,READ01_L14,46,4,96.7,91.1
A02215,L040,READ01,2026-05-26,READ01_L04,46,6,91.2,100.0
A02216,L040,READ01,2026-03-03,READ01_L12,40,5,84.4,97.2
A02217,L040,READ01,2026-03-29,READ01_L05,41,3,96.2,84.2
A02218,L040,READ01,2025-11-22,READ01_L01,44,3,90.9,91.4
A02219,L040,READ01,2026-06-08,READ01_L08,32,6,93.8,89.2
A02220,L040,READ01,2025-12-16,READ01_L12,37,3,98.8,93.3
A02221,L040,READ01,2026-05-05,READ01_L06,38,4,88.0,92.0
A02222,L040,READ01,2025-12-30,READ01_L01,41,3,87.3,92.0
A02223,L040,ELA04,2026-08-10,ELA04_L03,54,3,88.0,66.3
A02224,L040,ELA04,2025-10-27,ELA04_L16,44,3,93.7,75.3
A02225,L040,ELA04,2025-11-16,ELA04_L03,52,2,100.0,94.5
A02226,L040,ELA04,2026-05-20,ELA04_L03,37,4,100.0,96.6
A02227,L040,ELA04,2025-10-22,ELA04_L09,27,5,79.7,57.6
A02228,L040,ELA04,2026-07-27,ELA04_L08,48,3,90.7,79.6
A02229,L040,ELA04,2026-04-22,ELA04_L10,45,4,98.4,100.0
A02230,L040,ELA04,2026-01-14,ELA04_L15,43,4,98.4,93.4
A02231,L040,ELA04,2025-09-26,ELA04_L04,40,5,91.0,72.6
A02232,L040,ELA04,2025-11-29,ELA04_L02,43,4,76.8,69.2
A02233,L041,READ01,2026-03-04,READ01_L13,34,3,49.9,57.8
A02234,L041,READ01,2026-08-13,READ01_L06,33,4,64.6,48.9
A02235,L041,READ01,2026-04-07,READ01_L12,20,2,68.4,53.8
A02236,L041,READ01,2025-10-30,READ01_L02,33,3,70.3,57.1
A02237,L041,READ01,2025-09-24,READ01_L01,28,4,61.7,49.8
A02238,L041,READ01,2025-11-10,READ01_L11,20,2,74.7,94.9
A02239,L041,READ01,2026-07-29,READ01_L03,23,3,60.6,54.9
A02240,L041,READ01,2026-02-16,READ01_L06,25,6,57.4,54.4
A02241,L041,READ01,2026-04-13,READ01_L10,46,4,48.7,39.5
A02242,L041,READ01,2026-01-16,READ01_L12,39,3,56.6,33.5
A02243,L041,READ01,2025-10-18,READ01_L06,30,5,78.4,93.7
A02244,L041,READ01,2026-02-23,READ01_L03,42,3,56.1,33.7
A02245,L041,READ01,2025-10-29,READ01_L07,37,3,60.7,57.0
A02246,L041,READ01,2026-03-24,READ01_L08,35,2,73.2,81.7
A02247,L041,SCI01,2026-03-17,SCI01_L12,14,4,65.7,70.4
A02248,L041,SCI01,2026-05-03,SCI01_L07,41,3,64.2,68.3
A02249,L041,SCI01,2026-07-30,SCI01_L03,37,5,51.6,39.6
A02250,L041,SCI01,2025-10-28,SCI01_L03,28,3,58.0,45.3
A02251,L041,SCI01,2026-08-23,SCI01_L12,41,4,67.5,46.2
A02252,L041,SCI01,2025-10-01,SCI01_L03,41,4,72.0,76.5
A02253,L041,SCI01,2025-10-24,SCI01_L07,42,5,65.8,54.4
A02254,L041,SCI01,2026-06-30,SCI01_L08,33,3,72.7,54.3
A02255,L041,SCI01,2026-06-19,SCI01_L11,26,3,61.8,48.6
A02256,L041,SCI01,2026-04-13,SCI01_L03,30,3,60.5,41.1
A02257,L041,SCI01,2026-07-10,SCI01_L07,37,2,52.5,65.4
A02258,L041,SCI01,2026-03-03,SCI01_L10,39,5,65.9,62.2
A02259,L041,SCI01,2025-09-15,SCI01_L11,41,4,59.5,57.2
A02260,L041,SCI01,2025-11-06,SCI01_L08,32,3,75.2,75.5
A02261,L041,ELA01,2025-10-28,ELA01_L07,34,5,56.6,62.0
A02262,L041,ELA01,2026-04-14,ELA01_L01,32,4,64.3,73.3
A02263,L041,ELA01,2025-10-03,ELA01_L05,31,4,69.0,74.7
A02264,L041,ELA01,2026-08-02,ELA01_L06,35,1,56.0,61.8
A02265,L041,ELA01,2025-09-07,ELA01_L12,40,3,69.4,73.1
A02266,L041,ELA01,2026-08-14,ELA01_L09,45,3,75.5,77.2
A02267,L041,ELA01,2026-06-23,ELA01_L12,22,3,73.0,89.0
A02268,L041,ELA01,2026-06-17,ELA01_L04,37,2,71.9,71.3
A02269,L041,ELA01,2026-08-09,ELA01_L06,36,2,59.4,47.1
A02270,L041,ELA01,2026-05-24,ELA01_L09,44,3,47.6,49.5
A02271,L041,ELA01,2026-08-19,ELA01_L12,25,2,64.1,52.0
A02272,L041,ELA01,2026-07-14,ELA01_L02,37,2,58.3,79.3
A02273,L041,ELA01,2026-04-10,ELA01_L11,40,3,72.3,90.5
A02274,L041,ELA01,2026-01-06,ELA01_L08,33,3,62.3,70.8
A02275,L041,ELA01,2026-02-25,ELA01_L11,30,3,69.2,76.9
A02276,L041,ELA01,2026-08-13,ELA01_L11,31,2,69.8,67.3
A02277,L041,ELA01,2026-03-17,ELA01_L03,48,2,69.1,64.0
A02278,L041,MATH01,2026-07-11,MATH01_L01,45,3,61.0,50.1
A02279,L041,MATH01,2025-09-06,MATH01_L11,30,2,68.6,57.8
A02280,L041,MATH01,2025-11-20,MATH01_L09,37,3,78.0,75.0
A02281,L041,MATH01,2026-04-29,MATH01_L08,36,3,66.4,67.8
A02282,L041,MATH01,2025-11-24,MATH01_L02,34,2,71.0,63.7
A02283,L041,MATH01,2026-05-10,MATH01_L06,50,4,48.3,38.3
A02284,L041,MATH01,2026-01-02,MATH01_L06,29,5,61.8,44.8
A02285,L041,MATH01,2026-01-21,MATH01_L01,33,4,65.0,63.8
A02286,L041,MATH01,2026-05-18,MATH01_L04,32,2,50.0,51.0
A02287,L041,MATH01,2026-06-09,MATH01_L11,20,2,75.6,68.9
A02288,L041,MATH01,2026-03-13,MATH01_L07,40,3,61.0,66.0
A02289,L041,MATH01,2025-12-30,MATH01_L02,36,4,59.1,50.3
A02290,L041,MATH01,2026-04-24,MATH01_L08,34,4,70.3,67.9
A02291,L041,MATH01,2026-06-21,MATH01_L08,33,3,67.1,70.2
A02292,L041,MATH01,2025-10-16,MATH01_L08,24,5,68.4,46.1
A02293,L041,MATH01,2026-04-17,MATH01_L06,33,4,58.6,77.5
A02294,L041,MATH01,2025-10-31,MATH01_L08,30,1,49.2,49.6
A02295,L041,MATH01,2026-08-01,MATH01_L01,46,3,66.3,78.8
A02296,L042,SCI03,2026-03-26,SCI03_L07,36,3,86.7,90.0
A02297,L042,SCI03,2025-09-19,SCI03_L09,49,4,70.1,84.4
A02298,L042,SCI03,2026-06-09,SCI03_L01,41,4,78.2,77.7
A02299,L042,SCI03,2025-10-17,SCI03_L13,42,3,78.6,64.1
A02300,L042,SCI03,2026-07-07,SCI03_L10,45,4,92.0,100.0
A02301,L042,SCI03,2026-07-24,SCI03_L05,50,4,79.9,67.6
A02302,L042,SCI03,2026-05-19,SCI03_L09,47,4,96.8,100.0
A02303,L042,SCI03,2025-12-15,SCI03_L11,46,2,78.8,66.6
A02304,L042,SCI03,2026-08-10,SCI03_L08,37,4,89.9,73.7
A02305,L042,SCI03,2026-02-22,SCI03_L06,49,4,96.8,92.0
A02306,L042,SCI03,2025-09-28,SCI03_L14,55,5,90.3,100.0
A02307,L042,MATH04,2026-04-21,MATH04_L11,33,3,74.7,80.0
A02308,L042,MATH04,2026-06-14,MATH04_L16,38,5,83.4,98.2
A02309,L042,MATH04,2026-08-03,MATH04_L12,34,5,69.8,64.2
A02310,L042,MATH04,2026-04-20,MATH04_L04,47,3,75.7,72.0
A02311,L042,MATH04,2025-10-20,MATH04_L08,35,5,84.7,77.8
A02312,L042,MATH04,2025-09-02,MATH04_L11,38,5,93.3,100.0
A02313,L042,MATH04,2026-03-01,MATH04_L10,23,4,77.0,77.9
A02314,L042,MATH04,2026-06-08,MATH04_L12,37,4,86.5,100.0
A02315,L042,MATH04,2026-08-26,MATH04_L04,45,4,70.3,66.2
A02316,L042,MATH04,2025-09-24,MATH04_L06,33,5,79.5,96.2
A02317,L042,MATH04,2026-05-11,MATH04_L05,40,3,85.8,92.0
A02318,L042,MATH04,2026-03-29,MATH04_L04,36,4,99.3,92.6
A02319,L042,MATH04,2026-01-09,MATH04_L07,17,5,78.1,68.0
A02320,L042,READ01,2025-11-01,READ01_L14,45,3,69.2,65.1
A02321,L042,READ01,2026-03-21,READ01_L04,28,3,93.8,97.0
A02322,L042,READ01,2026-04-23,READ01_L14,27,5,91.2,98.2
A02323,L042,READ01,2025-12-07,READ01_L12,46,5,65.6,61.8
A02324,L042,READ01,2026-02-21,READ01_L02,48,4,92.1,86.6
A02325,L042,READ01,2026-04-01,READ01_L01,39,5,74.3,70.4
A02326,L042,READ01,2026-07-22,READ01_L14,49,4,64.5,59.9
A02327,L042,READ01,2026-08-11,READ01_L10,51,1,88.9,94.1
A02328,L042,READ01,2025-11-03,READ01_L13,43,4,70.6,78.3
A02329,L042,READ01,2026-04-19,READ01_L08,24,4,78.0,82.9
A02330,L042,READ01,2026-08-04,READ01_L10,30,5,90.2,82.4
A02331,L042,READ01,2026-05-17,READ01_L03,35,4,84.9,95.6
A02332,L042,READ01,2026-05-14,READ01_L01,34,4,72.2,100.0
A02333,L042,ELA04,2025-09-25,ELA04_L14,55,6,75.1,74.0
A02334,L042,ELA04,2026-06-27,ELA04_L16,34,4,79.7,62.8
A02335,L042,ELA04,2026-05-19,ELA04_L06,51,3,81.4,78.5
A02336,L042,ELA04,2026-08-21,ELA04_L06,42,4,68.4,69.2
A02337,L042,ELA04,2025-11-05,ELA04_L04,37,5,80.3,80.0
A02338,L042,ELA04,2026-03-18,ELA04_L11,41,5,84.6,92.7
A02339,L042,ELA04,2026-05-17,ELA04_L13,51,5,83.6,99.2
A02340,L042,ELA04,2026-04-03,ELA04_L08,24,5,86.9,88.5
A02341,L042,ELA04,2026-01-19,ELA04_L13,41,4,81.6,84.4
A02342,L042,ELA04,2026-02-23,ELA04_L10,49,4,77.3,72.7
A02343,L042,ELA04,2026-04-20,ELA04_L05,41,4,74.6,79.3
A02344,L042,ELA04,2025-11-10,ELA04_L14,26,5,73.8,91.6
A02345,L042,ELA04,2026-07-06,ELA04_L10,52,4,73.8,73.7
A02346,L042,ELA04,2026-08-26,ELA04_L11,28,5,78.9,69.6
A02347,L042,ELA04,2026-08-31,ELA04_L07,47,2,75.8,57.5
A02348,L042,ELA04,2025-12-12,ELA04_L07,41,5,81.9,78.3
A02349,L042,ELA04,2026-07-17,ELA04_L10,37,4,100.0,90.4
A02350,L042,ELA04,2026-08-18,ELA04_L12,44,5,83.0,65.2
A02351,L043,ELA01,2026-08-30,ELA01_L11,39,4,66.2,66.3
A02352,L043,ELA01,2025-12-01,ELA01_L09,28,5,72.5,84.5
A02353,L043,ELA01,2026-06-05,ELA01_L12,26,2,57.4,65.6
A02354,L043,ELA01,2026-07-24,ELA01_L06,32,4,57.9,57.1
A02355,L043,ELA01,2026-08-30,ELA01_L02,26,4,70.3,62.9
A02356,L043,ELA01,2026-02-28,ELA01_L09,37,4,65.6,65.9
A02357,L043,ELA01,2026-05-04,ELA01_L10,33,3,62.2,45.7
A02358,L043,ELA01,2026-06-20,ELA01_L11,38,2,64.5,78.4
A02359,L043,ELA01,2026-08-30,ELA01_L07,25,5,78.4,76.6
A02360,L043,ELA01,2026-08-12,ELA01_L12,31,4,71.6,76.4
A02361,L043,ELA01,2026-06-01,ELA01_L05,26,2,61.7,63.9
A02362,L043,ELA01,2026-04-05,ELA01_L01,40,3,72.8,58.9
A02363,L043,SCI01,2025-10-25,SCI01_L01,44,3,62.7,64.5
A02364,L043,SCI01,2026-03-15,SCI01_L03,38,3,59.6,72.2
A02365,L043,SCI01,2025-09-28,SCI01_L11,31,3,74.4,67.8
A02366,L043,SCI01,2025-09-29,SCI01_L04,28,4,56.8,60.8
A02367,L043,SCI01,2026-01-15,SCI01_L03,33,4,69.4,70.2
A02368,L043,SCI01,2026-01-25,SCI01_L11,21,1,73.8,77.2
A02369,L043,SCI01,2026-01-07,SCI01_L03,33,3,56.8,75.9
A02370,L043,SCI01,2025-10-02,SCI01_L12,36,4,71.4,75.8
A02371,L043,SCI01,2026-01-30,SCI01_L04,44,2,64.5,68.4
A02372,L043,SCI01,2026-06-05,SCI01_L01,37,4,55.8,75.9
A02373,L043,SCI01,2026-03-03,SCI01_L08,30,4,55.7,59.7
A02374,L043,SCI01,2025-10-23,SCI01_L10,27,3,69.6,84.6
A02375,L043,SCI01,2026-08-12,SCI01_L12,38,3,67.8,53.6
A02376,L043,SCI01,2026-06-15,SCI01_L04,39,6,75.7,63.5
A02377,L043,SCI01,2026-07-29,SCI01_L09,24,4,74.8,86.5
A02378,L043,SCI01,2026-03-19,SCI01_L04,33,3,51.6,43.2
A02379,L043,SCI01,2026-05-20,SCI01_L12,44,3,71.3,73.8
A02380,L043,SCI01,2026-01-26,SCI01_L12,35,2,69.1,82.4
A02381,L043,READ01,2026-03-15,READ01_L07,38,3,70.6,65.1
A02382,L043,READ01,2026-04-02,READ01_L13,23,2,66.8,59.6
A02383,L043,READ01,2026-08-17,READ01_L06,30,2,72.4,62.6
A02384,L043,READ01,2026-06-10,READ01_L01,32,6,64.6,77.2
A02385,L043,READ01,2025-09-07,READ01_L12,44,2,76.4,61.7
A02386,L043,READ01,2026-01-07,READ01_L04,46,3,59.3,44.3
A02387,L043,READ01,2026-07-15,READ01_L14,33,4,64.8,67.8
A02388,L043,READ01,2026-04-15,READ01_L14,40,3,61.6,59.7
A02389,L043,READ01,2025-12-25,READ01_L11,30,3,73.7,80.8
A02390,L043,READ01,2026-08-27,READ01_L12,32,4,61.3,86.0
A02391,L043,MATH01,2026-06-29,MATH01_L09,39,4,73.0,60.2
A02392,L043,MATH01,2026-07-06,MATH01_L04,35,4,69.1,70.5
A02393,L043,MATH01,2025-12-09,MATH01_L05,32,3,71.2,56.5
A02394,L043,MATH01,2026-04-18,MATH01_L03,46,4,65.6,65.4
A02395,L043,MATH01,2026-08-16,MATH01_L02,24,2,83.4,100.0
A02396,L043,MATH01,2025-12-05,MATH01_L03,33,2,68.6,73.9
A02397,L043,MATH01,2026-05-22,MATH01_L02,26,3,72.6,68.5
A02398,L043,MATH01,2026-03-13,MATH01_L01,26,5,70.3,81.2
A02399,L043,MATH01,2026-04-08,MATH01_L05,33,3,65.3,56.0
A02400,L043,MATH01,2026-06-12,MATH01_L05,33,5,64.7,76.0
A02401,L043,MATH01,2025-11-06,MATH01_L03,38,2,75.7,75.2
A02402,L043,MATH01,2026-06-27,MATH01_L05,25,4,76.0,100.0
A02403,L043,MATH01,2025-09-03,MATH01_L06,46,4,76.7,88.3
A02404,L043,MATH01,2026-04-27,MATH01_L12,41,4,62.5,65.9
A02405,L043,MATH01,2025-11-19,MATH01_L01,31,3,78.7,79.9
A02406,L044,SCI03,2026-02-13,SCI03_L10,33,1,48.2,60.7
A02407,L044,SCI03,2025-09-27,SCI03_L13,27,2,56.8,54.0
A02408,L044,SCI03,2026-07-18,SCI03_L10,36,2,61.9,51.7
A02409,L044,SCI03,2026-08-05,SCI03_L05,26,3,61.6,63.1
A02410,L044,SCI03,2026-05-10,SCI03_L13,38,2,58.9,36.0
A02411,L044,SCI03,2026-06-21,SCI03_L09,46,5,51.9,73.8
A02412,L044,SCI03,2026-03-03,SCI03_L02,17,1,54.8,47.5
A02413,L044,SCI03,2026-08-29,SCI03_L06,42,4,54.8,57.5
A02414,L044,SCI03,2026-05-28,SCI03_L04,24,3,49.3,57.6
A02415,L044,SCI03,2025-12-04,SCI03_L09,23,3,59.5,64.6
A02416,L044,SCI03,2025-10-05,SCI03_L13,25,4,47.8,45.0
A02417,L044,SCI03,2026-05-17,SCI03_L03,35,2,69.1,69.0
A02418,L044,ELA04,2026-06-06,ELA04_L13,26,2,56.9,65.3
A02419,L044,ELA04,2025-10-18,ELA04_L12,36,4,63.2,56.7
A02420,L044,ELA04,2025-12-23,ELA04_L07,24,2,69.8,48.7
A02421,L044,ELA04,2026-08-06,ELA04_L11,27,3,52.8,55.8
A02422,L044,ELA04,2026-02-17,ELA04_L12,28,2,46.8,25.5
A02423,L044,ELA04,2026-01-29,ELA04_L07,25,4,48.5,50.8
A02424,L044,ELA04,2026-07-14,ELA04_L16,19,4,61.7,77.3
A02425,L044,ELA04,2026-06-15,ELA04_L01,26,3,40.4,48.1
A02426,L044,ELA04,2025-10-29,ELA04_L12,29,2,51.0,52.3
A02427,L044,ELA04,2026-04-17,ELA04_L08,25,4,66.0,56.6
A02428,L044,ELA04,2026-07-26,ELA04_L08,38,4,49.6,59.8
A02429,L044,ELA04,2025-09-21,ELA04_L11,28,4,45.9,46.4
A02430,L044,ELA04,2026-03-15,ELA04_L04,35,2,47.8,69.3
A02431,L044,ELA04,2026-03-17,ELA04_L09,36,4,68.8,69.5
A02432,L044,ELA04,2026-06-04,ELA04_L10,43,3,62.5,59.5
A02433,L044,ELA04,2025-09-13,ELA04_L12,31,4,42.8,54.1
A02434,L044,READ01,2026-05-19,READ01_L08,27,1,60.4,54.5
A02435,L044,READ01,2026-05-08,READ01_L01,29,3,54.0,77.8
A02436,L044,READ01,2026-01-30,READ01_L11,30,3,57.4,58.9
A02437,L044,READ01,2025-12-08,READ01_L06,32,3,49.8,52.3
A02438,L044,READ01,2026-05-22,READ01_L02,35,1,60.1,67.7
A02439,L044,READ01,2025-10-20,READ01_L03,23,2,51.0,56.2
A02440,L044,READ01,2026-06-03,READ01_L09,18,3,54.6,37.3
A02441,L044,READ01,2025-09-04,READ01_L11,33,4,57.5,78.9
A02442,L044,READ01,2025-10-04,READ01_L04,31,3,45.5,50.7
A02443,L044,READ01,2026-08-10,READ01_L11,29,2,58.1,44.7
A02444,L044,READ01,2025-12-19,READ01_L14,35,4,64.3,60.6
A02445,L044,READ01,2026-08-17,READ01_L07,23,3,51.1,38.7
A02446,L044,READ01,2025-10-24,READ01_L04,21,3,71.2,90.0
A02447,L044,READ01,2026-06-03,READ01_L14,33,2,61.2,44.6
A02448,L044,READ01,2026-08-26,READ01_L12,43,2,62.6,48.9
A02449,L044,READ01,2026-04-11,READ01_L11,24,3,36.7,55.9
A02450,L044,READ01,2025-10-07,READ01_L12,34,2,61.8,54.8
A02451,L044,READ01,2026-08-18,READ01_L03,33,1,67.6,59.6
A02452,L044,MATH04,2026-04-24,MATH04_L11,27,3,49.5,48.2
A02453,L044,MATH04,2025-09-20,MATH04_L03,42,2,55.8,78.1
A02454,L044,MATH04,2025-10-08,MATH04_L02,32,3,51.0,52.5
A02455,L044,MATH04,2025-12-01,MATH04_L09,35,2,59.9,46.5
A02456,L044,MATH04,2026-06-13,MATH04_L03,28,4,76.4,57.1
A02457,L044,MATH04,2026-06-22,MATH04_L08,30,3,54.2,21.5
A02458,L044,MATH04,2026-01-11,MATH04_L14,22,3,57.7,45.3
A02459,L044,MATH04,2026-03-18,MATH04_L15,29,2,49.5,43.8
A02460,L044,MATH04,2026-07-20,MATH04_L13,17,4,46.8,31.3
A02461,L044,MATH04,2026-04-10,MATH04_L11,37,2,55.0,45.1
A02462,L045,MATH04,2026-03-19,MATH04_L04,48,3,82.5,80.7
A02463,L045,MATH04,2026-06-01,MATH04_L01,36,4,66.8,56.6
A02464,L045,MATH04,2026-07-26,MATH04_L03,27,4,77.0,89.7
A02465,L045,MATH04,2026-06-27,MATH04_L02,34,5,71.9,86.5
A02466,L045,MATH04,2026-08-25,MATH04_L03,37,4,68.7,67.5
A02467,L045,MATH04,2026-03-03,MATH04_L04,43,6,60.9,62.3
A02468,L045,MATH04,2026-01-27,MATH04_L10,35,6,72.4,83.4
A02469,L045,MATH04,2026-07-08,MATH04_L03,42,3,85.8,83.4
A02470,L045,MATH04,2026-01-23,MATH04_L15,43,6,80.1,93.5
A02471,L045,MATH04,2026-03-15,MATH04_L13,40,5,69.3,76.8
A02472,L045,READ01,2026-05-01,READ01_L03,62,3,75.6,62.7
A02473,L045,READ01,2026-06-01,READ01_L04,56,3,82.6,79.4
A02474,L045,READ01,2025-11-09,READ01_L12,39,4,89.3,96.1
A02475,L045,READ01,2026-03-20,READ01_L13,47,5,82.9,86.5
A02476,L045,READ01,2026-06-07,READ01_L05,40,5,83.0,83.7
A02477,L045,READ01,2026-07-22,READ01_L03,48,6,80.7,62.6
A02478,L045,READ01,2026-01-31,READ01_L11,33,4,80.8,85.6
A02479,L045,READ01,2026-07-29,READ01_L06,38,2,86.0,74.5
A02480,L045,READ01,2025-09-06,READ01_L09,17,5,87.9,94.1
A02481,L045,READ01,2026-06-12,READ01_L03,37,2,91.2,96.4
A02482,L045,ELA04,2025-09-22,ELA04_L01,46,3,90.9,91.9
A02483,L045,ELA04,2026-06-21,ELA04_L13,32,5,76.4,62.1
A02484,L045,ELA04,2026-06-03,ELA04_L03,30,3,73.5,75.3
A02485,L045,ELA04,2026-02-04,ELA04_L07,37,3,90.0,100.0
A02486,L045,ELA04,2026-02-24,ELA04_L07,34,4,94.2,100.0
A02487,L045,ELA04,2026-03-31,ELA04_L05,35,3,93.7,100.0
A02488,L045,ELA04,2025-11-22,ELA04_L06,39,3,87.1,99.0
A02489,L045,ELA04,2025-12-23,ELA04_L09,33,4,84.9,68.7
A02490,L045,ELA04,2025-12-09,ELA04_L04,37,4,86.2,85.8
A02491,L045,ELA04,2025-12-02,ELA04_L02,46,5,81.0,79.1
A02492,L045,ELA04,2026-06-09,ELA04_L15,42,4,86.8,85.3
A02493,L045,SCI03,2025-10-08,SCI03_L05,43,4,79.5,74.8
A02494,L045,SCI03,2026-08-10,SCI03_L02,46,3,96.4,100.0
A02495,L045,SCI03,2026-01-07,SCI03_L02,42,4,81.6,95.9
A02496,L045,SCI03,2025-12-11,SCI03_L12,38,5,83.4,86.2
A02497,L045,SCI03,2026-06-25,SCI03_L08,41,4,81.7,81.8
A02498,L045,SCI03,2026-02-17,SCI03_L06,33,3,76.0,59.3
A02499,L045,SCI03,2025-11-05,SCI03_L11,37,4,73.6,70.4
A02500,L045,SCI03,2026-08-02,SCI03_L04,51,5,61.8,67.2
A02501,L045,SCI03,2025-10-22,SCI03_L05,31,6,95.9,84.4
A02502,L045,SCI03,2026-07-15,SCI03_L02,29,4,82.6,87.2
A02503,L045,SCI03,2025-12-09,SCI03_L06,44,4,79.4,73.2
A02504,L045,SCI03,2026-05-07,SCI03_L08,45,3,76.1,87.1
A02505,L045,SCI03,2026-02-16,SCI03_L10,25,5,90.5,100.0
A02506,L045,SCI03,2026-08-04,SCI03_L05,43,5,82.7,79.4
A02507,L045,SCI03,2026-08-22,SCI03_L10,28,4,82.1,88.1
A02508,L045,SCI03,2025-11-18,SCI03_L10,47,3,84.8,78.4
A02509,L045,SCI03,2026-06-18,SCI03_L06,38,4,95.8,95.0
A02510,L045,SCI03,2026-02-09,SCI03_L07,52,4,74.1,60.6
A02511,L046,ELA01,2025-09-03,ELA01_L06,18,3,62.0,50.4
A02512,L046,ELA01,2026-01-05,ELA01_L04,29,4,70.5,87.3
A02513,L046,ELA01,2026-08-31,ELA01_L12,32,3,71.9,53.6
A02514,L046,ELA01,2026-07-26,ELA01_L07,27,4,64.5,95.4
A02515,L046,ELA01,2026-01-20,ELA01_L06,18,3,69.6,71.1
A02516,L046,ELA01,2025-11-08,ELA01_L11,28,4,66.3,51.4
A02517,L046,ELA01,2026-02-17,ELA01_L08,39,2,58.0,64.5
A02518,L046,ELA01,2026-04-25,ELA01_L08,48,3,54.6,52.0
A02519,L046,ELA01,2026-03-03,ELA01_L05,30,3,68.2,75.2
A02520,L046,ELA01,2026-05-08,ELA01_L09,41,3,73.3,71.5
A02521,L046,ELA01,2025-10-26,ELA01_L03,42,2,84.4,85.6
A02522,L046,ELA01,2026-07-28,ELA01_L10,33,2,62.9,58.0
A02523,L046,MATH01,2026-01-22,MATH01_L03,39,1,80.1,94.7
A02524,L046,MATH01,2026-06-03,MATH01_L04,31,4,74.3,64.0
A02525,L046,MATH01,2026-01-13,MATH01_L12,46,3,61.8,39.4
A02526,L046,MATH01,2026-07-18,MATH01_L02,34,4,65.1,65.3
A02527,L046,MATH01,2025-10-09,MATH01_L01,43,3,62.2,53.2
A02528,L046,MATH01,2026-05-18,MATH01_L11,36,3,74.8,77.0
A02529,L046,MATH01,2025-09-16,MATH01_L10,30,3,57.0,54.7
A02530,L046,MATH01,2026-06-24,MATH01_L07,36,4,75.8,75.9
A02531,L046,MATH01,2026-06-30,MATH01_L04,37,3,74.1,73.9
A02532,L046,MATH01,2025-09-19,MATH01_L09,38,3,58.0,51.9
A02533,L046,MATH01,2026-01-12,MATH01_L09,24,3,74.5,86.8
A02534,L046,READ01,2026-04-30,READ01_L11,34,4,68.1,70.3
A02535,L046,READ01,2025-11-16,READ01_L06,31,5,53.5,45.6
A02536,L046,READ01,2026-03-20,READ01_L04,30,3,63.1,56.1
A02537,L046,READ01,2026-06-29,READ01_L12,36,4,69.5,56.9
A02538,L046,READ01,2026-01-27,READ01_L03,32,4,62.9,53.4
A02539,L046,READ01,2026-04-26,READ01_L09,44,2,72.9,67.0
A02540,L046,READ01,2026-05-20,READ01_L02,55,3,61.3,81.5
A02541,L046,READ01,2026-03-23,READ01_L06,26,3,55.5,45.3
A02542,L046,READ01,2026-05-16,READ01_L01,29,2,63.5,77.4
A02543,L046,READ01,2026-08-06,READ01_L04,42,4,75.4,76.5
A02544,L046,READ01,2026-07-12,READ01_L11,27,4,61.6,47.5
A02545,L046,READ01,2025-11-24,READ01_L13,43,5,57.6,62.4
A02546,L046,READ01,2026-05-22,READ01_L03,32,2,74.5,81.8
A02547,L046,READ01,2026-04-17,READ01_L03,35,3,70.2,81.7
A02548,L046,READ01,2025-12-01,READ01_L10,28,2,57.7,58.7
A02549,L046,READ01,2026-06-17,READ01_L11,29,3,56.9,53.8
A02550,L046,READ01,2025-11-14,READ01_L12,35,5,53.7,55.3
A02551,L046,READ01,2026-05-06,READ01_L06,45,4,77.9,78.8
A02552,L046,SCI01,2025-12-22,SCI01_L08,40,3,65.8,43.2
A02553,L046,SCI01,2025-12-28,SCI01_L02,25,2,69.5,69.5
A02554,L046,SCI01,2026-01-14,SCI01_L06,23,3,64.8,76.4
A02555,L046,SCI01,2025-12-29,SCI01_L01,44,2,56.6,82.0
A02556,L046,SCI01,2026-08-09,SCI01_L04,35,1,62.3,61.6
A02557,L046,SCI01,2026-05-24,SCI01_L06,33,3,67.4,56.1
A02558,L046,SCI01,2026-03-18,SCI01_L08,34,5,74.6,68.3
A02559,L046,SCI01,2026-04-21,SCI01_L01,41,2,62.1,47.6
A02560,L046,SCI01,2025-09-21,SCI01_L11,25,1,74.4,96.8
A02561,L046,SCI01,2026-02-13,SCI01_L02,36,3,54.5,20.7
A02562,L047,MATH03,2026-07-22,MATH03_L05,36,3,58.1,68.9
A02563,L047,MATH03,2026-01-13,MATH03_L10,38,2,57.1,40.2
A02564,L047,MATH03,2026-06-06,MATH03_L10,21,4,49.8,31.7
A02565,L047,MATH03,2025-11-29,MATH03_L07,30,3,62.4,78.8
A02566,L047,MATH03,2026-08-01,MATH03_L07,37,3,56.7,54.9
A02567,L047,MATH03,2026-03-07,MATH03_L10,21,4,78.6,86.5
A02568,L047,MATH03,2026-08-01,MATH03_L02,46,1,56.4,50.1
A02569,L047,MATH03,2026-05-23,MATH03_L05,36,2,50.6,55.8
A02570,L047,MATH03,2026-03-12,MATH03_L04,29,3,58.7,55.5
A02571,L047,MATH03,2026-05-23,MATH03_L07,55,3,51.5,24.9
A02572,L047,MATH03,2026-02-28,MATH03_L06,22,4,53.5,57.4
A02573,L047,MATH03,2026-05-08,MATH03_L08,30,3,63.4,59.0
A02574,L047,MATH03,2026-07-07,MATH03_L01,39,3,59.6,65.6
A02575,L047,MATH03,2026-05-15,MATH03_L03,40,3,64.2,68.5
A02576,L047,MATH03,2026-04-14,MATH03_L03,27,2,69.7,55.5
A02577,L047,MATH03,2025-12-27,MATH03_L02,18,3,61.7,60.4
A02578,L047,MATH03,2026-05-22,MATH03_L11,27,3,69.3,82.8
A02579,L047,MATH03,2026-01-22,MATH03_L04,27,3,71.3,74.8
A02580,L047,ELA03,2025-12-05,ELA03_L03,30,4,63.2,40.5
A02581,L047,ELA03,2026-03-05,ELA03_L10,36,3,56.9,73.1
A02582,L047,ELA03,2025-10-31,ELA03_L11,30,4,69.8,61.2
A02583,L047,ELA03,2025-12-27,ELA03_L07,47,4,67.7,68.9
A02584,L047,ELA03,2026-02-17,ELA03_L12,20,3,57.6,44.2
A02585,L047,ELA03,2025-10-29,ELA03_L08,23,3,53.9,53.5
A02586,L047,ELA03,2026-08-12,ELA03_L08,28,4,62.4,59.9
A02587,L047,ELA03,2026-05-04,ELA03_L04,34,5,53.9,57.9
A02588,L047,ELA03,2026-06-30,ELA03_L03,20,3,57.3,60.1
A02589,L047,ELA03,2026-07-29,ELA03_L07,19,2,57.1,74.6
A02590,L047,ELA03,2025-09-12,ELA03_L04,25,4,71.7,57.6
A02591,L047,ELA03,2025-09-23,ELA03_L03,35,4,71.5,50.9
A02592,L047,MATH02,2025-11-08,MATH02_L11,33,4,65.7,76.6
A02593,L047,MATH02,2026-05-21,MATH02_L01,28,4,60.8,60.0
A02594,L047,MATH02,2026-06-21,MATH02_L03,25,2,53.2,47.1
A02595,L047,MATH02,2025-09-29,MATH02_L03,34,2,69.1,78.7
A02596,L047,MATH02,2026-01-11,MATH02_L03,33,3,53.6,62.9
A02597,L047,MATH02,2026-05-23,MATH02_L07,26,1,47.6,44.5
A02598,L047,MATH02,2026-07-04,MATH02_L10,29,3,69.9,80.4
A02599,L047,MATH02,2026-07-24,MATH02_L01,32,4,68.8,55.9
A02600,L047,MATH02,2026-08-05,MATH02_L14,50,4,71.3,46.2
A02601,L047,MATH02,2026-01-24,MATH02_L02,37,3,55.8,71.0
A02602,L047,MATH02,2025-12-20,MATH02_L08,27,3,64.9,54.2
A02603,L047,MATH02,2026-07-08,MATH02_L08,28,4,58.8,84.2
A02604,L047,SCI02,2025-11-27,SCI02_L04,17,3,48.8,30.6
A02605,L047,SCI02,2026-03-30,SCI02_L10,39,5,60.6,63.0
A02606,L047,SCI02,2025-11-13,SCI02_L13,17,3,58.7,59.5
A02607,L047,SCI02,2026-06-26,SCI02_L14,27,3,65.3,47.6
A02608,L047,SCI02,2025-12-03,SCI02_L10,24,1,41.9,45.9
A02609,L047,SCI02,2026-08-04,SCI02_L09,28,2,56.1,20.0
A02610,L047,SCI02,2026-01-14,SCI02_L03,25,3,72.3,54.8
A02611,L047,SCI02,2026-08-18,SCI02_L06,34,2,68.0,63.3
A02612,L047,SCI02,2026-04-21,SCI02_L10,32,3,73.7,62.4
A02613,L047,SCI02,2026-06-30,SCI02_L02,31,3,45.1,58.3
A02614,L047,SCI02,2025-12-27,SCI02_L07,24,2,42.2,42.2
A02615,L047,SCI02,2026-03-17,SCI02_L03,32,3,59.1,48.2
A02616,L047,SCI02,2025-10-26,SCI02_L01,36,3,67.7,86.9
A02617,L047,SCI02,2025-12-13,SCI02_L09,40,1,72.7,91.6
A02618,L047,SCI02,2026-05-17,SCI02_L11,49,4,66.6,85.5
A02619,L047,SCI02,2026-04-03,SCI02_L14,43,5,67.3,69.9
A02620,L047,SCI02,2025-11-16,SCI02_L10,30,3,47.7,48.6
A02621,L048,READ01,2025-11-30,READ01_L08,18,2,45.7,55.4
A02622,L048,READ01,2026-07-12,READ01_L10,39,4,68.4,67.4
A02623,L048,READ01,2025-09-20,READ01_L13,28,3,41.8,35.8
A02624,L048,READ01,2026-05-31,READ01_L09,35,4,56.1,52.8
A02625,L048,READ01,2025-10-31,READ01_L02,27,3,40.5,55.2
A02626,L048,READ01,2026-05-05,READ01_L11,35,3,51.2,51.7
A02627,L048,READ01,2025-11-06,READ01_L10,26,2,63.2,63.0
A02628,L048,READ01,2026-06-04,READ01_L14,35,2,50.6,53.3
A02629,L048,READ01,2025-09-01,READ01_L13,33,2,54.9,50.8
A02630,L048,READ01,2026-08-14,READ01_L11,33,3,56.5,76.9
A02631,L048,READ01,2026-04-09,READ01_L09,31,1,47.8,52.2
A02632,L048,MATH03,2026-03-09,MATH03_L01,29,2,46.8,50.2
A02633,L048,MATH03,2026-08-24,MATH03_L09,26,4,51.3,54.7
A02634,L048,MATH03,2026-04-08,MATH03_L04,29,4,51.2,48.4
A02635,L048,MATH03,2026-05-05,MATH03_L07,26,2,50.2,43.1
A02636,L048,MATH03,2026-02-27,MATH03_L10,22,2,45.5,52.6
A02637,L048,MATH03,2026-08-23,MATH03_L10,30,4,52.7,68.2
A02638,L048,MATH03,2025-10-21,MATH03_L07,26,2,53.5,61.8
A02639,L048,MATH03,2025-11-08,MATH03_L05,28,2,54.1,44.8
A02640,L048,MATH03,2026-05-03,MATH03_L04,21,4,58.3,51.9
A02641,L048,MATH03,2025-10-13,MATH03_L05,21,3,54.5,50.6
A02642,L048,MATH03,2026-07-04,MATH03_L09,43,3,55.3,45.8
A02643,L048,MATH03,2026-03-29,MATH03_L05,36,4,50.0,53.4
A02644,L048,MATH03,2025-12-06,MATH03_L01,36,4,61.2,37.8
A02645,L048,MATH03,2026-08-30,MATH03_L12,39,1,61.0,50.4
A02646,L048,MATH03,2025-09-04,MATH03_L10,25,2,48.9,51.8
A02647,L048,MATH03,2026-05-26,MATH03_L02,40,2,62.6,52.5
A02648,L048,ELA02,2025-09-04,ELA02_L07,36,3,66.2,71.9
A02649,L048,ELA02,2026-08-02,ELA02_L04,35,2,55.5,58.7
A02650,L048,ELA02,2026-08-19,ELA02_L13,26,2,43.6,39.1
A02651,L048,ELA02,2026-02-09,ELA02_L07,27,1,48.3,54.9
A02652,L048,ELA02,2026-03-05,ELA02_L02,18,2,55.1,59.1
A02653,L048,ELA02,2025-11-19,ELA02_L07,26,3,51.4,55.5
A02654,L048,ELA02,2026-07-31,ELA02_L10,36,2,44.2,44.0
A02655,L048,ELA02,2026-01-08,ELA02_L05,27,2,55.4,52.0
A02656,L048,ELA02,2026-06-02,ELA02_L07,20,4,68.7,65.6
A02657,L048,ELA02,2026-06-17,ELA02_L06,23,2,56.0,50.0
A02658,L048,ELA02,2026-07-11,ELA02_L05,30,2,47.3,69.6
A02659,L048,ELA02,2026-08-15,ELA02_L07,32,3,46.4,33.5
A02660,L048,ELA02,2025-12-14,ELA02_L07,28,1,61.2,69.1
A02661,L048,ELA02,2026-06-10,ELA02_L13,23,3,46.8,42.6
A02662,L048,ELA02,2026-06-13,ELA02_L08,41,2,63.1,72.6
A02663,L048,ELA02,2025-12-01,ELA02_L06,49,2,49.7,62.0
A02664,L048,ELA02,2026-06-14,ELA02_L09,34,2,62.5,60.6
A02665,L048,ELA02,2026-05-06,ELA02_L05,33,3,38.5,40.1
A02666,L048,SCI02,2026-06-23,SCI02_L06,21,2,31.9,35.4
A02667,L048,SCI02,2026-08-28,SCI02_L07,30,3,58.0,45.7
A02668,L048,SCI02,2025-11-10,SCI02_L14,35,3,60.6,58.4
A02669,L048,SCI02,2026-08-04,SCI02_L02,35,2,70.4,73.3
A02670,L048,SCI02,2025-12-27,SCI02_L08,27,4,61.7,66.3
A02671,L048,SCI02,2026-08-25,SCI02_L03,34,2,37.0,43.4
A02672,L048,SCI02,2025-10-22,SCI02_L04,33,4,63.3,61.1
A02673,L048,SCI02,2026-05-19,SCI02_L07,38,3,60.7,70.1
A02674,L048,SCI02,2026-02-21,SCI02_L13,28,1,51.0,53.8
A02675,L048,SCI02,2026-06-09,SCI02_L10,41,4,58.3,54.9
A02676,L048,SCI02,2026-08-23,SCI02_L11,35,4,46.3,55.3
A02677,L048,SCI02,2026-08-28,SCI02_L01,30,2,64.4,55.5
A02678,L048,SCI02,2025-11-22,SCI02_L07,31,3,55.3,53.7
A02679,L048,SCI02,2026-07-23,SCI02_L01,25,4,54.6,55.6
A02680,L049,MATH01,2025-11-14,MATH01_L08,34,3,83.0,98.7
A02681,L049,MATH01,2026-07-05,MATH01_L07,27,5,88.8,99.9
A02682,L049,MATH01,2025-10-16,MATH01_L02,53,4,85.4,68.4
A02683,L049,MATH01,2026-01-13,MATH01_L04,42,4,87.3,94.2
A02684,L049,MATH01,2026-03-09,MATH01_L02,48,3,71.0,59.2
A02685,L049,MATH01,2026-07-09,MATH01_L01,43,4,83.5,74.6
A02686,L049,MATH01,2026-03-16,MATH01_L07,31,4,80.3,93.2
A02687,L049,MATH01,2026-07-12,MATH01_L11,47,6,84.3,77.3
A02688,L049,MATH01,2026-05-25,MATH01_L05,57,6,82.9,62.8
A02689,L049,MATH01,2026-08-31,MATH01_L10,40,5,87.5,78.5
A02690,L049,MATH01,2025-09-30,MATH01_L03,34,4,77.7,87.4
A02691,L049,ELA01,2026-04-13,ELA01_L01,35,2,74.9,87.0
A02692,L049,ELA01,2025-12-13,ELA01_L11,37,4,94.6,100.0
A02693,L049,ELA01,2026-05-24,ELA01_L05,43,4,96.2,76.8
A02694,L049,ELA01,2025-12-09,ELA01_L01,40,4,75.5,77.8
A02695,L049,ELA01,2026-07-04,ELA01_L09,31,3,80.0,98.7
A02696,L049,ELA01,2026-05-23,ELA01_L12,54,5,91.5,86.3
A02697,L049,ELA01,2025-12-28,ELA01_L10,40,4,95.0,94.5
A02698,L049,ELA01,2025-11-26,ELA01_L11,53,5,60.8,64.8
A02699,L049,ELA01,2025-09-19,ELA01_L06,41,4,83.9,91.3
A02700,L049,ELA01,2026-01-01,ELA01_L11,41,5,73.9,71.5
A02701,L049,ELA01,2025-09-01,ELA01_L03,32,3,87.3,90.2
A02702,L049,ELA01,2025-10-15,ELA01_L05,25,5,89.8,83.3
A02703,L049,ELA01,2026-03-24,ELA01_L06,29,3,82.8,94.4
A02704,L049,ELA01,2026-08-09,ELA01_L07,37,4,84.6,90.5
A02705,L049,ELA01,2026-03-27,ELA01_L10,39,5,87.9,99.6
A02706,L049,ELA01,2025-12-12,ELA01_L09,40,5,87.7,91.5
A02707,L049,ELA01,2025-09-08,ELA01_L12,47,3,92.9,79.8
A02708,L049,READ01,2025-10-17,READ01_L09,48,3,78.8,83.5
A02709,L049,READ01,2026-01-24,READ01_L12,49,4,87.3,71.2
A02710,L049,READ01,2026-06-14,READ01_L10,30,4,76.7,74.5
A02711,L049,READ01,2026-02-26,READ01_L06,52,3,75.1,91.2
A02712,L049,READ01,2026-01-20,READ01_L04,47,4,93.9,98.0
A02713,L049,READ01,2026-07-08,READ01_L04,47,4,74.2,69.3
A02714,L049,READ01,2026-04-21,READ01_L07,20,3,74.6,87.9
A02715,L049,READ01,2026-06-22,READ01_L01,38,5,81.2,100.0
A02716,L049,READ01,2026-01-12,READ01_L03,32,2,95.0,100.0
A02717,L049,READ01,2026-03-28,READ01_L09,41,3,100.0,100.0
A02718,L049,READ01,2025-10-25,READ01_L09,39,5,83.5,87.5
A02719,L049,SCI01,2026-05-16,SCI01_L05,37,5,74.9,81.0
A02720,L049,SCI01,2026-02-22,SCI01_L02,47,4,86.5,88.6
A02721,L049,SCI01,2026-05-21,SCI01_L05,36,5,57.4,52.7
A02722,L049,SCI01,2026-06-03,SCI01_L10,31,5,80.7,87.2
A02723,L049,SCI01,2026-01-07,SCI01_L12,26,4,91.0,87.6
A02724,L049,SCI01,2026-04-15,SCI01_L07,35,4,82.1,92.3
A02725,L049,SCI01,2026-06-16,SCI01_L08,54,5,69.1,68.6
A02726,L049,SCI01,2026-01-03,SCI01_L06,28,4,91.6,90.2
A02727,L049,SCI01,2026-04-23,SCI01_L11,39,5,95.3,88.2
A02728,L049,SCI01,2026-04-24,SCI01_L10,53,5,88.3,87.3
A02729,L049,SCI01,2025-09-15,SCI01_L08,44,5,89.8,100.0
A02730,L050,SCI02,2026-01-11,SCI02_L02,38,5,90.1,85.5
A02731,L050,SCI02,2026-03-15,SCI02_L11,37,4,73.9,53.9
A02732,L050,SCI02,2025-12-22,SCI02_L11,17,7,88.1,100.0
A02733,L050,SCI02,2026-08-26,SCI02_L04,39,4,79.2,72.1
A02734,L050,SCI02,2026-02-09,SCI02_L07,38,4,82.8,85.0
A02735,L050,SCI02,2026-02-28,SCI02_L09,39,4,70.8,72.3
A02736,L050,SCI02,2026-06-02,SCI02_L01,48,4,79.5,82.3
A02737,L050,SCI02,2026-08-25,SCI02_L14,38,4,91.6,90.5
A02738,L050,SCI02,2026-01-13,SCI02_L04,37,5,91.2,89.9
A02739,L050,SCI02,2026-01-26,SCI02_L02,44,4,74.4,81.8
A02740,L050,SCI02,2026-03-24,SCI02_L11,39,4,59.4,46.7
A02741,L050,ELA02,2025-10-09,ELA02_L09,34,4,76.8,60.4
A02742,L050,ELA02,2025-12-01,ELA02_L08,50,4,83.8,93.5
A02743,L050,ELA02,2026-02-08,ELA02_L06,49,6,90.0,84.0
A02744,L050,ELA02,2025-12-21,ELA02_L10,45,5,75.5,84.8
A02745,L050,ELA02,2026-01-16,ELA02_L03,39,4,96.4,84.6
A02746,L050,ELA02,2026-08-16,ELA02_L04,36,4,98.3,94.2
A02747,L050,ELA02,2026-05-14,ELA02_L12,33,4,76.1,59.7
A02748,L050,ELA02,2025-12-12,ELA02_L04,54,5,75.0,86.1
A02749,L050,ELA02,2026-01-02,ELA02_L14,54,2,90.7,75.9
A02750,L050,ELA02,2026-01-14,ELA02_L04,35,4,74.8,69.5
A02751,L050,ELA02,2025-12-27,ELA02_L04,39,3,83.0,56.9
A02752,L050,ELA02,2026-01-06,ELA02_L14,34,4,73.3,59.8
A02753,L050,ELA02,2026-07-14,ELA02_L06,30,4,77.3,64.5
A02754,L050,ELA02,2025-11-19,ELA02_L13,28,4,74.5,64.1
A02755,L050,ELA02,2025-10-25,ELA02_L02,42,4,88.5,78.9
A02756,L050,MATH03,2026-08-13,MATH03_L11,44,4,84.3,100.0
A02757,L050,MATH03,2026-05-11,MATH03_L10,46,4,84.9,93.0
A02758,L050,MATH03,2025-09-04,MATH03_L09,35,4,74.9,79.0
A02759,L050,MATH03,2025-09-22,MATH03_L08,48,3,85.3,73.6
A02760,L050,MATH03,2026-03-10,MATH03_L10,33,7,83.1,89.3
A02761,L050,MATH03,2026-02-09,MATH03_L08,35,4,80.6,81.0
A02762,L050,MATH03,2026-06-22,MATH03_L05,35,4,82.2,98.3
A02763,L050,MATH03,2026-05-10,MATH03_L03,41,3,92.3,98.8
A02764,L050,MATH03,2026-05-20,MATH03_L05,50,5,93.7,100.0
A02765,L050,MATH03,2026-03-23,MATH03_L04,44,3,81.7,85.2
A02766,L050,MATH03,2026-06-23,MATH03_L03,34,3,91.9,93.1
A02767,L050,READ01,2026-05-28,READ01_L13,44,4,79.5,100.0
A02768,L050,READ01,2026-04-05,READ01_L08,49,3,70.9,49.4
A02769,L050,READ01,2026-06-04,READ01_L01,37,3,83.2,63.0
A02770,L050,READ01,2026-05-16,READ01_L06,47,5,81.2,81.9
A02771,L050,READ01,2026-03-21,READ01_L14,39,3,85.1,68.0
A02772,L050,READ01,2026-08-18,READ01_L13,38,5,79.6,88.7
A02773,L050,READ01,2025-11-29,READ01_L08,37,3,86.1,91.0
A02774,L050,READ01,2025-11-01,READ01_L12,20,3,85.5,77.2
A02775,L050,READ01,2026-05-24,READ01_L08,32,4,82.2,79.7
A02776,L050,READ01,2026-02-09,READ01_L12,33,3,80.0,67.0
A02777,L051,SCI02,2025-09-07,SCI02_L11,43,3,82.2,100.0
A02778,L051,SCI02,2025-12-17,SCI02_L07,50,3,76.6,52.3
A02779,L051,SCI02,2026-06-25,SCI02_L02,40,4,82.4,74.7
A02780,L051,SCI02,2026-02-14,SCI02_L06,34,4,78.9,89.0
A02781,L051,SCI02,2026-07-11,SCI02_L14,43,4,80.6,76.5
A02782,L051,SCI02,2026-01-11,SCI02_L03,35,1,69.9,62.8
A02783,L051,SCI02,2026-06-08,SCI02_L05,43,4,78.5,82.7
A02784,L051,SCI02,2025-12-31,SCI02_L05,38,2,61.7,47.2
A02785,L051,SCI02,2026-04-30,SCI02_L10,48,4,77.7,77.9
A02786,L051,SCI02,2026-02-23,SCI02_L06,33,3,79.0,84.1
A02787,L051,MATH03,2026-05-14,MATH03_L07,43,4,68.1,78.0
A02788,L051,MATH03,2025-12-17,MATH03_L07,25,3,86.8,76.6
A02789,L051,MATH03,2026-08-25,MATH03_L06,30,6,64.7,72.0
A02790,L051,MATH03,2026-03-06,MATH03_L07,45,3,94.5,89.9
A02791,L051,MATH03,2026-01-22,MATH03_L08,42,3,83.9,65.7
A02792,L051,MATH03,2025-12-02,MATH03_L10,37,4,100.0,100.0
A02793,L051,MATH03,2025-11-07,MATH03_L10,39,5,77.2,75.7
A02794,L051,MATH03,2026-08-18,MATH03_L04,37,3,69.9,86.9
A02795,L051,MATH03,2025-10-22,MATH03_L12,39,3,88.5,73.8
A02796,L051,MATH03,2026-01-17,MATH03_L04,41,4,79.3,73.5
A02797,L051,MATH03,2026-06-12,MATH03_L07,38,2,74.4,61.2
A02798,L051,MATH03,2026-03-15,MATH03_L04,48,3,74.1,76.3
A02799,L051,ELA03,2025-11-16,ELA03_L08,49,5,81.0,80.3
A02800,L051,ELA03,2025-09-05,ELA03_L03,33,4,75.4,70.1
A02801,L051,ELA03,2026-04-04,ELA03_L08,42,5,83.6,98.7
A02802,L051,ELA03,2025-11-08,ELA03_L11,39,5,94.1,89.8
A02803,L051,ELA03,2026-05-23,ELA03_L09,47,5,88.6,89.8
A02804,L051,ELA03,2026-02-09,ELA03_L08,27,4,73.8,92.2
A02805,L051,ELA03,2026-02-01,ELA03_L05,45,5,76.7,73.3
A02806,L051,ELA03,2026-06-15,ELA03_L10,15,3,89.7,78.7
A02807,L051,ELA03,2025-09-25,ELA03_L07,41,4,72.6,77.3
A02808,L051,ELA03,2025-10-21,ELA03_L12,31,3,83.9,88.7
A02809,L051,ELA03,2025-11-23,ELA03_L01,26,5,74.1,90.9
A02810,L051,ELA03,2025-12-20,ELA03_L05,40,5,91.6,100.0
A02811,L051,ELA02,2026-07-20,ELA02_L02,47,4,74.0,85.0
A02812,L051,ELA02,2026-04-19,ELA02_L12,49,4,80.6,62.8
A02813,L051,ELA02,2026-02-19,ELA02_L05,31,5,90.8,89.7
A02814,L051,ELA02,2026-03-04,ELA02_L06,47,4,88.6,94.7
A02815,L051,ELA02,2026-06-14,ELA02_L09,22,4,82.5,69.1
A02816,L051,ELA02,2026-01-10,ELA02_L06,29,3,80.5,99.8
A02817,L051,ELA02,2025-09-11,ELA02_L07,38,4,87.7,84.7
A02818,L051,ELA02,2025-11-02,ELA02_L06,33,5,83.7,80.7
A02819,L051,ELA02,2026-08-14,ELA02_L10,38,3,75.8,79.7
A02820,L051,ELA02,2025-12-11,ELA02_L10,42,5,74.9,66.2
A02821,L051,ELA02,2026-06-22,ELA02_L11,42,4,78.1,83.7
A02822,L051,ELA02,2026-07-30,ELA02_L09,47,3,83.6,72.3
A02823,L051,ELA02,2025-11-29,ELA02_L13,31,5,76.7,62.8
A02824,L051,ELA02,2026-01-24,ELA02_L06,49,4,97.8,100.0
A02825,L051,ELA02,2026-02-14,ELA02_L11,58,3,66.1,64.6
A02826,L051,ELA02,2026-05-20,ELA02_L08,42,3,64.3,65.5
A02827,L051,ELA02,2026-04-17,ELA02_L02,30,3,74.8,77.5
A02828,L052,ELA02,2026-07-12,ELA02_L05,32,5,68.3,99.5
A02829,L052,ELA02,2026-04-26,ELA02_L11,31,4,82.3,82.7
A02830,L052,ELA02,2025-11-14,ELA02_L14,45,4,75.7,86.6
A02831,L052,ELA02,2025-11-25,ELA02_L11,49,4,76.0,64.3
A02832,L052,ELA02,2026-02-20,ELA02_L07,23,3,95.9,88.4
A02833,L052,ELA02,2026-07-21,ELA02_L10,53,5,98.6,94.6
A02834,L052,ELA02,2026-06-20,ELA02_L07,41,5,97.9,100.0
A02835,L052,ELA02,2025-10-07,ELA02_L02,36,4,78.1,85.4
A02836,L052,ELA02,2025-11-22,ELA02_L06,38,5,81.5,45.9
A02837,L052,ELA02,2025-12-26,ELA02_L06,44,5,82.6,81.8
A02838,L052,ELA02,2026-02-10,ELA02_L11,46,5,80.2,76.6
A02839,L052,ELA02,2026-01-28,ELA02_L12,51,2,80.7,72.4
A02840,L052,ELA02,2026-01-15,ELA02_L10,47,4,90.2,84.9
A02841,L052,ELA02,2026-07-28,ELA02_L07,33,5,71.5,63.9
A02842,L052,ELA02,2026-01-17,ELA02_L08,32,5,79.3,72.9
A02843,L052,ELA02,2026-03-05,ELA02_L12,25,2,77.7,77.8
A02844,L052,MATH02,2026-04-19,MATH02_L07,55,2,67.9,58.3
A02845,L052,MATH02,2025-11-25,MATH02_L03,35,3,78.7,67.2
A02846,L052,MATH02,2025-09-12,MATH02_L03,36,6,70.6,71.5
A02847,L052,MATH02,2025-12-30,MATH02_L11,42,5,88.0,54.4
A02848,L052,MATH02,2026-01-07,MATH02_L12,49,3,76.1,97.2
A02849,L052,MATH02,2026-08-25,MATH02_L12,34,3,90.4,78.2
A02850,L052,MATH02,2025-10-11,MATH02_L04,28,4,73.5,56.0
A02851,L052,MATH02,2025-11-25,MATH02_L07,43,2,83.3,100.0
A02852,L052,MATH02,2025-10-23,MATH02_L02,44,3,82.6,90.1
A02853,L052,MATH02,2025-10-03,MATH02_L08,37,6,87.5,88.1
A02854,L052,MATH02,2026-06-08,MATH02_L01,40,5,87.6,67.6
A02855,L052,MATH02,2025-09-14,MATH02_L13,32,3,81.5,100.0
A02856,L052,MATH02,2026-03-23,MATH02_L09,30,4,76.8,61.2
A02857,L052,MATH02,2025-10-13,MATH02_L02,32,4,90.0,100.0
A02858,L052,MATH02,2026-01-13,MATH02_L10,42,3,74.5,100.0
A02859,L052,MATH02,2025-11-19,MATH02_L02,37,3,86.0,84.6
A02860,L052,MATH02,2026-08-02,MATH02_L07,54,3,75.8,77.4
A02861,L052,MATH02,2026-02-06,MATH02_L04,37,4,78.4,77.0
A02862,L052,ELA03,2026-01-24,ELA03_L08,43,4,85.5,49.1
A02863,L052,ELA03,2026-07-18,ELA03_L03,25,5,80.9,98.6
A02864,L052,ELA03,2025-11-07,ELA03_L09,36,3,71.1,85.9
A02865,L052,ELA03,2025-11-27,ELA03_L01,52,4,79.3,82.2
A02866,L052,ELA03,2025-09-18,ELA03_L11,45,2,79.1,80.1
A02867,L052,ELA03,2026-03-02,ELA03_L06,44,4,78.0,65.5
A02868,L052,ELA03,2026-05-02,ELA03_L08,29,2,78.6,87.3
A02869,L052,ELA03,2026-06-04,ELA03_L05,42,5,83.1,75.2
A02870,L052,ELA03,2026-06-08,ELA03_L08,37,4,67.1,57.0
A02871,L052,ELA03,2025-11-09,ELA03_L12,33,2,77.9,72.6
A02872,L052,ELA03,2026-06-04,ELA03_L03,40,3,69.4,82.8
A02873,L052,ELA03,2026-06-30,ELA03_L10,43,2,91.3,100.0
A02874,L052,ELA03,2026-04-22,ELA03_L11,38,5,91.1,84.5
A02875,L052,MATH03,2026-05-27,MATH03_L11,32,6,63.6,45.7
A02876,L052,MATH03,2026-07-25,MATH03_L09,38,3,78.5,73.2
A02877,L052,MATH03,2026-02-06,MATH03_L06,34,3,79.1,81.7
A02878,L052,MATH03,2026-05-05,MATH03_L09,45,3,87.1,72.1
A02879,L052,MATH03,2025-12-26,MATH03_L02,51,5,76.2,84.7
A02880,L052,MATH03,2026-04-15,MATH03_L05,41,4,85.6,93.6
A02881,L052,MATH03,2026-03-07,MATH03_L07,27,5,74.1,89.0
A02882,L052,MATH03,2026-01-12,MATH03_L03,45,6,69.6,69.5
A02883,L052,MATH03,2026-02-03,MATH03_L01,39,3,72.0,64.6
A02884,L052,MATH03,2025-09-01,MATH03_L09,25,2,82.0,82.2
A02885,L052,MATH03,2025-11-09,MATH03_L06,41,6,78.3,79.6
A02886,L052,MATH03,2026-01-25,MATH03_L08,30,5,83.3,77.0
A02887,L052,MATH03,2026-06-01,MATH03_L01,37,5,79.1,63.4
A02888,L052,MATH03,2026-08-19,MATH03_L08,36,4,60.3,62.1
A02889,L052,MATH03,2026-05-03,MATH03_L05,42,3,88.4,60.5
A02890,L052,MATH03,2025-09-05,MATH03_L07,46,4,76.6,77.0
A02891,L053,ELA04,2026-07-03,ELA04_L08,31,5,84.1,100.0
A02892,L053,ELA04,2025-09-04,ELA04_L12,30,4,79.3,52.6
A02893,L053,ELA04,2025-12-06,ELA04_L14,42,6,83.4,81.1
A02894,L053,ELA04,2026-06-15,ELA04_L14,32,4,84.0,65.7
A02895,L053,ELA04,2026-03-22,ELA04_L08,36,4,79.1,71.6
A02896,L053,ELA04,2025-11-23,ELA04_L13,36,4,81.4,82.3
A02897,L053,ELA04,2026-03-13,ELA04_L08,45,4,81.0,76.8
A02898,L053,ELA04,2026-01-13,ELA04_L03,33,4,79.2,100.0
A02899,L053,ELA04,2026-04-05,ELA04_L08,36,4,73.4,70.4
A02900,L053,ELA04,2026-05-23,ELA04_L09,41,2,78.0,90.5
A02901,L053,ELA04,2026-01-24,ELA04_L09,29,2,85.7,74.0
A02902,L053,ELA04,2026-03-31,ELA04_L07,59,5,78.7,57.1
A02903,L053,ELA04,2025-10-06,ELA04_L06,38,4,75.2,59.4
A02904,L053,ELA04,2025-11-09,ELA04_L10,33,3,79.6,82.7
A02905,L053,MATH04,2026-07-24,MATH04_L15,45,5,86.9,80.9
A02906,L053,MATH04,2026-07-14,MATH04_L15,41,4,86.4,79.1
A02907,L053,MATH04,2026-01-18,MATH04_L16,39,6,76.7,80.3
A02908,L053,MATH04,2025-12-06,MATH04_L11,32,4,75.8,100.0
A02909,L053,MATH04,2025-09-10,MATH04_L05,46,4,77.5,80.6
A02910,L053,MATH04,2025-09-26,MATH04_L01,34,3,87.0,100.0
A02911,L053,MATH04,2025-12-05,MATH04_L04,45,5,88.6,94.1
A02912,L053,MATH04,2026-01-23,MATH04_L09,39,5,96.8,79.4
A02913,L053,MATH04,2025-11-04,MATH04_L15,29,5,74.1,43.5
A02914,L053,MATH04,2025-09-05,MATH04_L08,15,3,77.5,71.6
A02915,L053,MATH04,2025-10-17,MATH04_L05,42,3,91.8,100.0
A02916,L053,READ01,2026-05-11,READ01_L04,39,3,80.8,68.9
A02917,L053,READ01,2026-02-23,READ01_L07,39,4,74.1,92.6
A02918,L053,READ01,2026-02-07,READ01_L13,17,4,83.8,66.4
A02919,L053,READ01,2026-05-14,READ01_L06,32,3,73.0,56.5
A02920,L053,READ01,2026-04-26,READ01_L12,27,4,82.3,100.0
A02921,L053,READ01,2025-09-17,READ01_L06,36,2,70.1,66.4
A02922,L053,READ01,2025-10-12,READ01_L14,44,4,85.8,96.5
A02923,L053,READ01,2025-11-14,READ01_L01,52,4,100.0,82.6
A02924,L053,READ01,2026-01-15,READ01_L13,31,4,77.4,63.3
A02925,L053,READ01,2026-03-20,READ01_L02,45,4,80.1,68.7
A02926,L053,SCI03,2026-04-29,SCI03_L03,24,4,90.1,89.6
A02927,L053,SCI03,2025-12-08,SCI03_L15,40,5,80.8,80.4
A02928,L053,SCI03,2026-01-07,SCI03_L14,35,3,77.7,87.2
A02929,L053,SCI03,2026-03-15,SCI03_L14,45,4,75.5,69.3
A02930,L053,SCI03,2025-09-07,SCI03_L02,33,5,85.6,88.2
A02931,L053,SCI03,2026-01-06,SCI03_L07,43,5,75.9,89.8
A02932,L053,SCI03,2026-04-15,SCI03_L04,43,3,88.4,100.0
A02933,L053,SCI03,2025-09-18,SCI03_L04,46,4,69.5,55.4
A02934,L053,SCI03,2026-04-24,SCI03_L12,38,5,79.7,71.1
A02935,L053,SCI03,2025-10-19,SCI03_L09,20,6,78.6,65.7
A02936,L053,SCI03,2026-08-07,SCI03_L04,38,4,83.3,93.0
A02937,L053,SCI03,2026-05-01,SCI03_L07,41,5,94.1,98.0
A02938,L053,SCI03,2026-08-15,SCI03_L05,35,5,88.8,100.0
A02939,L053,SCI03,2026-02-13,SCI03_L03,33,4,89.3,92.2
A02940,L053,SCI03,2026-07-20,SCI03_L12,51,4,69.7,73.1
A02941,L053,SCI03,2025-09-22,SCI03_L12,28,3,76.1,78.7
A02942,L053,SCI03,2026-06-09,SCI03_L09,40,4,86.1,82.0
A02943,L053,SCI03,2025-11-02,SCI03_L05,51,5,84.7,94.4
A02944,L054,READ01,2026-07-24,READ01_L05,21,2,65.7,71.1
A02945,L054,READ01,2025-12-11,READ01_L06,37,5,63.2,71.9
A02946,L054,READ01,2025-09-27,READ01_L14,34,2,73.4,72.7
A02947,L054,READ01,2026-08-08,READ01_L04,46,4,56.9,63.1
A02948,L054,READ01,2025-10-28,READ01_L04,17,4,73.2,57.5
A02949,L054,READ01,2026-07-22,READ01_L07,31,4,63.2,66.0
A02950,L054,READ01,2026-02-14,READ01_L01,29,4,74.1,76.0
A02951,L054,READ01,2025-11-25,READ01_L13,26,3,50.2,63.6
A02952,L054,READ01,2026-01-20,READ01_L10,24,3,67.0,91.2
A02953,L054,READ01,2025-11-01,READ01_L07,31,4,64.2,73.4
A02954,L054,READ01,2026-01-03,READ01_L01,38,3,59.7,68.3
A02955,L054,READ01,2025-09-22,READ01_L10,37,2,64.7,54.8
A02956,L054,READ01,2026-08-20,READ01_L08,33,3,70.9,67.2
A02957,L054,READ01,2026-08-19,READ01_L10,29,3,70.5,79.9
A02958,L054,READ01,2025-11-19,READ01_L06,29,5,72.7,76.4
A02959,L054,READ01,2025-10-16,READ01_L04,36,3,55.0,60.2
A02960,L054,READ01,2025-11-20,READ01_L08,34,2,63.0,74.8
A02961,L054,ELA03,2026-08-18,ELA03_L10,25,4,54.1,73.3
A02962,L054,ELA03,2026-02-21,ELA03_L11,39,4,60.5,70.3
A02963,L054,ELA03,2025-10-01,ELA03_L01,25,1,60.8,57.7
A02964,L054,ELA03,2026-03-02,ELA03_L11,24,4,72.7,61.3
A02965,L054,ELA03,2025-11-18,ELA03_L12,39,3,64.2,66.2
A02966,L054,ELA03,2026-06-02,ELA03_L02,39,3,60.0,60.7
A02967,L054,ELA03,2025-11-04,ELA03_L08,39,2,75.8,74.7
A02968,L054,ELA03,2025-12-29,ELA03_L06,34,6,62.7,67.1
A02969,L054,ELA03,2026-06-13,ELA03_L11,29,1,47.0,43.1
A02970,L054,ELA03,2026-02-25,ELA03_L08,27,2,47.4,52.0
A02971,L054,ELA03,2025-12-08,ELA03_L01,36,3,63.3,46.6
A02972,L054,MATH03,2026-03-03,MATH03_L12,49,4,67.4,62.3
A02973,L054,MATH03,2025-11-08,MATH03_L05,26,4,51.9,64.8
A02974,L054,MATH03,2025-09-21,MATH03_L08,40,4,65.4,71.5
A02975,L054,MATH03,2026-08-28,MATH03_L08,35,2,58.0,58.2
A02976,L054,MATH03,2026-06-14,MATH03_L05,47,2,66.0,71.7
A02977,L054,MATH03,2026-06-05,MATH03_L12,40,4,75.2,82.2
A02978,L054,MATH03,2026-05-09,MATH03_L04,25,2,73.7,73.6
A02979,L054,MATH03,2026-06-18,MATH03_L03,43,4,46.0,40.8
A02980,L054,MATH03,2026-06-06,MATH03_L06,33,3,60.3,61.9
A02981,L054,MATH03,2026-02-13,MATH03_L12,32,4,67.8,73.1
A02982,L054,MATH03,2026-04-28,MATH03_L05,44,2,58.4,57.3
A02983,L054,MATH03,2026-07-04,MATH03_L09,28,3,71.0,77.6
A02984,L054,MATH03,2025-11-22,MATH03_L02,33,3,56.4,49.8
A02985,L054,MATH03,2026-05-30,MATH03_L03,27,4,81.7,77.0
A02986,L054,MATH03,2026-04-19,MATH03_L05,34,4,54.6,65.7
A02987,L054,MATH03,2026-01-13,MATH03_L09,57,3,75.8,67.8
A02988,L054,MATH02,2026-04-21,MATH02_L01,31,4,66.9,51.4
A02989,L054,MATH02,2026-07-24,MATH02_L09,40,1,82.3,73.7
A02990,L054,MATH02,2026-03-14,MATH02_L12,43,2,69.8,78.4
A02991,L054,MATH02,2025-12-04,MATH02_L01,33,4,47.7,41.1
A02992,L054,MATH02,2026-07-15,MATH02_L14,35,3,51.2,58.8
A02993,L054,MATH02,2026-03-06,MATH02_L13,27,1,56.2,58.3
A02994,L054,MATH02,2026-07-15,MATH02_L04,24,3,62.0,74.3
A02995,L054,MATH02,2026-02-12,MATH02_L12,36,3,61.6,47.1
A02996,L054,MATH02,2025-10-03,MATH02_L11,30,4,79.8,89.0
A02997,L054,MATH02,2026-06-03,MATH02_L14,38,3,62.2,45.2
A02998,L054,MATH02,2026-03-18,MATH02_L04,29,3,60.6,45.0
A02999,L054,MATH02,2026-05-27,MATH02_L11,46,4,72.3,87.6
A03000,L054,MATH02,2026-05-13,MATH02_L13,28,2,60.5,68.3
A03001,L054,MATH02,2026-06-10,MATH02_L03,33,4,65.1,70.0
A03002,L054,MATH02,2026-07-11,MATH02_L05,28,4,56.6,69.1
A03003,L055,READ01,2026-03-29,READ01_L11,49,5,69.6,74.9
A03004,L055,READ01,2026-02-12,READ01_L02,24,3,58.4,67.5
A03005,L055,READ01,2025-10-20,READ01_L09,37,4,79.8,76.8
A03006,L055,READ01,2026-08-04,READ01_L02,41,1,70.1,65.2
A03007,L055,READ01,2025-09-23,READ01_L14,36,2,72.7,43.6
A03008,L055,READ01,2025-11-06,READ01_L03,33,2,62.2,63.9
A03009,L055,READ01,2025-09-17,READ01_L04,39,1,69.2,53.4
A03010,L055,READ01,2025-10-25,READ01_L08,39,4,62.7,68.4
A03011,L055,READ01,2025-12-08,READ01_L02,31,3,62.1,71.3
A03012,L055,READ01,2025-09-17,READ01_L10,41,3,57.8,57.2
A03013,L055,READ01,2026-07-26,READ01_L14,23,3,59.9,55.9
A03014,L055,READ01,2026-03-18,READ01_L11,32,4,46.2,53.0
A03015,L055,READ01,2026-05-09,READ01_L09,34,3,61.2,63.0
A03016,L055,READ01,2026-07-17,READ01_L12,42,4,77.5,71.6
A03017,L055,READ01,2026-06-30,READ01_L05,21,3,71.2,78.2
A03018,L055,MATH04,2026-03-07,MATH04_L08,39,4,71.1,68.7
A03019,L055,MATH04,2026-07-08,MATH04_L03,26,2,69.5,70.2
A03020,L055,MATH04,2025-09-07,MATH04_L07,19,4,66.5,75.8
A03021,L055,MATH04,2026-08-02,MATH04_L16,53,3,64.5,60.2
A03022,L055,MATH04,2025-10-11,MATH04_L15,33,3,62.0,45.1
A03023,L055,MATH04,2026-07-25,MATH04_L02,33,4,60.8,87.2
A03024,L055,MATH04,2026-03-04,MATH04_L14,28,3,75.8,73.9
A03025,L055,MATH04,2026-03-08,MATH04_L02,33,2,79.4,73.4
A03026,L055,MATH04,2026-07-13,MATH04_L09,40,3,71.2,79.4
A03027,L055,MATH04,2026-05-29,MATH04_L02,35,4,47.0,37.0
A03028,L055,SCI03,2026-02-03,SCI03_L02,19,5,58.5,49.8
A03029,L055,SCI03,2025-12-20,SCI03_L09,39,5,67.1,65.2
A03030,L055,SCI03,2025-10-20,SCI03_L02,35,5,60.8,58.8
A03031,L055,SCI03,2025-12-28,SCI03_L09,22,2,57.5,67.9
A03032,L055,SCI03,2026-03-17,SCI03_L04,29,3,62.6,63.6
A03033,L055,SCI03,2025-12-08,SCI03_L09,32,5,63.2,81.7
A03034,L055,SCI03,2026-08-03,SCI03_L04,37,2,52.3,49.3
A03035,L055,SCI03,2026-06-19,SCI03_L11,32,3,67.6,75.7
A03036,L055,SCI03,2025-12-01,SCI03_L09,29,3,67.5,50.2
A03037,L055,SCI03,2026-06-13,SCI03_L07,50,2,58.3,44.0
A03038,L055,SCI03,2025-10-25,SCI03_L13,33,3,67.7,84.6
A03039,L055,ELA04,2026-08-12,ELA04_L15,30,3,69.5,63.5
A03040,L055,ELA04,2026-08-26,ELA04_L14,32,1,72.1,71.6
A03041,L055,ELA04,2025-10-24,ELA04_L06,52,2,52.9,50.9
A03042,L055,ELA04,2025-12-02,ELA04_L13,32,3,67.2,72.3
A03043,L055,ELA04,2026-05-17,ELA04_L11,40,5,77.4,64.8
A03044,L055,ELA04,2026-08-03,ELA04_L06,35,4,67.7,84.2
A03045,L055,ELA04,2026-06-01,ELA04_L15,31,4,63.4,42.0
A03046,L055,ELA04,2026-02-28,ELA04_L11,33,2,63.3,75.9
A03047,L055,ELA04,2026-06-09,ELA04_L11,33,4,56.7,72.9
A03048,L055,ELA04,2026-03-10,ELA04_L14,42,4,65.1,66.5
A03049,L055,ELA04,2026-07-22,ELA04_L14,23,3,56.4,49.9
A03050,L055,ELA04,2026-02-13,ELA04_L08,40,3,72.5,58.6
A03051,L055,ELA04,2026-06-16,ELA04_L07,26,2,69.2,57.5
A03052,L055,ELA04,2026-03-12,ELA04_L09,43,3,64.0,58.7
A03053,L055,ELA04,2026-03-04,ELA04_L15,38,2,52.9,54.4
A03054,L056,SCI01,2026-03-23,SCI01_L01,47,4,82.0,81.3
A03055,L056,SCI01,2025-09-18,SCI01_L05,57,5,88.8,87.7
A03056,L056,SCI01,2026-07-03,SCI01_L01,36,3,84.9,78.3
A03057,L056,SCI01,2026-05-24,SCI01_L03,45,3,78.7,94.7
A03058,L056,SCI01,2026-02-02,SCI01_L01,40,4,90.9,84.2
A03059,L056,SCI01,2026-02-01,SCI01_L04,49,4,87.0,68.6
A03060,L056,SCI01,2025-12-19,SCI01_L06,43,3,90.5,81.7
A03061,L056,SCI01,2025-09-12,SCI01_L12,34,4,78.0,74.8
A03062,L056,SCI01,2026-01-20,SCI01_L09,34,4,79.7,81.7
A03063,L056,SCI01,2026-05-20,SCI01_L09,49,5,82.3,63.2
A03064,L056,SCI01,2026-06-20,SCI01_L10,45,4,89.1,71.1
A03065,L056,SCI01,2025-11-19,SCI01_L02,40,3,84.9,67.5
A03066,L056,SCI01,2025-09-20,SCI01_L08,38,4,84.2,83.2
A03067,L056,SCI01,2026-03-02,SCI01_L03,36,5,76.0,71.8
A03068,L056,SCI01,2025-11-10,SCI01_L05,36,3,71.5,74.7
A03069,L056,SCI01,2026-03-07,SCI01_L10,27,5,87.4,74.1
A03070,L056,SCI01,2026-01-06,SCI01_L04,40,3,97.3,83.6
A03071,L056,MATH01,2026-02-01,MATH01_L02,37,4,87.6,100.0
A03072,L056,MATH01,2026-06-20,MATH01_L07,40,6,79.3,82.5
A03073,L056,MATH01,2026-06-19,MATH01_L04,44,3,72.0,88.9
A03074,L056,MATH01,2025-10-10,MATH01_L12,64,6,78.3,68.7
A03075,L056,MATH01,2026-02-14,MATH01_L08,46,5,85.0,90.3
A03076,L056,MATH01,2025-11-28,MATH01_L08,39,4,94.9,90.7
A03077,L056,MATH01,2026-08-20,MATH01_L12,43,5,91.7,100.0
A03078,L056,MATH01,2026-06-23,MATH01_L02,42,4,68.5,88.5
A03079,L056,MATH01,2026-07-02,MATH01_L11,52,4,72.6,78.5
A03080,L056,MATH01,2026-02-01,MATH01_L01,44,5,98.3,100.0
A03081,L056,MATH01,2026-06-23,MATH01_L07,40,4,81.0,80.5
A03082,L056,MATH01,2025-10-11,MATH01_L01,43,4,66.2,62.1
A03083,L056,MATH01,2026-02-19,MATH01_L06,28,6,86.6,85.4
A03084,L056,MATH01,2026-04-11,MATH01_L07,32,4,83.7,100.0
A03085,L056,ELA01,2025-12-26,ELA01_L12,47,5,93.2,88.8
A03086,L056,ELA01,2026-08-01,ELA01_L10,38,4,73.3,85.8
A03087,L056,ELA01,2025-09-06,ELA01_L11,53,5,87.3,81.9
A03088,L056,ELA01,2026-07-21,ELA01_L07,51,6,70.5,54.1
A03089,L056,ELA01,2025-09-28,ELA01_L05,43,4,96.9,100.0
A03090,L056,ELA01,2026-05-27,ELA01_L01,45,5,95.6,100.0
A03091,L056,ELA01,2026-02-11,ELA01_L09,40,3,81.7,77.7
A03092,L056,ELA01,2026-06-17,ELA01_L03,35,4,81.9,78.0
A03093,L056,ELA01,2026-02-15,ELA01_L09,27,4,88.9,90.5
A03094,L056,ELA01,2026-08-24,ELA01_L04,39,3,82.4,86.7
A03095,L056,ELA01,2025-11-18,ELA01_L01,44,5,90.0,92.5
A03096,L056,READ01,2026-04-17,READ01_L13,41,5,88.7,69.8
A03097,L056,READ01,2026-07-02,READ01_L10,53,2,77.7,76.0
A03098,L056,READ01,2026-05-17,READ01_L02,39,4,94.2,95.8
A03099,L056,READ01,2025-12-23,READ01_L07,40,4,82.0,95.3
A03100,L056,READ01,2026-01-27,READ01_L13,39,3,96.3,90.0
A03101,L056,READ01,2026-03-21,READ01_L03,44,3,83.4,74.2
A03102,L056,READ01,2025-11-07,READ01_L06,47,4,89.0,73.0
A03103,L056,READ01,2025-10-13,READ01_L08,46,4,100.0,100.0
A03104,L056,READ01,2026-06-20,READ01_L12,47,4,83.9,85.0
A03105,L056,READ01,2025-09-26,READ01_L09,28,6,84.0,72.7
A03106,L056,READ01,2026-03-24,READ01_L05,38,3,74.0,73.4
A03107,L056,READ01,2025-10-14,READ01_L07,48,5,90.4,86.7
A03108,L056,READ01,2026-05-15,READ01_L07,43,2,85.3,92.1
A03109,L056,READ01,2026-08-24,READ01_L03,56,4,73.2,71.0
A03110,L056,READ01,2025-11-09,READ01_L08,35,7,78.7,90.0
A03111,L056,READ01,2026-06-14,READ01_L04,52,5,72.5,69.1
A03112,L057,MATH04,2026-03-22,MATH04_L07,34,5,68.4,58.9
A03113,L057,MATH04,2026-06-15,MATH04_L08,31,2,67.1,93.4
A03114,L057,MATH04,2026-01-03,MATH04_L03,36,2,56.5,51.7
A03115,L057,MATH04,2026-01-15,MATH04_L14,28,4,69.3,66.1
A03116,L057,MATH04,2026-02-13,MATH04_L03,45,3,75.2,76.2
A03117,L057,MATH04,2025-10-28,MATH04_L14,39,3,67.4,69.7
A03118,L057,MATH04,2026-04-05,MATH04_L12,35,5,64.0,71.8
A03119,L057,MATH04,2026-02-26,MATH04_L07,40,3,71.6,75.4
A03120,L057,MATH04,2026-02-12,MATH04_L12,44,1,57.3,56.2
A03121,L057,MATH04,2026-07-02,MATH04_L01,23,4,75.1,66.9
A03122,L057,MATH04,2026-02-04,MATH04_L06,42,3,63.0,38.6
A03123,L057,MATH04,2026-02-27,MATH04_L15,42,4,58.1,79.1
A03124,L057,MATH04,2026-07-17,MATH04_L05,32,6,79.4,79.7
A03125,L057,MATH04,2026-04-14,MATH04_L02,29,1,58.3,77.5
A03126,L057,MATH04,2025-12-29,MATH04_L07,26,3,78.7,79.9
A03127,L057,MATH04,2026-08-17,MATH04_L12,20,3,58.3,54.4
A03128,L057,MATH04,2025-11-19,MATH04_L03,36,5,62.8,59.2
A03129,L057,SCI03,2025-09-28,SCI03_L04,40,4,67.3,59.9
A03130,L057,SCI03,2026-07-15,SCI03_L15,39,2,66.7,81.9
A03131,L057,SCI03,2025-11-15,SCI03_L14,29,3,77.4,85.1
A03132,L057,SCI03,2026-01-26,SCI03_L01,38,3,61.6,44.0
A03133,L057,SCI03,2026-02-23,SCI03_L12,25,4,69.6,61.6
A03134,L057,SCI03,2025-10-27,SCI03_L05,45,4,64.7,51.7
A03135,L057,SCI03,2026-04-19,SCI03_L08,29,4,57.8,62.1
A03136,L057,SCI03,2025-09-12,SCI03_L06,25,4,59.2,57.0
A03137,L057,SCI03,2025-12-17,SCI03_L12,35,5,83.2,69.2
A03138,L057,SCI03,2026-06-03,SCI03_L04,25,4,53.4,74.4
A03139,L057,SCI03,2025-12-14,SCI03_L09,31,2,59.7,38.0
A03140,L057,ELA04,2026-01-11,ELA04_L16,36,3,71.7,54.9
A03141,L057,ELA04,2026-07-16,ELA04_L05,30,4,79.1,61.6
A03142,L057,ELA04,2026-08-22,ELA04_L01,37,4,64.4,66.3
A03143,L057,ELA04,2026-03-12,ELA04_L02,25,3,69.9,71.3
A03144,L057,ELA04,2026-01-09,ELA04_L06,35,2,67.8,52.0
A03145,L057,ELA04,2025-10-01,ELA04_L10,41,4,48.2,58.4
A03146,L057,ELA04,2025-12-12,ELA04_L09,17,2,68.4,70.5
A03147,L057,ELA04,2025-09-28,ELA04_L15,33,4,67.0,67.2
A03148,L057,ELA04,2026-08-02,ELA04_L01,29,4,66.9,61.8
A03149,L057,ELA04,2025-10-05,ELA04_L13,28,3,55.3,67.2
A03150,L057,ELA04,2026-08-05,ELA04_L09,33,2,65.6,75.0
A03151,L057,ELA04,2026-08-06,ELA04_L12,33,5,60.7,66.8
A03152,L057,ELA04,2025-10-26,ELA04_L01,20,3,52.9,38.4
A03153,L057,ELA04,2026-01-28,ELA04_L13,35,3,71.1,62.7
A03154,L057,ELA04,2025-12-28,ELA04_L13,57,3,79.9,84.1
A03155,L057,ELA04,2026-05-19,ELA04_L04,32,2,66.7,53.7
A03156,L057,ELA04,2026-02-09,ELA04_L16,38,3,56.9,25.9
A03157,L057,ELA04,2026-07-03,ELA04_L03,34,5,69.5,74.0
A03158,L057,READ01,2025-12-11,READ01_L09,16,3,54.1,46.6
A03159,L057,READ01,2026-04-23,READ01_L09,34,4,73.5,57.6
A03160,L057,READ01,2026-08-31,READ01_L01,40,1,73.7,89.5
A03161,L057,READ01,2025-09-21,READ01_L04,37,2,66.7,82.0
A03162,L057,READ01,2026-05-30,READ01_L05,41,4,56.5,44.8
A03163,L057,READ01,2026-02-18,READ01_L08,36,4,81.8,63.5
A03164,L057,READ01,2026-03-21,READ01_L12,24,4,82.9,71.0
A03165,L057,READ01,2025-11-20,READ01_L01,41,4,61.0,45.7
A03166,L057,READ01,2026-02-25,READ01_L11,43,2,74.7,93.9
A03167,L057,READ01,2026-02-28,READ01_L06,29,4,54.3,44.1
A03168,L057,READ01,2026-07-18,READ01_L05,36,3,68.1,78.1
A03169,L057,READ01,2025-12-30,READ01_L09,36,4,64.1,73.6
A03170,L058,MATH03,2025-10-02,MATH03_L11,28,4,80.4,69.8
A03171,L058,MATH03,2026-01-10,MATH03_L07,36,3,63.8,73.3
A03172,L058,MATH03,2025-09-16,MATH03_L09,22,3,80.6,63.1
A03173,L058,MATH03,2026-01-22,MATH03_L04,40,3,70.4,63.3
A03174,L058,MATH03,2025-11-17,MATH03_L06,18,5,84.5,77.9
A03175,L058,MATH03,2026-03-21,MATH03_L11,33,5,73.4,58.7
A03176,L058,MATH03,2025-11-10,MATH03_L02,41,2,74.2,63.1
A03177,L058,MATH03,2026-03-15,MATH03_L09,30,3,72.9,68.7
A03178,L058,MATH03,2026-08-14,MATH03_L10,34,5,79.3,67.3
A03179,L058,MATH03,2026-07-18,MATH03_L11,52,3,64.1,48.3
A03180,L058,MATH03,2025-12-26,MATH03_L07,45,3,60.1,57.1
A03181,L058,MATH03,2026-01-02,MATH03_L10,45,4,72.8,100.0
A03182,L058,MATH03,2025-11-18,MATH03_L07,45,5,75.1,74.7
A03183,L058,MATH03,2026-02-07,MATH03_L10,39,4,69.4,62.5
A03184,L058,ELA03,2026-04-18,ELA03_L09,47,6,75.4,85.7
A03185,L058,ELA03,2025-11-07,ELA03_L04,32,4,89.0,100.0
A03186,L058,ELA03,2026-08-01,ELA03_L03,33,5,66.9,55.2
A03187,L058,ELA03,2026-06-25,ELA03_L09,49,5,63.3,68.5
A03188,L058,ELA03,2026-08-17,ELA03_L04,33,4,73.7,92.7
A03189,L058,ELA03,2025-11-10,ELA03_L05,54,3,76.0,75.7
A03190,L058,ELA03,2026-08-19,ELA03_L12,28,4,71.1,76.1
A03191,L058,ELA03,2026-05-27,ELA03_L03,54,4,78.3,92.1
A03192,L058,ELA03,2026-04-09,ELA03_L03,50,6,74.6,81.0
A03193,L058,ELA03,2026-08-02,ELA03_L10,32,4,66.1,71.6
A03194,L058,ELA03,2025-11-20,ELA03_L06,40,4,79.7,72.0
A03195,L058,ELA03,2025-10-05,ELA03_L09,52,5,77.3,83.7
A03196,L058,ELA03,2026-05-31,ELA03_L12,34,3,82.3,73.3
A03197,L058,ELA03,2025-10-31,ELA03_L03,33,5,73.1,67.4
A03198,L058,ELA03,2026-02-10,ELA03_L03,52,3,67.7,69.5
A03199,L058,SCI02,2026-02-11,SCI02_L07,28,5,77.7,85.3
A03200,L058,SCI02,2026-03-30,SCI02_L05,31,4,86.5,87.0
A03201,L058,SCI02,2026-04-15,SCI02_L12,25,4,76.2,59.1
A03202,L058,SCI02,2026-07-24,SCI02_L12,20,2,76.9,86.8
A03203,L058,SCI02,2026-01-19,SCI02_L03,29,5,69.7,73.6
A03204,L058,SCI02,2025-12-06,SCI02_L02,35,6,81.1,73.8
A03205,L058,SCI02,2025-11-07,SCI02_L03,36,2,88.0,93.8
A03206,L058,SCI02,2025-09-14,SCI02_L13,28,3,76.6,76.3
A03207,L058,SCI02,2026-07-11,SCI02_L10,17,5,76.9,70.9
A03208,L058,SCI02,2026-01-15,SCI02_L10,44,4,63.4,78.0
A03209,L058,READ01,2026-07-03,READ01_L04,37,4,77.6,83.4
A03210,L058,READ01,2025-12-28,READ01_L11,30,4,70.8,69.0
A03211,L058,READ01,2025-09-14,READ01_L06,45,4,74.3,74.5
A03212,L058,READ01,2025-10-11,READ01_L12,40,4,69.3,80.1
A03213,L058,READ01,2026-05-03,READ01_L03,33,4,69.4,72.5
A03214,L058,READ01,2026-05-16,READ01_L14,47,2,66.8,76.2
A03215,L058,READ01,2026-07-07,READ01_L08,52,2,64.0,77.8
A03216,L058,READ01,2026-08-31,READ01_L11,34,4,73.4,81.0
A03217,L058,READ01,2026-03-11,READ01_L03,30,4,66.8,46.4
A03218,L058,READ01,2026-03-18,READ01_L08,61,3,69.4,83.2
A03219,L058,READ01,2026-05-01,READ01_L03,41,4,69.4,82.9
A03220,L058,READ01,2025-11-23,READ01_L04,53,3,72.5,75.3
A03221,L058,READ01,2025-12-25,READ01_L01,28,3,76.0,78.0
A03222,L059,MATH03,2025-09-08,MATH03_L05,60,3,81.5,95.6
A03223,L059,MATH03,2026-03-31,MATH03_L04,40,3,91.8,82.6
A03224,L059,MATH03,2026-08-10,MATH03_L04,26,3,80.8,63.0
A03225,L059,MATH03,2025-12-14,MATH03_L02,45,5,95.7,100.0
A03226,L059,MATH03,2025-11-30,MATH03_L08,52,4,86.3,87.5
A03227,L059,MATH03,2026-07-13,MATH03_L08,29,7,90.9,91.2
A03228,L059,MATH03,2026-08-19,MATH03_L06,50,5,86.1,86.5
A03229,L059,MATH03,2026-04-23,MATH03_L04,28,4,86.0,92.2
A03230,L059,MATH03,2026-04-07,MATH03_L07,50,4,88.5,71.8
A03231,L059,MATH03,2025-09-22,MATH03_L10,51,5,93.4,91.4
A03232,L059,MATH03,2026-03-14,MATH03_L12,67,4,93.3,77.5
A03233,L059,MATH03,2026-02-08,MATH03_L07,45,3,80.2,82.3
A03234,L059,MATH03,2026-07-11,MATH03_L12,52,6,88.0,98.3
A03235,L059,MATH03,2026-06-20,MATH03_L10,47,5,67.6,70.7
A03236,L059,MATH03,2026-06-02,MATH03_L09,34,3,71.1,46.9
A03237,L059,MATH03,2026-07-26,MATH03_L12,34,7,84.9,82.9
A03238,L059,SCI02,2026-05-25,SCI02_L02,27,4,95.3,96.4
A03239,L059,SCI02,2026-04-20,SCI02_L08,37,4,77.7,74.9
A03240,L059,SCI02,2025-09-22,SCI02_L04,43,5,99.8,100.0
A03241,L059,SCI02,2026-05-24,SCI02_L09,39,4,89.8,91.8
A03242,L059,SCI02,2026-03-22,SCI02_L12,49,4,94.2,100.0
A03243,L059,SCI02,2025-09-21,SCI02_L09,40,4,83.4,81.2
A03244,L059,SCI02,2026-03-18,SCI02_L09,41,4,95.7,78.3
A03245,L059,SCI02,2026-07-20,SCI02_L01,38,3,82.5,82.7
A03246,L059,SCI02,2025-12-07,SCI02_L05,41,4,81.5,70.0
A03247,L059,SCI02,2026-04-14,SCI02_L07,41,5,81.7,84.8
A03248,L059,ELA02,2026-01-25,ELA02_L08,43,6,79.6,90.6
A03249,L059,ELA02,2025-11-25,ELA02_L07,46,6,89.3,100.0
A03250,L059,ELA02,2026-01-29,ELA02_L10,49,3,89.5,71.4
A03251,L059,ELA02,2025-09-28,ELA02_L12,41,4,86.2,96.1
A03252,L059,ELA02,2026-05-23,ELA02_L03,36,4,70.0,50.4
A03253,L059,ELA02,2026-04-26,ELA02_L14,29,4,96.9,100.0
A03254,L059,ELA02,2026-07-28,ELA02_L08,31,5,90.1,93.6
A03255,L059,ELA02,2025-10-17,ELA02_L12,43,4,100.0,89.7
A03256,L059,ELA02,2026-05-15,ELA02_L02,33,6,79.0,79.2
A03257,L059,ELA02,2025-12-02,ELA02_L13,52,2,89.4,100.0
A03258,L059,ELA02,2026-06-27,ELA02_L12,43,3,85.4,76.3
A03259,L059,ELA02,2026-06-07,ELA02_L03,59,5,88.8,100.0
A03260,L059,ELA02,2026-03-21,ELA02_L07,35,3,83.4,77.5
A03261,L059,ELA02,2026-02-13,ELA02_L08,34,4,68.5,66.4
A03262,L059,MATH02,2025-12-01,MATH02_L08,43,4,86.0,79.0
A03263,L059,MATH02,2026-06-30,MATH02_L12,35,3,69.2,74.8
A03264,L059,MATH02,2025-12-13,MATH02_L08,47,5,92.2,90.6
A03265,L059,MATH02,2025-10-17,MATH02_L05,34,3,80.8,92.7
A03266,L059,MATH02,2026-02-13,MATH02_L12,30,3,83.5,73.1
A03267,L059,MATH02,2026-07-30,MATH02_L12,49,4,85.3,58.2
A03268,L059,MATH02,2025-11-23,MATH02_L12,39,4,83.4,75.9
A03269,L059,MATH02,2025-11-03,MATH02_L02,41,4,86.7,91.6
A03270,L059,MATH02,2025-10-29,MATH02_L12,36,6,81.5,88.2
A03271,L059,MATH02,2026-04-19,MATH02_L11,50,5,91.5,100.0
A03272,L060,MATH02,2025-10-14,MATH02_L09,38,3,59.2,79.3
A03273,L060,MATH02,2026-08-29,MATH02_L07,31,4,79.2,81.3
A03274,L060,MATH02,2026-05-20,MATH02_L10,28,4,75.5,72.7
A03275,L060,MATH02,2025-11-21,MATH02_L07,30,3,74.1,88.2
A03276,L060,MATH02,2026-06-09,MATH02_L07,28,4,63.4,54.1
A03277,L060,MATH02,2025-09-23,MATH02_L13,37,2,64.7,52.6
A03278,L060,MATH02,2025-11-27,MATH02_L06,40,3,88.3,93.3
A03279,L060,MATH02,2026-06-17,MATH02_L14,44,3,76.4,88.1
A03280,L060,MATH02,2026-08-04,MATH02_L14,28,4,55.5,59.5
A03281,L060,MATH02,2025-11-16,MATH02_L03,38,3,64.5,61.2
A03282,L060,MATH02,2025-11-14,MATH02_L03,43,3,80.0,67.3
A03283,L060,MATH02,2026-08-31,MATH02_L01,36,3,68.5,81.0
A03284,L060,MATH02,2026-04-03,MATH02_L05,39,2,74.6,88.6
A03285,L060,MATH02,2026-02-06,MATH02_L12,43,5,49.3,44.1
A03286,L060,MATH02,2026-04-17,MATH02_L05,36,4,82.0,86.1
A03287,L060,ELA02,2025-10-31,ELA02_L03,47,4,97.3,86.4
A03288,L060,ELA02,2025-12-13,ELA02_L01,30,4,73.0,74.7
A03289,L060,ELA02,2026-07-16,ELA02_L13,37,3,62.8,64.6
A03290,L060,ELA02,2026-01-08,ELA02_L01,36,4,65.0,64.3
A03291,L060,ELA02,2026-04-23,ELA02_L08,38,4,68.7,55.4
A03292,L060,ELA02,2026-05-14,ELA02_L09,47,4,73.9,74.6
A03293,L060,ELA02,2025-09-03,ELA02_L10,40,4,76.9,52.7
A03294,L060,ELA02,2026-05-11,ELA02_L04,44,2,59.4,64.2
A03295,L060,ELA02,2025-12-21,ELA02_L10,28,4,69.0,71.4
A03296,L060,ELA02,2026-08-04,ELA02_L08,31,5,88.7,92.9
A03297,L060,ELA02,2026-04-21,ELA02_L07,42,4,66.5,67.0
A03298,L060,ELA02,2026-04-15,ELA02_L02,31,3,74.0,83.1
A03299,L060,READ01,2026-01-04,READ01_L09,35,4,70.0,73.2
A03300,L060,READ01,2026-01-21,READ01_L10,46,4,60.4,58.0
A03301,L060,READ01,2026-07-19,READ01_L09,38,4,75.3,81.7
A03302,L060,READ01,2025-12-16,READ01_L01,47,4,77.6,75.6
A03303,L060,READ01,2025-12-04,READ01_L03,49,3,62.8,57.2
A03304,L060,READ01,2025-09-29,READ01_L11,39,4,57.9,39.7
A03305,L060,READ01,2026-02-26,READ01_L01,32,6,75.5,68.6
A03306,L060,READ01,2025-11-14,READ01_L14,29,5,68.3,63.9
A03307,L060,READ01,2025-09-17,READ01_L11,42,2,66.0,73.5
A03308,L060,READ01,2026-06-23,READ01_L14,41,4,86.1,96.5
A03309,L060,ELA03,2026-02-17,ELA03_L02,46,4,85.5,96.3
A03310,L060,ELA03,2025-09-26,ELA03_L02,42,3,64.7,60.3
A03311,L060,ELA03,2026-04-02,ELA03_L03,39,3,47.2,60.5
A03312,L060,ELA03,2025-11-22,ELA03_L11,45,3,74.9,87.4
A03313,L060,ELA03,2026-01-24,ELA03_L10,42,4,88.7,90.7
A03314,L060,ELA03,2026-08-05,ELA03_L12,42,2,67.6,62.6
A03315,L060,ELA03,2026-08-25,ELA03_L10,30,4,57.7,63.7
A03316,L060,ELA03,2026-06-21,ELA03_L09,37,2,72.2,67.8
A03317,L060,ELA03,2025-11-30,ELA03_L08,31,4,66.4,56.0
A03318,L060,ELA03,2026-06-24,ELA03_L06,19,3,67.0,53.9
A03319,L060,ELA03,2025-09-19,ELA03_L02,28,4,72.5,70.7
A03320,L060,ELA03,2026-02-01,ELA03_L06,40,2,85.2,70.0
A03321,L060,ELA03,2026-03-08,ELA03_L07,29,1,72.3,88.5
A03322,L060,ELA03,2025-10-05,ELA03_L07,40,3,77.6,82.7
A03323,L061,MATH04,2025-10-04,MATH04_L10,36,2,59.1,77.3
A03324,L061,MATH04,2026-04-30,MATH04_L05,44,3,52.2,46.3
A03325,L061,MATH04,2025-11-02,MATH04_L09,40,5,66.1,69.8
A03326,L061,MATH04,2026-02-16,MATH04_L14,34,5,57.6,73.8
A03327,L061,MATH04,2026-05-27,MATH04_L07,40,4,72.0,85.9
A03328,L061,MATH04,2026-08-23,MATH04_L07,23,3,61.1,51.3
A03329,L061,MATH04,2026-07-11,MATH04_L02,28,6,56.3,57.9
A03330,L061,MATH04,2025-10-26,MATH04_L03,24,1,67.6,57.8
A03331,L061,MATH04,2026-05-06,MATH04_L10,37,4,76.2,85.1
A03332,L061,MATH04,2026-04-07,MATH04_L11,45,3,60.0,76.9
A03333,L061,MATH04,2026-01-11,MATH04_L12,20,2,68.3,46.8
A03334,L061,MATH04,2025-11-06,MATH04_L16,34,1,74.0,78.5
A03335,L061,MATH04,2026-05-25,MATH04_L16,22,5,60.4,61.7
A03336,L061,MATH04,2026-05-11,MATH04_L06,31,2,62.4,46.7
A03337,L061,MATH04,2026-07-10,MATH04_L08,30,3,75.0,50.5
A03338,L061,MATH04,2026-08-29,MATH04_L10,39,4,54.2,75.2
A03339,L061,MATH04,2025-12-09,MATH04_L01,32,4,75.5,71.7
A03340,L061,MATH04,2025-10-31,MATH04_L01,43,3,81.2,83.6
A03341,L061,READ01,2026-07-18,READ01_L13,39,5,76.3,49.9
A03342,L061,READ01,2025-10-31,READ01_L12,30,5,68.4,87.0
A03343,L061,READ01,2025-12-16,READ01_L13,46,5,65.0,65.9
A03344,L061,READ01,2026-07-13,READ01_L07,34,3,84.5,94.9
A03345,L061,READ01,2026-03-31,READ01_L01,35,5,61.9,62.1
A03346,L061,READ01,2026-02-18,READ01_L06,37,3,51.2,61.5
A03347,L061,READ01,2026-06-14,READ01_L13,46,4,70.3,83.4
A03348,L061,READ01,2026-07-24,READ01_L04,40,5,59.4,51.1
A03349,L061,READ01,2025-09-06,READ01_L11,30,2,79.1,82.7
A03350,L061,READ01,2025-12-13,READ01_L12,41,2,70.4,75.7
A03351,L061,READ01,2026-01-23,READ01_L05,22,2,59.2,50.2
A03352,L061,READ01,2025-10-05,READ01_L05,43,2,68.9,73.1
A03353,L061,READ01,2026-02-01,READ01_L09,39,3,55.3,42.7
A03354,L061,READ01,2026-06-09,READ01_L06,29,3,71.1,44.5
A03355,L061,READ01,2025-09-04,READ01_L02,40,3,72.3,54.0
A03356,L061,READ01,2026-08-18,READ01_L06,29,3,74.4,100.0
A03357,L061,READ01,2026-02-22,READ01_L07,40,4,59.1,63.8
A03358,L061,SCI03,2025-11-29,SCI03_L04,37,4,67.0,66.3
A03359,L061,SCI03,2026-02-17,SCI03_L14,23,4,76.8,86.7
A03360,L061,SCI03,2026-02-21,SCI03_L15,43,3,70.3,47.9
A03361,L061,SCI03,2026-08-11,SCI03_L08,26,3,64.1,49.2
A03362,L061,SCI03,2026-05-01,SCI03_L13,29,1,60.9,69.3
A03363,L061,SCI03,2025-09-19,SCI03_L11,39,3,82.5,81.8
A03364,L061,SCI03,2025-11-09,SCI03_L08,35,3,61.3,51.3
A03365,L061,SCI03,2025-11-19,SCI03_L11,22,4,78.2,77.0
A03366,L061,SCI03,2026-04-24,SCI03_L15,37,3,79.9,76.9
A03367,L061,SCI03,2026-06-02,SCI03_L15,25,2,65.0,43.6
A03368,L061,ELA04,2026-04-25,ELA04_L14,35,4,57.3,33.6
A03369,L061,ELA04,2025-09-29,ELA04_L10,38,3,63.6,56.0
A03370,L061,ELA04,2026-06-17,ELA04_L11,30,3,61.4,63.5
A03371,L061,ELA04,2026-06-12,ELA04_L01,28,3,83.2,82.6
A03372,L061,ELA04,2025-12-16,ELA04_L11,43,1,59.2,52.8
A03373,L061,ELA04,2026-03-01,ELA04_L03,32,2,71.3,76.5
A03374,L061,ELA04,2025-11-16,ELA04_L09,36,2,72.0,77.4
A03375,L061,ELA04,2025-09-16,ELA04_L11,40,5,61.5,30.2
A03376,L061,ELA04,2026-03-12,ELA04_L06,20,6,65.6,60.0
A03377,L061,ELA04,2026-06-20,ELA04_L13,34,2,70.7,59.6
A03378,L061,ELA04,2025-12-05,ELA04_L04,42,5,77.4,78.1
A03379,L061,ELA04,2026-02-05,ELA04_L11,32,3,67.0,54.5
A03380,L061,ELA04,2026-08-30,ELA04_L02,28,4,65.4,67.4
A03381,L061,ELA04,2026-01-18,ELA04_L14,47,3,67.0,76.1
A03382,L061,ELA04,2025-10-15,ELA04_L16,44,4,81.1,77.4
A03383,L062,READ01,2026-03-10,READ01_L08,26,4,74.2,77.4
A03384,L062,READ01,2026-02-02,READ01_L04,44,2,72.5,92.1
A03385,L062,READ01,2026-05-27,READ01_L05,36,3,79.5,85.3
A03386,L062,READ01,2025-11-29,READ01_L02,37,4,84.5,84.7
A03387,L062,READ01,2026-03-11,READ01_L13,33,4,86.6,100.0
A03388,L062,READ01,2025-09-20,READ01_L13,45,3,73.5,71.0
A03389,L062,READ01,2025-12-13,READ01_L02,31,3,84.2,87.3
A03390,L062,READ01,2026-04-16,READ01_L09,33,4,64.4,65.0
A03391,L062,READ01,2025-09-13,READ01_L13,49,3,82.6,83.9
A03392,L062,READ01,2026-05-06,READ01_L09,48,4,77.7,81.2
A03393,L062,READ01,2025-11-18,READ01_L04,42,3,77.7,80.0
A03394,L062,READ01,2026-02-22,READ01_L08,35,4,84.0,81.1
A03395,L062,READ01,2026-05-27,READ01_L05,36,4,53.8,47.7
A03396,L062,MATH04,2025-11-13,MATH04_L04,29,4,63.1,86.8
A03397,L062,MATH04,2026-05-23,MATH04_L05,25,4,83.4,75.4
A03398,L062,MATH04,2025-12-15,MATH04_L02,32,4,67.7,79.2
A03399,L062,MATH04,2026-04-24,MATH04_L13,36,4,71.5,78.4
A03400,L062,MATH04,2026-05-26,MATH04_L04,26,4,81.7,68.9
A03401,L062,MATH04,2025-09-03,MATH04_L10,34,4,71.9,62.3
A03402,L062,MATH04,2025-09-23,MATH04_L03,19,3,60.4,55.2
A03403,L062,MATH04,2026-02-18,MATH04_L15,47,3,66.9,83.9
A03404,L062,MATH04,2025-09-24,MATH04_L04,21,4,85.3,80.5
A03405,L062,MATH04,2026-05-25,MATH04_L10,25,4,49.0,73.3
A03406,L062,MATH04,2025-09-12,MATH04_L10,39,4,79.5,99.7
A03407,L062,MATH04,2026-07-25,MATH04_L07,32,2,89.5,64.3
A03408,L062,MATH04,2026-02-12,MATH04_L07,36,4,82.9,61.4
A03409,L062,MATH04,2025-12-08,MATH04_L10,34,4,66.3,61.5
A03410,L062,MATH04,2026-01-20,MATH04_L11,30,5,64.0,67.0
A03411,L062,SCI03,2026-08-10,SCI03_L02,29,1,77.2,70.9
A03412,L062,SCI03,2026-01-18,SCI03_L03,39,7,65.4,73.7
A03413,L062,SCI03,2025-11-20,SCI03_L05,41,3,94.2,98.4
A03414,L062,SCI03,2025-10-29,SCI03_L01,51,3,86.6,89.6
A03415,L062,SCI03,2026-07-16,SCI03_L09,43,5,60.9,61.4
A03416,L062,SCI03,2026-05-22,SCI03_L02,39,4,67.0,68.0
A03417,L062,SCI03,2025-12-15,SCI03_L09,35,5,73.7,82.6
A03418,L062,SCI03,2026-02-27,SCI03_L09,28,3,64.5,73.3
A03419,L062,SCI03,2026-02-11,SCI03_L05,31,4,73.5,69.5
A03420,L062,SCI03,2025-11-12,SCI03_L12,39,3,79.4,82.1
A03421,L062,SCI03,2026-01-24,SCI03_L10,32,4,82.8,82.0
A03422,L062,SCI03,2026-01-04,SCI03_L03,31,4,75.7,89.0
A03423,L062,SCI03,2025-10-07,SCI03_L05,26,2,64.8,50.8
A03424,L062,SCI03,2026-07-11,SCI03_L15,25,3,77.1,84.5
A03425,L062,SCI03,2026-02-21,SCI03_L09,33,4,75.7,76.9
A03426,L062,SCI03,2026-04-16,SCI03_L01,35,6,70.5,80.2
A03427,L062,SCI03,2025-11-06,SCI03_L01,32,4,92.2,76.2
A03428,L062,ELA04,2026-08-12,ELA04_L02,51,3,65.8,88.9
A03429,L062,ELA04,2025-10-25,ELA04_L13,28,3,62.4,61.6
A03430,L062,ELA04,2025-09-28,ELA04_L03,40,3,79.7,78.1
A03431,L062,ELA04,2026-04-07,ELA04_L13,29,3,69.8,82.1
A03432,L062,ELA04,2025-12-01,ELA04_L15,49,3,57.7,48.4
A03433,L062,ELA04,2026-07-13,ELA04_L12,48,5,78.2,84.3
A03434,L062,ELA04,2026-02-07,ELA04_L11,22,3,81.0,70.1
A03435,L062,ELA04,2025-12-11,ELA04_L03,33,4,82.1,88.5
A03436,L062,ELA04,2026-04-27,ELA04_L05,31,5,65.4,56.1
A03437,L062,ELA04,2025-10-18,ELA04_L15,30,3,73.3,72.8
A03438,L062,ELA04,2025-10-20,ELA04_L15,29,4,66.1,55.9
A03439,L062,ELA04,2026-02-06,ELA04_L15,29,4,65.8,77.2
A03440,L062,ELA04,2026-04-29,ELA04_L08,30,6,84.4,72.3
A03441,L062,ELA04,2025-12-24,ELA04_L05,30,3,81.0,72.0
A03442,L062,ELA04,2026-07-13,ELA04_L09,41,4,71.9,60.6
A03443,L062,ELA04,2026-03-06,ELA04_L13,29,4,64.4,61.9
A03444,L062,ELA04,2025-12-03,ELA04_L11,38,6,64.7,58.7
A03445,L063,SCI03,2026-04-21,SCI03_L08,41,3,70.7,78.7
A03446,L063,SCI03,2025-09-16,SCI03_L02,51,4,68.4,60.9
A03447,L063,SCI03,2026-05-02,SCI03_L02,33,5,69.4,54.2
A03448,L063,SCI03,2026-02-27,SCI03_L08,32,4,68.8,65.5
A03449,L063,SCI03,2026-04-25,SCI03_L14,34,4,62.2,54.7
A03450,L063,SCI03,2025-11-27,SCI03_L05,44,4,79.6,82.4
A03451,L063,SCI03,2026-02-26,SCI03_L10,33,5,56.8,51.8
A03452,L063,SCI03,2026-06-22,SCI03_L03,55,6,68.2,73.8
A03453,L063,SCI03,2026-05-19,SCI03_L02,19,3,83.2,77.6
A03454,L063,SCI03,2026-03-27,SCI03_L14,33,1,72.2,76.9
A03455,L063,SCI03,2025-10-25,SCI03_L06,50,3,78.5,68.0
A03456,L063,SCI03,2026-06-12,SCI03_L11,34,5,52.7,45.3
A03457,L063,SCI03,2025-10-07,SCI03_L13,35,4,91.3,74.9
A03458,L063,SCI03,2026-02-02,SCI03_L09,21,4,76.4,85.1
A03459,L063,SCI03,2026-04-25,SCI03_L07,29,4,85.0,91.8
A03460,L063,ELA04,2026-01-01,ELA04_L08,30,1,77.7,81.8
A03461,L063,ELA04,2026-06-08,ELA04_L06,32,4,72.9,72.4
A03462,L063,ELA04,2026-05-05,ELA04_L13,21,3,63.6,92.3
A03463,L063,ELA04,2025-10-04,ELA04_L11,38,4,79.9,76.9
A03464,L063,ELA04,2025-12-16,ELA04_L14,33,4,83.5,79.3
A03465,L063,ELA04,2026-04-11,ELA04_L11,43,5,89.6,82.6
A03466,L063,ELA04,2026-06-06,ELA04_L08,34,4,82.6,100.0
A03467,L063,ELA04,2025-11-28,ELA04_L03,38,4,65.8,72.0
A03468,L063,ELA04,2026-08-31,ELA04_L16,53,2,70.5,88.0
A03469,L063,ELA04,2025-10-29,ELA04_L15,52,2,83.8,73.4
A03470,L063,ELA04,2026-02-14,ELA04_L04,22,2,86.1,80.2
A03471,L063,ELA04,2026-04-16,ELA04_L06,49,4,75.7,68.4
A03472,L063,ELA04,2026-02-05,ELA04_L13,40,4,76.6,74.5
A03473,L063,ELA04,2025-10-06,ELA04_L04,29,5,58.5,60.7
A03474,L063,ELA04,2026-08-17,ELA04_L13,46,3,71.5,68.8
A03475,L063,ELA04,2026-02-15,ELA04_L16,33,4,75.2,73.0
A03476,L063,READ01,2025-10-17,READ01_L04,38,2,62.9,64.9
A03477,L063,READ01,2025-11-11,READ01_L10,34,3,85.1,83.6
A03478,L063,READ01,2026-07-23,READ01_L13,41,4,67.5,88.0
A03479,L063,READ01,2025-09-01,READ01_L13,36,4,83.4,78.7
A03480,L063,READ01,2025-11-15,READ01_L11,34,4,74.4,91.6
A03481,L063,READ01,2025-11-16,READ01_L08,44,5,80.5,87.1
A03482,L063,READ01,2026-05-31,READ01_L05,50,6,65.0,62.2
A03483,L063,READ01,2026-03-19,READ01_L10,42,4,71.2,68.7
A03484,L063,READ01,2026-06-23,READ01_L08,39,4,64.1,72.8
A03485,L063,READ01,2025-12-10,READ01_L04,35,5,76.9,77.7
A03486,L063,MATH04,2026-02-01,MATH04_L10,35,2,70.4,68.2
A03487,L063,MATH04,2026-04-11,MATH04_L12,39,5,79.6,76.5
A03488,L063,MATH04,2025-10-16,MATH04_L01,43,6,78.0,79.8
A03489,L063,MATH04,2026-07-11,MATH04_L13,44,6,65.8,61.9
A03490,L063,MATH04,2025-11-05,MATH04_L10,47,5,80.9,82.4
A03491,L063,MATH04,2025-10-02,MATH04_L12,36,4,68.5,79.4
A03492,L063,MATH04,2026-06-09,MATH04_L02,34,4,76.8,87.1
A03493,L063,MATH04,2025-09-01,MATH04_L12,30,4,77.2,88.5
A03494,L063,MATH04,2025-10-27,MATH04_L10,20,5,63.1,69.2
A03495,L063,MATH04,2025-09-16,MATH04_L08,28,4,79.0,82.3
A03496,L063,MATH04,2026-04-10,MATH04_L13,48,4,61.5,56.7
A03497,L063,MATH04,2026-07-18,MATH04_L11,21,4,71.1,74.2
A03498,L063,MATH04,2026-08-31,MATH04_L13,47,2,72.6,65.4
A03499,L063,MATH04,2026-03-27,MATH04_L13,35,4,67.3,72.5
A03500,L063,MATH04,2026-04-11,MATH04_L07,30,5,71.4,100.0
A03501,L064,READ01,2026-05-02,READ01_L03,29,5,70.8,53.4
A03502,L064,READ01,2025-12-06,READ01_L09,30,2,67.0,63.6
A03503,L064,READ01,2026-03-16,READ01_L14,35,4,62.7,55.3
A03504,L064,READ01,2026-03-04,READ01_L14,34,4,66.7,64.9
A03505,L064,READ01,2026-04-02,READ01_L03,40,4,76.2,92.9
A03506,L064,READ01,2026-01-26,READ01_L14,32,5,60.7,57.6
A03507,L064,READ01,2026-08-10,READ01_L03,34,4,47.1,20.0
A03508,L064,READ01,2025-11-08,READ01_L01,30,4,80.3,77.6
A03509,L064,READ01,2025-10-07,READ01_L11,27,3,59.3,72.4
A03510,L064,READ01,2025-09-09,READ01_L03,31,3,68.5,82.8
A03511,L064,READ01,2026-05-08,READ01_L11,45,4,81.4,84.8
A03512,L064,READ01,2026-04-12,READ01_L03,33,3,59.9,38.0
A03513,L064,SCI03,2025-11-10,SCI03_L11,30,5,78.1,88.7
A03514,L064,SCI03,2026-04-01,SCI03_L14,40,3,74.1,96.4
A03515,L064,SCI03,2026-04-22,SCI03_L15,38,3,70.0,58.8
A03516,L064,SCI03,2026-08-23,SCI03_L10,37,3,73.5,56.2
A03517,L064,SCI03,2026-04-06,SCI03_L10,45,3,59.5,55.4
A03518,L064,SCI03,2025-12-02,SCI03_L08,26,3,81.2,72.0
A03519,L064,SCI03,2026-05-19,SCI03_L07,51,4,82.6,92.0
A03520,L064,SCI03,2026-06-10,SCI03_L14,51,4,65.0,75.2
A03521,L064,SCI03,2026-04-19,SCI03_L07,33,5,68.8,75.3
A03522,L064,SCI03,2026-03-01,SCI03_L04,37,3,81.3,74.3
A03523,L064,SCI03,2025-12-05,SCI03_L07,30,2,70.5,84.9
A03524,L064,ELA04,2026-06-23,ELA04_L16,36,4,65.3,58.2
A03525,L064,ELA04,2025-12-31,ELA04_L09,26,4,81.2,84.2
A03526,L064,ELA04,2026-03-30,ELA04_L12,25,4,69.2,78.1
A03527,L064,ELA04,2025-09-18,ELA04_L02,41,4,64.2,48.9
A03528,L064,ELA04,2026-06-18,ELA04_L16,44,4,62.8,56.0
A03529,L064,ELA04,2026-08-27,ELA04_L12,31,3,62.8,52.6
A03530,L064,ELA04,2025-10-28,ELA04_L16,45,4,55.7,40.4
A03531,L064,ELA04,2026-08-20,ELA04_L03,28,3,70.7,66.6
A03532,L064,ELA04,2025-11-12,ELA04_L09,51,3,66.2,56.5
A03533,L064,ELA04,2026-04-27,ELA04_L03,44,2,63.5,54.4
A03534,L064,MATH04,2026-07-10,MATH04_L03,37,4,81.2,100.0
A03535,L064,MATH04,2026-01-04,MATH04_L16,30,3,71.6,58.0
A03536,L064,MATH04,2026-07-20,MATH04_L03,40,5,79.7,94.2
A03537,L064,MATH04,2026-08-17,MATH04_L10,28,3,66.3,55.9
A03538,L064,MATH04,2026-07-11,MATH04_L02,44,3,71.0,72.8
A03539,L064,MATH04,2026-02-23,MATH04_L01,42,3,68.9,42.5
A03540,L064,MATH04,2026-04-29,MATH04_L15,43,4,73.4,65.7
A03541,L064,MATH04,2026-05-21,MATH04_L16,39,4,60.6,59.1
A03542,L064,MATH04,2026-06-21,MATH04_L11,28,5,84.2,84.6
A03543,L064,MATH04,2026-04-04,MATH04_L12,34,4,55.0,50.6
A03544,L064,MATH04,2026-01-29,MATH04_L10,34,3,57.8,63.7
A03545,L064,MATH04,2025-11-25,MATH04_L02,27,3,75.8,84.9
A03546,L064,MATH04,2026-08-22,MATH04_L10,27,2,62.8,67.0
A03547,L064,MATH04,2026-06-16,MATH04_L09,30,3,72.1,90.4
A03548,L064,MATH04,2025-10-02,MATH04_L16,20,4,61.8,60.5
A03549,L064,MATH04,2026-06-24,MATH04_L06,41,4,64.0,37.5
A03550,L064,MATH04,2026-06-21,MATH04_L02,54,4,64.4,72.5
A03551,L064,MATH04,2026-08-03,MATH04_L10,36,4,79.0,87.6
A03552,L065,MATH03,2026-01-25,MATH03_L08,30,3,64.4,57.3
A03553,L065,MATH03,2025-10-13,MATH03_L03,23,2,60.2,56.8
A03554,L065,MATH03,2026-05-17,MATH03_L02,28,3,52.5,57.3
A03555,L065,MATH03,2026-01-21,MATH03_L05,29,4,67.6,78.9
A03556,L065,MATH03,2025-11-07,MATH03_L10,34,3,64.1,78.3
A03557,L065,MATH03,2026-01-22,MATH03_L05,43,3,69.8,76.5
A03558,L065,MATH03,2026-01-10,MATH03_L01,28,3,70.8,71.0
A03559,L065,MATH03,2025-10-28,MATH03_L10,40,3,67.2,49.1
A03560,L065,MATH03,2025-11-29,MATH03_L10,25,2,62.0,46.9
A03561,L065,MATH03,2025-11-17,MATH03_L11,43,3,62.7,65.2
A03562,L065,MATH02,2026-03-09,MATH02_L13,20,4,69.5,69.4
A03563,L065,MATH02,2025-11-29,MATH02_L05,29,2,64.6,66.3
A03564,L065,MATH02,2026-08-25,MATH02_L04,39,2,73.2,57.2
A03565,L065,MATH02,2026-05-07,MATH02_L03,43,2,46.6,42.7
A03566,L065,MATH02,2026-05-29,MATH02_L14,20,4,70.6,67.6
A03567,L065,MATH02,2025-09-17,MATH02_L06,31,2,50.9,56.2
A03568,L065,MATH02,2025-10-14,MATH02_L03,17,3,54.9,38.6
A03569,L065,MATH02,2026-07-02,MATH02_L14,23,3,61.7,63.9
A03570,L065,MATH02,2025-11-18,MATH02_L14,35,4,58.4,44.5
A03571,L065,MATH02,2026-05-12,MATH02_L13,10,3,59.5,55.9
A03572,L065,MATH02,2026-03-31,MATH02_L13,35,4,52.2,46.5
A03573,L065,MATH02,2026-03-16,MATH02_L04,34,2,52.5,44.6
A03574,L065,MATH02,2026-08-05,MATH02_L08,33,1,69.8,48.3
A03575,L065,MATH02,2026-07-24,MATH02_L03,39,1,61.3,66.7
A03576,L065,MATH02,2025-12-17,MATH02_L10,48,3,70.7,76.8
A03577,L065,MATH02,2026-02-24,MATH02_L01,49,2,43.0,31.8
A03578,L065,MATH02,2026-07-26,MATH02_L05,45,5,58.0,59.5
A03579,L065,READ01,2025-09-27,READ01_L03,33,2,68.0,85.8
A03580,L065,READ01,2026-04-26,READ01_L07,45,4,55.1,62.4
A03581,L065,READ01,2026-05-02,READ01_L05,50,3,74.7,65.0
A03582,L065,READ01,2026-05-02,READ01_L12,50,3,45.1,58.8
A03583,L065,READ01,2026-05-31,READ01_L04,45,2,54.1,39.8
A03584,L065,READ01,2026-03-14,READ01_L11,28,4,58.4,57.8
A03585,L065,READ01,2026-08-28,READ01_L07,30,2,65.1,58.1
A03586,L065,READ01,2026-05-01,READ01_L05,34,1,76.4,70.2
A03587,L065,READ01,2025-11-14,READ01_L09,47,4,60.8,49.8
A03588,L065,READ01,2026-04-11,READ01_L01,32,4,79.4,65.5
A03589,L065,READ01,2026-01-26,READ01_L13,21,1,40.9,66.2
A03590,L065,ELA03,2026-03-15,ELA03_L11,25,3,61.8,64.0
A03591,L065,ELA03,2026-02-09,ELA03_L09,42,3,65.0,54.5
A03592,L065,ELA03,2026-08-16,ELA03_L01,39,3,66.7,92.8
A03593,L065,ELA03,2025-10-20,ELA03_L09,25,3,56.5,48.4
A03594,L065,ELA03,2026-07-24,ELA03_L06,26,3,64.0,86.7
A03595,L065,ELA03,2026-04-10,ELA03_L10,26,4,56.8,44.2
A03596,L065,ELA03,2026-07-31,ELA03_L05,37,4,54.5,69.2
A03597,L065,ELA03,2026-02-19,ELA03_L05,37,3,54.1,46.8
A03598,L065,ELA03,2026-01-15,ELA03_L02,28,3,69.7,71.5
A03599,L065,ELA03,2026-01-09,ELA03_L11,40,4,51.5,27.6
A03600,L065,ELA03,2026-06-27,ELA03_L07,26,4,62.3,44.9
A03601,L065,ELA03,2026-04-25,ELA03_L11,35,3,57.2,66.4
A03602,L065,ELA03,2026-01-02,ELA03_L12,46,4,47.9,64.2
A03603,L065,ELA03,2026-08-11,ELA03_L10,32,2,67.0,60.3
A03604,L065,ELA03,2025-12-09,ELA03_L09,44,2,72.8,38.9
A03605,L065,ELA03,2026-02-20,ELA03_L11,30,3,58.3,64.7
A03606,L065,ELA03,2026-08-20,ELA03_L03,40,3,67.1,45.5
A03607,L066,SCI02,2026-06-08,SCI02_L01,52,4,61.7,66.1
A03608,L066,SCI02,2026-08-11,SCI02_L01,37,1,67.3,64.4
A03609,L066,SCI02,2025-10-05,SCI02_L01,44,3,64.1,44.3
A03610,L066,SCI02,2026-03-30,SCI02_L02,27,2,67.8,57.8
A03611,L066,SCI02,2026-05-27,SCI02_L02,44,4,68.7,76.3
A03612,L066,SCI02,2026-08-17,SCI02_L08,35,4,68.2,39.2
A03613,L066,SCI02,2026-02-27,SCI02_L04,25,4,65.3,63.5
A03614,L066,SCI02,2026-01-24,SCI02_L05,22,4,64.6,72.2
A03615,L066,SCI02,2025-12-08,SCI02_L01,27,2,68.8,71.5
A03616,L066,SCI02,2025-09-13,SCI02_L10,37,1,58.8,53.0
A03617,L066,SCI02,2025-10-18,SCI02_L01,37,3,78.8,100.0
A03618,L066,SCI02,2026-07-02,SCI02_L11,27,3,45.7,56.0
A03619,L066,SCI02,2025-12-21,SCI02_L10,27,4,71.4,66.6
A03620,L066,SCI02,2026-07-24,SCI02_L02,26,3,74.1,68.2
A03621,L066,SCI02,2026-08-29,SCI02_L02,30,3,72.8,78.9
A03622,L066,ELA03,2026-07-07,ELA03_L03,41,3,68.8,63.7
A03623,L066,ELA03,2026-03-12,ELA03_L11,34,3,61.6,59.8
A03624,L066,ELA03,2026-07-29,ELA03_L10,22,4,64.5,66.7
A03625,L066,ELA03,2025-12-04,ELA03_L02,34,1,72.4,68.1
A03626,L066,ELA03,2026-08-23,ELA03_L03,40,1,62.8,63.3
A03627,L066,ELA03,2026-01-08,ELA03_L05,29,3,68.5,61.0
A03628,L066,ELA03,2026-04-28,ELA03_L11,31,3,58.6,66.8
A03629,L066,ELA03,2025-10-09,ELA03_L11,27,5,58.5,70.0
A03630,L066,ELA03,2026-04-21,ELA03_L05,28,3,49.5,53.4
A03631,L066,ELA03,2026-04-07,ELA03_L12,43,4,52.5,58.3
A03632,L066,ELA03,2026-08-08,ELA03_L06,37,4,75.2,93.9
A03633,L066,READ01,2025-11-22,READ01_L13,27,4,73.2,65.2
A03634,L066,READ01,2025-10-08,READ01_L05,38,2,68.4,67.0
A03635,L066,READ01,2025-10-02,READ01_L07,30,4,66.5,76.2
A03636,L066,READ01,2026-03-18,READ01_L06,36,5,64.1,69.8
A03637,L066,READ01,2025-10-01,READ01_L05,26,4,66.0,70.0
A03638,L066,READ01,2026-01-14,READ01_L03,34,1,74.7,54.3
A03639,L066,READ01,2026-04-14,READ01_L02,29,4,70.3,71.6
A03640,L066,READ01,2026-05-10,READ01_L04,33,2,63.1,62.9
A03641,L066,READ01,2026-07-10,READ01_L07,31,3,59.7,57.0
A03642,L066,READ01,2025-12-01,READ01_L11,33,4,71.8,90.2
A03643,L066,READ01,2026-05-10,READ01_L02,38,4,71.2,81.6
A03644,L066,READ01,2025-11-13,READ01_L09,42,4,65.1,60.8
A03645,L066,READ01,2026-04-09,READ01_L04,35,3,71.6,65.8
A03646,L066,READ01,2026-07-12,READ01_L11,42,4,65.7,70.0
A03647,L066,MATH02,2026-04-15,MATH02_L12,44,3,69.2,55.8
A03648,L066,MATH02,2026-01-11,MATH02_L02,30,3,74.8,53.2
A03649,L066,MATH02,2025-09-18,MATH02_L02,21,2,69.0,76.0
A03650,L066,MATH02,2025-10-07,MATH02_L10,29,3,70.2,59.7
A03651,L066,MATH02,2026-01-07,MATH02_L13,36,3,60.0,57.1
A03652,L066,MATH02,2026-04-17,MATH02_L01,43,4,52.7,62.2
A03653,L066,MATH02,2026-05-13,MATH02_L03,27,3,74.7,52.0
A03654,L066,MATH02,2026-08-01,MATH02_L11,33,4,89.5,74.7
A03655,L066,MATH02,2025-09-01,MATH02_L01,49,3,72.4,60.2
A03656,L066,MATH02,2026-08-07,MATH02_L07,16,3,63.3,73.1
A03657,L066,MATH02,2026-01-15,MATH02_L03,32,4,64.1,71.4
A03658,L067,SCI01,2026-03-20,SCI01_L10,34,6,48.0,32.0
A03659,L067,SCI01,2025-09-02,SCI01_L09,48,4,60.6,54.4
A03660,L067,SCI01,2026-08-29,SCI01_L08,33,2,62.9,62.0
A03661,L067,SCI01,2026-05-03,SCI01_L07,34,2,59.0,43.7
A03662,L067,SCI01,2026-03-26,SCI01_L12,47,3,61.0,57.0
A03663,L067,SCI01,2025-10-06,SCI01_L09,32,5,67.3,67.3
A03664,L067,SCI01,2025-12-25,SCI01_L01,27,4,66.9,70.2
A03665,L067,SCI01,2026-03-16,SCI01_L12,29,2,60.8,64.2
A03666,L067,SCI01,2026-05-05,SCI01_L02,32,3,66.3,65.9
A03667,L067,SCI01,2026-06-18,SCI01_L09,31,3,62.1,94.4
A03668,L067,SCI01,2026-03-03,SCI01_L06,38,4,63.8,60.6
A03669,L067,SCI01,2026-08-16,SCI01_L05,31,4,71.6,67.6
A03670,L067,SCI01,2026-03-25,SCI01_L01,36,2,53.6,60.0
A03671,L067,SCI01,2026-07-21,SCI01_L11,30,2,51.7,85.6
A03672,L067,SCI01,2025-10-17,SCI01_L06,33,4,48.1,60.5
A03673,L067,ELA01,2026-02-22,ELA01_L02,30,4,68.1,79.1
A03674,L067,ELA01,2026-04-24,ELA01_L05,35,3,63.0,52.1
A03675,L067,ELA01,2026-07-29,ELA01_L04,43,2,71.2,69.3
A03676,L067,ELA01,2025-11-30,ELA01_L09,33,3,60.1,71.5
A03677,L067,ELA01,2025-09-21,ELA01_L07,26,4,55.3,49.8
A03678,L067,ELA01,2026-08-05,ELA01_L04,29,3,51.2,69.8
A03679,L067,ELA01,2026-02-01,ELA01_L12,42,4,68.7,80.0
A03680,L067,ELA01,2026-03-19,ELA01_L02,31,2,55.8,53.3
A03681,L067,ELA01,2026-07-20,ELA01_L12,34,4,66.8,53.1
A03682,L067,ELA01,2026-03-03,ELA01_L08,23,3,65.3,74.2
A03683,L067,ELA01,2025-10-14,ELA01_L11,37,2,59.6,39.6
A03684,L067,ELA01,2026-04-13,ELA01_L12,47,2,65.7,80.4
A03685,L067,ELA01,2025-12-07,ELA01_L03,22,2,61.6,61.8
A03686,L067,ELA01,2025-09-19,ELA01_L04,22,1,58.0,47.9
A03687,L067,ELA01,2025-09-13,ELA01_L12,33,3,62.8,65.3
A03688,L067,ELA01,2026-07-01,ELA01_L04,36,3,69.6,80.7
A03689,L067,ELA01,2026-05-09,ELA01_L07,31,3,53.6,38.8
A03690,L067,ELA01,2025-10-03,ELA01_L09,16,5,57.9,46.7
A03691,L067,MATH01,2026-05-14,MATH01_L09,33,4,74.0,68.1
A03692,L067,MATH01,2026-04-19,MATH01_L01,38,4,62.9,72.2
A03693,L067,MATH01,2025-09-19,MATH01_L06,29,1,58.3,64.6
A03694,L067,MATH01,2025-09-29,MATH01_L06,46,3,69.9,60.7
A03695,L067,MATH01,2025-09-22,MATH01_L07,41,1,47.7,43.6
A03696,L067,MATH01,2025-10-31,MATH01_L04,32,3,59.5,61.1
A03697,L067,MATH01,2026-08-01,MATH01_L11,33,1,42.0,50.7
A03698,L067,MATH01,2026-05-26,MATH01_L08,16,2,56.8,50.0
A03699,L067,MATH01,2026-08-14,MATH01_L09,34,3,70.8,85.0
A03700,L067,MATH01,2025-11-16,MATH01_L12,39,4,60.5,45.1
A03701,L067,MATH01,2026-06-24,MATH01_L04,22,4,73.1,54.9
A03702,L067,MATH01,2025-10-07,MATH01_L01,48,3,66.1,63.0
A03703,L067,MATH01,2025-11-12,MATH01_L08,30,5,66.2,68.5
A03704,L067,MATH01,2026-08-01,MATH01_L01,29,2,58.7,51.2
A03705,L067,READ01,2026-07-14,READ01_L01,29,2,58.5,83.7
A03706,L067,READ01,2026-01-03,READ01_L12,34,4,53.0,60.6
A03707,L067,READ01,2026-07-30,READ01_L03,31,4,60.8,64.0
A03708,L067,READ01,2025-09-08,READ01_L03,20,3,59.2,45.5
A03709,L067,READ01,2026-07-21,READ01_L01,33,3,55.9,77.3
A03710,L067,READ01,2026-02-05,READ01_L14,39,3,57.0,72.5
A03711,L067,READ01,2025-10-20,READ01_L08,25,1,65.9,69.6
A03712,L067,READ01,2026-07-10,READ01_L03,25,2,57.1,59.0
A03713,L067,READ01,2026-06-30,READ01_L02,30,4,73.3,72.1
A03714,L067,READ01,2025-10-25,READ01_L02,39,2,51.0,51.2
A03715,L067,READ01,2026-05-13,READ01_L10,40,2,58.6,63.2
A03716,L067,READ01,2026-07-13,READ01_L04,29,1,54.6,79.7
A03717,L067,READ01,2025-10-03,READ01_L13,27,2,65.7,59.7
A03718,L067,READ01,2025-12-13,READ01_L07,18,3,67.0,88.3
A03719,L067,READ01,2026-02-20,READ01_L13,34,5,52.2,59.8
A03720,L067,READ01,2026-08-14,READ01_L07,37,3,62.3,77.9
A03721,L067,READ01,2026-02-14,READ01_L02,17,3,58.1,46.5
A03722,L068,READ01,2025-11-10,READ01_L06,39,6,85.7,94.1
A03723,L068,READ01,2025-12-19,READ01_L13,41,3,90.1,63.9
A03724,L068,READ01,2025-09-24,READ01_L10,47,4,88.9,82.5
A03725,L068,READ01,2025-11-28,READ01_L06,40,6,91.7,100.0
A03726,L068,READ01,2025-10-03,READ01_L02,47,3,95.7,100.0
A03727,L068,READ01,2026-01-19,READ01_L03,46,5,91.0,96.4
A03728,L068,READ01,2026-04-01,READ01_L03,40,5,100.0,94.3
A03729,L068,READ01,2026-08-23,READ01_L06,48,5,94.3,100.0
A03730,L068,READ01,2026-06-11,READ01_L03,37,5,80.9,91.5
A03731,L068,READ01,2026-04-13,READ01_L04,51,4,89.4,75.7
A03732,L068,READ01,2026-06-25,READ01_L01,40,5,90.5,90.1
A03733,L068,READ01,2025-11-08,READ01_L02,40,4,85.3,81.6
A03734,L068,READ01,2026-07-21,READ01_L10,38,5,86.4,88.7
A03735,L068,READ01,2026-03-12,READ01_L13,42,4,100.0,100.0
A03736,L068,READ01,2025-11-20,READ01_L01,49,5,91.3,98.8
A03737,L068,READ01,2026-05-08,READ01_L02,32,5,92.3,76.4
A03738,L068,READ01,2025-09-04,READ01_L01,35,5,86.6,90.6
A03739,L068,READ01,2025-12-01,READ01_L02,43,4,91.8,88.7
A03740,L068,MATH04,2026-04-02,MATH04_L16,49,3,95.4,77.0
A03741,L068,MATH04,2026-08-21,MATH04_L05,49,6,82.2,71.1
A03742,L068,MATH04,2025-12-15,MATH04_L05,56,5,90.5,100.0
A03743,L068,MATH04,2026-07-25,MATH04_L09,34,4,96.0,96.4
A03744,L068,MATH04,2026-05-26,MATH04_L15,48,5,88.8,53.6
A03745,L068,MATH04,2026-03-30,MATH04_L08,23,5,77.5,80.4
A03746,L068,MATH04,2025-11-29,MATH04_L02,33,5,90.3,98.9
A03747,L068,MATH04,2026-07-03,MATH04_L06,29,4,78.0,99.5
A03748,L068,MATH04,2026-05-14,MATH04_L03,45,4,100.0,100.0
A03749,L068,MATH04,2026-07-19,MATH04_L10,35,2,84.4,85.6
A03750,L068,MATH04,2026-02-26,MATH04_L14,42,2,83.0,85.0
A03751,L068,MATH04,2025-09-03,MATH04_L08,50,5,68.5,65.2
A03752,L068,MATH04,2025-12-08,MATH04_L04,33,4,92.5,100.0
A03753,L068,MATH04,2026-05-30,MATH04_L04,37,4,63.2,60.9
A03754,L068,SCI03,2026-06-04,SCI03_L09,32,4,99.7,76.7
A03755,L068,SCI03,2025-12-22,SCI03_L08,39,4,100.0,99.4
A03756,L068,SCI03,2026-07-18,SCI03_L11,44,7,93.1,98.5
A03757,L068,SCI03,2025-12-16,SCI03_L05,36,4,84.3,66.3
A03758,L068,SCI03,2025-09-28,SCI03_L04,47,4,88.3,78.6
A03759,L068,SCI03,2025-10-28,SCI03_L13,29,2,100.0,86.2
A03760,L068,SCI03,2025-11-16,SCI03_L11,44,4,75.7,73.0
A03761,L068,SCI03,2026-05-01,SCI03_L08,35,5,97.2,100.0
A03762,L068,SCI03,2025-11-30,SCI03_L03,47,4,84.4,95.4
A03763,L068,SCI03,2026-08-10,SCI03_L15,28,4,75.4,64.8
A03764,L068,SCI03,2025-09-23,SCI03_L01,39,5,83.9,79.0
A03765,L068,SCI03,2026-07-28,SCI03_L06,38,4,81.4,70.2
A03766,L068,SCI03,2026-01-24,SCI03_L04,41,4,75.1,86.7
A03767,L068,SCI03,2026-04-11,SCI03_L05,37,6,76.4,65.1
A03768,L068,SCI03,2026-02-19,SCI03_L10,31,3,86.1,100.0
A03769,L068,ELA04,2025-09-23,ELA04_L04,42,3,89.4,93.7
A03770,L068,ELA04,2025-09-27,ELA04_L06,50,5,97.3,83.7
A03771,L068,ELA04,2025-11-20,ELA04_L01,46,3,90.5,77.0
A03772,L068,ELA04,2026-05-07,ELA04_L04,48,3,95.1,100.0
A03773,L068,ELA04,2025-10-07,ELA04_L08,47,4,88.8,96.5
A03774,L068,ELA04,2026-04-16,ELA04_L11,38,4,94.7,87.0
A03775,L068,ELA04,2026-04-03,ELA04_L07,40,3,100.0,91.4
A03776,L068,ELA04,2026-08-13,ELA04_L11,47,3,89.0,100.0
A03777,L068,ELA04,2025-12-27,ELA04_L04,45,4,90.5,90.7
A03778,L068,ELA04,2026-02-14,ELA04_L08,49,4,86.8,96.0
A03779,L068,ELA04,2025-10-21,ELA04_L08,42,4,84.5,99.1
A03780,L068,ELA04,2026-03-31,ELA04_L07,38,4,81.3,77.1
A03781,L068,ELA04,2026-03-12,ELA04_L08,38,6,93.8,84.0
A03782,L068,ELA04,2025-10-08,ELA04_L16,35,5,89.4,89.2
A03783,L068,ELA04,2026-06-27,ELA04_L16,50,4,86.8,93.8
A03784,L068,ELA04,2025-09-28,ELA04_L14,42,3,81.8,73.9
A03785,L068,ELA04,2025-11-14,ELA04_L07,55,5,87.3,100.0
A03786,L069,ELA02,2025-12-01,ELA02_L07,31,5,65.5,70.8
A03787,L069,ELA02,2026-03-11,ELA02_L03,37,3,58.6,34.7
A03788,L069,ELA02,2026-04-23,ELA02_L12,42,5,71.2,76.3
A03789,L069,ELA02,2025-12-09,ELA02_L11,40,4,61.8,81.4
A03790,L069,ELA02,2026-03-03,ELA02_L05,32,2,63.4,69.8
A03791,L069,ELA02,2025-12-13,ELA02_L06,40,4,51.4,58.4
A03792,L069,ELA02,2025-11-05,ELA02_L01,46,4,64.9,57.6
A03793,L069,ELA02,2026-08-21,ELA02_L10,27,4,59.0,47.0
A03794,L069,ELA02,2025-10-01,ELA02_L05,44,2,72.4,70.2
A03795,L069,ELA02,2025-11-09,ELA02_L02,41,5,63.9,43.7
A03796,L069,ELA02,2026-04-27,ELA02_L08,31,2,61.2,55.4
A03797,L069,ELA02,2026-04-03,ELA02_L03,31,2,67.2,100.0
A03798,L069,ELA02,2026-02-23,ELA02_L04,35,2,65.9,69.0
A03799,L069,ELA02,2026-01-30,ELA02_L10,19,2,62.4,72.0
A03800,L069,ELA02,2025-11-20,ELA02_L13,37,4,79.3,77.4
A03801,L069,ELA02,2026-07-24,ELA02_L10,42,5,63.1,78.7
A03802,L069,ELA02,2025-11-27,ELA02_L10,33,3,55.2,52.1
A03803,L069,READ01,2025-12-27,READ01_L02,40,4,66.8,87.1
A03804,L069,READ01,2026-03-30,READ01_L14,23,4,61.1,83.7
A03805,L069,READ01,2026-05-26,READ01_L08,39,4,59.9,62.2
A03806,L069,READ01,2025-12-20,READ01_L10,26,1,63.8,50.5
A03807,L069,READ01,2026-05-01,READ01_L14,42,3,60.6,54.4
A03808,L069,READ01,2026-04-25,READ01_L05,39,5,56.6,69.4
A03809,L069,READ01,2025-09-08,READ01_L12,22,3,68.6,92.0
A03810,L069,READ01,2026-04-08,READ01_L12,21,3,72.7,77.1
A03811,L069,READ01,2026-01-05,READ01_L04,15,3,57.6,48.2
A03812,L069,READ01,2026-02-15,READ01_L07,31,3,57.5,57.4
A03813,L069,READ01,2026-06-24,READ01_L04,32,1,56.7,60.4
A03814,L069,READ01,2026-06-30,READ01_L03,31,4,40.9,28.2
A03815,L069,READ01,2026-06-21,READ01_L01,43,1,69.5,67.7
A03816,L069,READ01,2026-04-02,READ01_L01,33,3,40.7,20.0
A03817,L069,READ01,2025-09-21,READ01_L08,36,2,79.1,96.7
A03818,L069,READ01,2026-05-17,READ01_L01,24,1,49.4,71.0
A03819,L069,READ01,2026-04-06,READ01_L09,39,3,66.4,73.3
A03820,L069,READ01,2026-03-21,READ01_L08,36,3,64.4,57.1
A03821,L069,MATH03,2026-04-20,MATH03_L08,36,3,63.4,45.6
A03822,L069,MATH03,2026-01-02,MATH03_L02,42,3,53.0,60.0
A03823,L069,MATH03,2026-06-13,MATH03_L01,22,2,55.0,52.3
A03824,L069,MATH03,2026-08-21,MATH03_L12,44,3,58.4,80.6
A03825,L069,MATH03,2026-03-28,MATH03_L04,14,4,67.0,48.9
A03826,L069,MATH03,2025-11-07,MATH03_L06,27,5,65.6,82.9
A03827,L069,MATH03,2026-01-30,MATH03_L04,33,3,57.8,68.2
A03828,L069,MATH03,2026-07-29,MATH03_L02,25,2,64.0,63.9
A03829,L069,MATH03,2025-09-09,MATH03_L08,37,2,73.6,81.4
A03830,L069,MATH03,2026-08-09,MATH03_L05,41,6,60.7,56.3
A03831,L069,MATH03,2025-11-22,MATH03_L12,28,3,70.2,70.5
A03832,L069,SCI02,2026-06-20,SCI02_L12,53,3,62.2,69.2
A03833,L069,SCI02,2026-06-26,SCI02_L01,37,4,48.3,42.0
A03834,L069,SCI02,2026-04-21,SCI02_L08,33,3,43.7,52.4
A03835,L069,SCI02,2025-11-10,SCI02_L14,31,2,79.8,65.8
A03836,L069,SCI02,2026-08-27,SCI02_L07,37,3,65.3,74.7
A03837,L069,SCI02,2025-12-04,SCI02_L13,34,2,67.5,61.7
A03838,L069,SCI02,2026-03-09,SCI02_L11,36,3,44.3,46.6
A03839,L069,SCI02,2026-04-26,SCI02_L12,37,3,67.8,68.4
A03840,L069,SCI02,2026-07-22,SCI02_L01,29,3,52.5,43.7
A03841,L069,SCI02,2026-07-19,SCI02_L02,28,3,70.6,72.0
A03842,L069,SCI02,2026-03-17,SCI02_L12,41,4,69.7,44.4
A03843,L069,SCI02,2026-02-18,SCI02_L09,46,3,73.3,76.1
A03844,L069,SCI02,2025-09-17,SCI02_L05,18,2,56.6,50.1
A03845,L069,SCI02,2026-04-07,SCI02_L13,26,2,60.9,60.8
A03846,L069,SCI02,2026-01-17,SCI02_L12,38,4,57.6,86.1
A03847,L069,SCI02,2026-07-11,SCI02_L09,36,3,72.8,76.3
A03848,L069,SCI02,2026-06-22,SCI02_L13,30,4,66.4,49.6
A03849,L070,READ01,2026-08-17,READ01_L02,43,4,79.2,76.7
A03850,L070,READ01,2026-07-15,READ01_L06,32,5,80.1,67.9
A03851,L070,READ01,2025-09-29,READ01_L09,42,3,83.7,84.6
A03852,L070,READ01,2026-08-12,READ01_L06,50,3,73.9,66.1
A03853,L070,READ01,2025-09-27,READ01_L02,28,6,71.4,77.9
A03854,L070,READ01,2026-03-16,READ01_L06,34,5,82.3,72.4
A03855,L070,READ01,2026-04-27,READ01_L10,32,3,87.5,96.6
A03856,L070,READ01,2025-09-21,READ01_L06,44,3,88.1,82.7
A03857,L070,READ01,2026-03-07,READ01_L03,32,5,82.4,53.6
A03858,L070,READ01,2026-07-29,READ01_L09,35,1,75.0,58.2
A03859,L070,READ01,2026-08-27,READ01_L02,39,6,86.2,100.0
A03860,L070,READ01,2026-06-15,READ01_L12,41,4,84.6,52.8
A03861,L070,READ01,2025-12-14,READ01_L03,40,5,70.0,73.5
A03862,L070,ELA04,2026-01-01,ELA04_L04,46,6,74.0,85.3
A03863,L070,ELA04,2026-07-30,ELA04_L16,34,5,89.1,90.8
A03864,L070,ELA04,2026-06-25,ELA04_L07,42,4,85.3,75.0
A03865,L070,ELA04,2025-12-25,ELA04_L11,47,4,80.5,91.2
A03866,L070,ELA04,2026-02-28,ELA04_L09,36,5,87.1,82.8
A03867,L070,ELA04,2026-05-16,ELA04_L14,42,4,93.3,82.6
A03868,L070,ELA04,2026-01-20,ELA04_L02,37,3,80.5,77.9
A03869,L070,ELA04,2025-10-03,ELA04_L12,44,5,74.8,60.0
A03870,L070,ELA04,2026-02-24,ELA04_L15,38,3,94.9,100.0
A03871,L070,ELA04,2026-05-07,ELA04_L04,38,4,77.6,67.8
A03872,L070,ELA04,2026-04-29,ELA04_L10,37,3,87.0,93.6
A03873,L070,ELA04,2026-04-20,ELA04_L12,30,5,71.5,57.2
A03874,L070,ELA04,2026-08-11,ELA04_L03,44,4,62.6,60.0
A03875,L070,ELA04,2025-12-06,ELA04_L15,41,3,78.7,96.4
A03876,L070,ELA04,2025-10-15,ELA04_L03,42,5,69.4,60.3
A03877,L070,MATH04,2025-12-01,MATH04_L10,47,3,73.0,65.7
A03878,L070,MATH04,2025-10-10,MATH04_L04,39,2,88.3,100.0
A03879,L070,MATH04,2025-11-24,MATH04_L09,36,4,76.9,84.4
A03880,L070,MATH04,2025-10-28,MATH04_L05,26,5,96.9,100.0
A03881,L070,MATH04,2026-05-13,MATH04_L05,45,5,80.1,63.5
A03882,L070,MATH04,2025-12-14,MATH04_L01,26,3,95.2,92.0
A03883,L070,MATH04,2026-01-29,MATH04_L14,36,4,96.6,100.0
A03884,L070,MATH04,2026-08-16,MATH04_L05,29,4,78.8,95.2
A03885,L070,MATH04,2026-05-01,MATH04_L12,54,5,81.7,74.0
A03886,L070,MATH04,2026-04-04,MATH04_L15,32,3,81.6,100.0
A03887,L070,MATH04,2026-07-28,MATH04_L01,46,3,89.3,100.0
A03888,L070,MATH04,2026-01-28,MATH04_L07,54,6,90.0,72.2
A03889,L070,MATH04,2025-10-03,MATH04_L01,31,3,72.3,76.2
A03890,L070,MATH04,2025-12-28,MATH04_L11,55,6,76.6,76.6
A03891,L070,MATH04,2026-03-30,MATH04_L11,51,4,96.8,72.7
A03892,L070,MATH04,2026-08-02,MATH04_L11,34,4,79.4,80.5
A03893,L070,SCI03,2026-07-01,SCI03_L11,43,3,81.7,86.6
A03894,L070,SCI03,2026-08-23,SCI03_L09,40,5,77.7,63.0
A03895,L070,SCI03,2026-06-08,SCI03_L08,38,4,78.9,89.7
A03896,L070,SCI03,2026-04-23,SCI03_L05,34,3,75.4,88.5
A03897,L070,SCI03,2026-06-18,SCI03_L03,43,6,77.2,76.3
A03898,L070,SCI03,2026-02-04,SCI03_L03,52,5,90.1,89.9
A03899,L070,SCI03,2026-01-12,SCI03_L04,29,3,86.3,79.1
A03900,L070,SCI03,2026-05-06,SCI03_L06,32,3,99.1,86.6
A03901,L070,SCI03,2026-01-26,SCI03_L13,40,5,85.7,93.7
A03902,L070,SCI03,2025-09-25,SCI03_L03,32,5,70.1,67.7
A03903,L070,SCI03,2026-02-28,SCI03_L05,38,3,90.7,87.0
A03904,L070,SCI03,2026-04-22,SCI03_L03,34,4,73.4,79.6
A03905,L070,SCI03,2026-07-14,SCI03_L15,39,3,68.5,60.7
A03906,L070,SCI03,2025-11-22,SCI03_L12,34,5,82.2,96.5
A03907,L070,SCI03,2026-06-02,SCI03_L05,35,3,90.6,91.6
A03908,L070,SCI03,2025-12-03,SCI03_L03,34,3,80.0,79.5
A03909,L070,SCI03,2026-08-29,SCI03_L12,44,5,77.9,91.2
A03910,L071,SCI03,2025-11-22,SCI03_L04,44,4,78.6,63.9
A03911,L071,SCI03,2025-10-30,SCI03_L01,50,4,85.2,100.0
A03912,L071,SCI03,2026-02-10,SCI03_L10,38,6,93.0,98.4
A03913,L071,SCI03,2025-11-04,SCI03_L08,56,5,81.2,81.4
A03914,L071,SCI03,2026-01-12,SCI03_L06,51,5,81.8,89.3
A03915,L071,SCI03,2025-12-04,SCI03_L04,48,5,84.6,76.5
A03916,L071,SCI03,2026-06-15,SCI03_L12,46,3,77.3,79.1
A03917,L071,SCI03,2025-09-18,SCI03_L11,51,4,85.0,98.3
A03918,L071,SCI03,2026-02-10,SCI03_L06,49,6,84.5,71.7
A03919,L071,SCI03,2025-11-15,SCI03_L06,63,4,91.0,91.7
A03920,L071,SCI03,2026-04-18,SCI03_L09,41,3,94.9,100.0
A03921,L071,SCI03,2025-11-23,SCI03_L09,38,6,72.6,68.3
A03922,L071,MATH04,2025-11-02,MATH04_L01,48,4,83.1,68.4
A03923,L071,MATH04,2026-03-27,MATH04_L16,40,3,90.8,98.5
A03924,L071,MATH04,2025-11-14,MATH04_L15,38,4,92.3,98.0
A03925,L071,MATH04,2026-02-11,MATH04_L05,39,5,98.1,100.0
A03926,L071,MATH04,2025-09-03,MATH04_L11,41,4,95.7,90.1
A03927,L071,MATH04,2026-07-29,MATH04_L10,56,4,91.4,100.0
A03928,L071,MATH04,2026-05-01,MATH04_L10,42,6,86.0,95.2
A03929,L071,MATH04,2026-06-21,MATH04_L05,37,6,78.7,80.4
A03930,L071,MATH04,2026-06-17,MATH04_L15,35,5,79.4,91.4
A03931,L071,MATH04,2026-02-21,MATH04_L04,61,5,88.8,85.8
A03932,L071,MATH04,2026-05-04,MATH04_L02,33,5,82.1,76.2
A03933,L071,MATH04,2025-11-11,MATH04_L04,53,5,100.0,85.9
A03934,L071,MATH04,2026-02-05,MATH04_L01,51,4,83.2,96.7
A03935,L071,MATH04,2026-03-25,MATH04_L08,42,4,92.4,91.3
A03936,L071,READ01,2026-03-02,READ01_L02,49,4,90.1,87.0
A03937,L071,READ01,2026-02-15,READ01_L01,46,4,89.0,73.2
A03938,L071,READ01,2026-07-09,READ01_L11,29,6,94.0,92.1
A03939,L071,READ01,2025-12-09,READ01_L10,37,5,76.2,69.9
A03940,L071,READ01,2026-05-28,READ01_L04,47,4,88.8,77.5
A03941,L071,READ01,2026-01-21,READ01_L04,52,6,86.2,62.0
A03942,L071,READ01,2025-09-12,READ01_L02,43,5,97.4,90.7
A03943,L071,READ01,2026-06-03,READ01_L14,46,3,74.5,57.8
A03944,L071,READ01,2026-04-17,READ01_L11,46,5,78.1,87.5
A03945,L071,READ01,2026-08-10,READ01_L02,38,4,94.0,87.8
A03946,L071,READ01,2026-05-21,READ01_L07,33,5,86.9,99.8
A03947,L071,READ01,2025-12-09,READ01_L08,51,5,82.1,85.0
A03948,L071,READ01,2026-02-10,READ01_L10,27,5,75.0,84.5
A03949,L071,READ01,2026-07-07,READ01_L09,54,5,83.3,72.4
A03950,L071,READ01,2025-09-29,READ01_L11,61,3,88.9,95.2
A03951,L071,READ01,2026-03-04,READ01_L07,47,6,86.0,81.4
A03952,L071,READ01,2025-11-15,READ01_L12,59,4,97.6,100.0
A03953,L071,ELA04,2026-03-09,ELA04_L13,41,4,83.9,93.5
A03954,L071,ELA04,2026-03-10,ELA04_L01,40,6,98.3,100.0
A03955,L071,ELA04,2026-01-24,ELA04_L12,37,4,95.4,85.7
A03956,L071,ELA04,2026-02-27,ELA04_L10,31,5,96.2,83.2
A03957,L071,ELA04,2026-04-17,ELA04_L03,41,6,95.2,100.0
A03958,L071,ELA04,2025-12-20,ELA04_L15,53,5,100.0,86.1
A03959,L071,ELA04,2026-04-01,ELA04_L15,24,3,80.2,81.0
A03960,L071,ELA04,2026-01-26,ELA04_L06,40,5,84.1,80.5
A03961,L071,ELA04,2026-04-06,ELA04_L14,41,4,79.7,76.4
A03962,L071,ELA04,2025-11-11,ELA04_L03,39,6,99.4,100.0
A03963,L071,ELA04,2025-11-13,ELA04_L07,32,4,84.0,97.8
A03964,L071,ELA04,2026-02-03,ELA04_L16,48,6,84.7,75.4
A03965,L071,ELA04,2026-05-27,ELA04_L11,47,5,83.2,75.0
A03966,L071,ELA04,2025-10-04,ELA04_L13,41,3,85.8,95.0
A03967,L071,ELA04,2025-10-16,ELA04_L01,19,4,84.8,75.9
A03968,L071,ELA04,2026-03-29,ELA04_L09,36,3,100.0,100.0
A03969,L072,ELA03,2025-11-29,ELA03_L09,30,4,65.9,53.4
A03970,L072,ELA03,2026-04-25,ELA03_L12,50,4,59.6,56.4
A03971,L072,ELA03,2026-06-18,ELA03_L03,40,5,71.2,62.1
A03972,L072,ELA03,2025-12-12,ELA03_L03,32,3,74.1,76.1
A03973,L072,ELA03,2026-03-15,ELA03_L05,42,4,71.2,53.1
A03974,L072,ELA03,2026-06-11,ELA03_L08,33,5,60.4,50.1
A03975,L072,ELA03,2025-09-22,ELA03_L05,32,3,69.6,71.7
A03976,L072,ELA03,2026-06-27,ELA03_L05,40,3,82.4,100.0
A03977,L072,ELA03,2026-05-11,ELA03_L09,31,5,71.8,66.2
A03978,L072,ELA03,2026-04-26,ELA03_L04,29,5,84.5,86.9
A03979,L072,ELA03,2025-09-14,ELA03_L01,51,2,81.5,96.9
A03980,L072,ELA03,2025-11-18,ELA03_L05,27,3,59.9,66.0
A03981,L072,ELA03,2026-02-01,ELA03_L11,35,4,71.5,78.6
A03982,L072,ELA03,2026-07-23,ELA03_L08,45,5,76.6,76.3
A03983,L072,ELA03,2025-11-03,ELA03_L11,41,2,67.0,58.9
A03984,L072,ELA03,2026-08-07,ELA03_L05,35,2,79.2,61.3
A03985,L072,ELA02,2025-12-01,ELA02_L08,45,5,71.6,72.9
A03986,L072,ELA02,2026-08-19,ELA02_L11,35,3,87.3,56.5
A03987,L072,ELA02,2026-01-04,ELA02_L01,43,5,67.6,57.7
A03988,L072,ELA02,2025-11-01,ELA02_L13,44,4,74.9,47.5
A03989,L072,ELA02,2026-01-20,ELA02_L08,42,3,73.2,70.1
A03990,L072,ELA02,2025-10-05,ELA02_L10,15,5,62.0,61.9
A03991,L072,ELA02,2026-03-05,ELA02_L10,43,3,84.0,83.0
A03992,L072,ELA02,2026-05-05,ELA02_L10,44,4,75.7,89.0
A03993,L072,ELA02,2026-04-12,ELA02_L14,28,3,68.8,71.3
A03994,L072,ELA02,2026-01-11,ELA02_L11,25,4,61.6,56.7
A03995,L072,ELA02,2026-08-18,ELA02_L08,33,5,69.9,85.0
A03996,L072,ELA02,2026-08-22,ELA02_L14,32,4,61.3,68.5
A03997,L072,ELA02,2025-11-01,ELA02_L06,27,3,70.9,64.7
A03998,L072,ELA02,2026-05-21,ELA02_L12,49,3,73.4,61.1
A03999,L072,ELA02,2026-06-22,ELA02_L01,44,2,70.3,87.8
A04000,L072,ELA02,2026-01-11,ELA02_L03,30,2,69.8,78.3
A04001,L072,SCI02,2025-11-14,SCI02_L06,37,3,69.8,66.0
A04002,L072,SCI02,2026-04-25,SCI02_L12,35,3,67.3,48.9
A04003,L072,SCI02,2025-11-09,SCI02_L06,25,4,93.0,71.8
A04004,L072,SCI02,2025-11-23,SCI02_L01,37,4,55.2,70.4
A04005,L072,SCI02,2026-01-18,SCI02_L06,35,3,74.4,92.4
A04006,L072,SCI02,2026-04-03,SCI02_L11,26,4,78.6,80.4
A04007,L072,SCI02,2026-03-02,SCI02_L01,42,4,68.5,66.2
A04008,L072,SCI02,2026-01-27,SCI02_L05,48,4,69.0,69.8
A04009,L072,SCI02,2026-05-30,SCI02_L11,39,4,58.2,25.1
A04010,L072,SCI02,2025-10-10,SCI02_L09,33,3,73.2,62.3
A04011,L072,MATH03,2026-07-19,MATH03_L03,47,3,70.0,81.6
A04012,L072,MATH03,2025-10-19,MATH03_L10,42,4,64.8,69.0
A04013,L072,MATH03,2025-11-25,MATH03_L09,41,1,71.3,54.2
A04014,L072,MATH03,2026-02-13,MATH03_L06,20,3,74.6,73.9
A04015,L072,MATH03,2026-08-17,MATH03_L05,30,4,64.6,76.7
A04016,L072,MATH03,2026-01-17,MATH03_L11,31,3,63.5,34.5
A04017,L072,MATH03,2026-08-24,MATH03_L12,43,5,72.4,61.9
A04018,L072,MATH03,2026-03-05,MATH03_L02,36,4,61.2,63.1
A04019,L072,MATH03,2026-06-01,MATH03_L10,45,3,73.5,70.9
A04020,L072,MATH03,2026-02-28,MATH03_L03,34,2,84.3,76.3
A04021,L072,MATH03,2025-09-07,MATH03_L03,39,3,63.7,67.0
A04022,L072,MATH03,2026-05-24,MATH03_L05,19,4,65.3,67.1
A04023,L072,MATH03,2026-03-10,MATH03_L08,30,3,75.4,80.2
A04024,L073,ELA03,2026-02-22,ELA03_L03,36,4,84.3,80.5
A04025,L073,ELA03,2025-10-23,ELA03_L04,44,5,59.8,68.3
A04026,L073,ELA03,2025-11-19,ELA03_L09,41,5,70.7,90.1
A04027,L073,ELA03,2025-12-23,ELA03_L04,37,2,80.1,81.9
A04028,L073,ELA03,2026-06-14,ELA03_L10,42,5,74.2,73.1
A04029,L073,ELA03,2026-08-20,ELA03_L09,22,4,89.0,79.4
A04030,L073,ELA03,2026-05-31,ELA03_L12,35,2,56.9,55.0
A04031,L073,ELA03,2026-06-10,ELA03_L12,45,2,72.4,83.3
A04032,L073,ELA03,2025-10-29,ELA03_L07,44,3,72.9,57.0
A04033,L073,ELA03,2026-04-24,ELA03_L02,26,4,62.4,80.1
A04034,L073,ELA03,2025-10-30,ELA03_L03,41,2,67.6,69.8
A04035,L073,ELA03,2025-09-09,ELA03_L08,25,3,77.5,86.1
A04036,L073,ELA03,2026-02-26,ELA03_L05,47,4,48.7,57.3
A04037,L073,ELA03,2026-08-20,ELA03_L06,22,4,68.9,67.9
A04038,L073,ELA03,2025-11-11,ELA03_L08,45,4,72.4,95.5
A04039,L073,ELA03,2026-07-03,ELA03_L09,31,3,73.4,78.4
A04040,L073,READ01,2025-11-28,READ01_L12,24,4,80.3,99.6
A04041,L073,READ01,2026-02-03,READ01_L01,44,4,70.2,81.7
A04042,L073,READ01,2025-10-31,READ01_L04,30,4,65.7,47.3
A04043,L073,READ01,2025-11-05,READ01_L14,38,5,70.0,74.8
A04044,L073,READ01,2026-08-22,READ01_L03,45,3,77.2,75.2
A04045,L073,READ01,2026-08-19,READ01_L04,36,5,91.6,100.0
A04046,L073,READ01,2026-02-05,READ01_L03,39,4,60.3,64.3
A04047,L073,READ01,2025-12-17,READ01_L03,27,3,66.1,65.0
A04048,L073,READ01,2025-10-11,READ01_L07,51,5,81.6,92.0
A04049,L073,READ01,2026-08-20,READ01_L13,33,4,64.1,56.5
A04050,L073,READ01,2025-10-28,READ01_L02,42,4,76.8,89.1
A04051,L073,READ01,2025-09-10,READ01_L13,44,3,64.9,53.6
A04052,L073,READ01,2026-05-06,READ01_L13,46,4,76.4,76.7
A04053,L073,READ01,2026-04-09,READ01_L01,37,2,74.6,59.7
A04054,L073,READ01,2025-12-10,READ01_L02,37,4,71.5,79.6
A04055,L073,SCI02,2026-08-04,SCI02_L09,41,3,70.4,92.3
A04056,L073,SCI02,2026-07-01,SCI02_L01,55,4,72.8,70.2
A04057,L073,SCI02,2026-04-29,SCI02_L02,25,3,65.0,54.4
A04058,L073,SCI02,2026-01-08,SCI02_L01,32,4,75.3,90.7
A04059,L073,SCI02,2025-10-04,SCI02_L05,53,2,71.5,69.6
A04060,L073,SCI02,2026-08-08,SCI02_L01,44,1,67.8,50.5
A04061,L073,SCI02,2025-10-20,SCI02_L13,49,4,71.3,55.1
A04062,L073,SCI02,2025-11-03,SCI02_L10,50,3,62.6,51.3
A04063,L073,SCI02,2025-12-15,SCI02_L10,44,5,84.0,72.6
A04064,L073,SCI02,2025-12-12,SCI02_L03,37,4,60.0,64.3
A04065,L073,ELA02,2025-09-15,ELA02_L02,22,4,84.0,70.8
A04066,L073,ELA02,2025-11-14,ELA02_L14,32,3,79.0,71.7
A04067,L073,ELA02,2026-01-21,ELA02_L10,36,3,60.6,70.0
A04068,L073,ELA02,2026-02-26,ELA02_L06,50,4,77.3,83.5
A04069,L073,ELA02,2025-11-22,ELA02_L14,31,2,83.4,85.8
A04070,L073,ELA02,2026-05-15,ELA02_L13,56,5,60.8,86.7
A04071,L073,ELA02,2026-07-11,ELA02_L04,41,3,72.7,83.3
A04072,L073,ELA02,2026-05-17,ELA02_L10,16,3,62.4,45.0
A04073,L073,ELA02,2025-10-05,ELA02_L02,51,2,84.0,99.5
A04074,L073,ELA02,2026-06-24,ELA02_L13,24,3,79.8,72.8
A04075,L073,ELA02,2025-09-08,ELA02_L09,26,4,78.1,69.9
A04076,L073,ELA02,2025-12-21,ELA02_L12,34,3,75.9,73.4
A04077,L073,ELA02,2025-12-08,ELA02_L05,33,3,88.4,95.4
A04078,L073,ELA02,2025-11-27,ELA02_L13,25,6,71.0,66.8
A04079,L073,ELA02,2026-06-03,ELA02_L01,37,5,69.1,49.0
A04080,L074,MATH02,2025-12-19,MATH02_L09,61,5,100.0,85.2
A04081,L074,MATH02,2026-08-29,MATH02_L08,46,6,93.1,89.0
A04082,L074,MATH02,2026-03-07,MATH02_L12,32,3,100.0,94.2
A04083,L074,MATH02,2026-06-29,MATH02_L03,44,5,100.0,100.0
A04084,L074,MATH02,2026-04-14,MATH02_L11,39,6,100.0,90.0
A04085,L074,MATH02,2025-10-25,MATH02_L03,37,4,100.0,100.0
A04086,L074,MATH02,2026-03-01,MATH02_L07,47,5,98.6,85.6
A04087,L074,MATH02,2026-04-06,MATH02_L04,51,6,100.0,93.7
A04088,L074,MATH02,2026-05-22,MATH02_L04,45,6,100.0,100.0
A04089,L074,MATH02,2026-03-28,MATH02_L02,32,7,99.5,100.0
A04090,L074,MATH02,2026-02-08,MATH02_L02,47,3,93.1,100.0
A04091,L074,ELA02,2025-10-27,ELA02_L09,42,5,86.2,98.7
A04092,L074,ELA02,2025-11-09,ELA02_L08,49,5,98.9,98.5
A04093,L074,ELA02,2026-03-04,ELA02_L12,42,3,98.7,89.5
A04094,L074,ELA02,2026-01-26,ELA02_L09,42,5,100.0,96.1
A04095,L074,ELA02,2025-09-21,ELA02_L02,40,5,91.1,91.2
A04096,L074,ELA02,2026-02-15,ELA02_L08,42,4,100.0,83.2
A04097,L074,ELA02,2025-10-30,ELA02_L07,35,4,100.0,100.0
A04098,L074,ELA02,2026-01-24,ELA02_L08,48,4,100.0,100.0
A04099,L074,ELA02,2026-07-05,ELA02_L12,41,5,98.5,100.0
A04100,L074,ELA02,2026-02-07,ELA02_L11,44,6,97.8,100.0
A04101,L074,ELA02,2026-04-16,ELA02_L04,30,6,100.0,100.0
A04102,L074,ELA02,2026-06-11,ELA02_L07,46,6,90.9,81.0
A04103,L074,ELA02,2026-01-27,ELA02_L14,51,4,100.0,98.3
A04104,L074,ELA02,2026-04-08,ELA02_L04,38,4,100.0,98.4
A04105,L074,ELA02,2025-10-06,ELA02_L14,49,4,100.0,100.0
A04106,L074,ELA02,2026-05-02,ELA02_L11,31,5,91.3,100.0
A04107,L074,ELA02,2026-03-08,ELA02_L03,44,4,100.0,95.3
A04108,L074,READ01,2026-08-12,READ01_L08,35,5,98.9,96.3
A04109,L074,READ01,2026-08-11,READ01_L02,37,5,87.2,87.3
A04110,L074,READ01,2026-03-22,READ01_L08,37,6,95.5,85.5
A04111,L074,READ01,2026-05-26,READ01_L11,40,5,100.0,100.0
A04112,L074,READ01,2026-08-13,READ01_L02,44,6,87.0,100.0
A04113,L074,READ01,2025-11-01,READ01_L03,44,7,97.0,100.0
A04114,L074,READ01,2026-03-22,READ01_L07,39,6,93.1,80.9
A04115,L074,READ01,2026-08-22,READ01_L10,47,5,100.0,96.9
A04116,L074,READ01,2025-10-23,READ01_L12,56,5,93.0,88.0
A04117,L074,READ01,2025-11-26,READ01_L02,45,4,97.4,90.6
A04118,L074,MATH03,2025-12-11,MATH03_L06,51,4,93.1,72.0
A04119,L074,MATH03,2025-12-12,MATH03_L10,32,6,82.3,82.5
A04120,L074,MATH03,2026-03-26,MATH03_L02,48,5,100.0,99.1
A04121,L074,MATH03,2025-12-29,MATH03_L07,45,6,100.0,100.0
A04122,L074,MATH03,2026-05-14,MATH03_L05,40,4,93.1,100.0
A04123,L074,MATH03,2026-06-25,MATH03_L10,38,5,94.8,93.6
A04124,L074,MATH03,2026-01-18,MATH03_L11,59,6,100.0,100.0
A04125,L074,MATH03,2026-03-24,MATH03_L06,40,6,86.7,72.7
A04126,L074,MATH03,2026-05-02,MATH03_L11,44,5,100.0,92.0
A04127,L074,MATH03,2026-07-06,MATH03_L07,35,7,100.0,100.0
A04128,L074,MATH03,2026-05-07,MATH03_L09,33,5,100.0,100.0
A04129,L074,MATH03,2026-01-21,MATH03_L03,36,4,100.0,94.6
A04130,L074,MATH03,2026-04-21,MATH03_L02,56,3,93.2,100.0
A04131,L074,MATH03,2025-11-02,MATH03_L05,36,3,87.7,81.1
A04132,L074,MATH03,2026-05-09,MATH03_L08,46,4,100.0,100.0
A04133,L075,READ01,2026-07-19,READ01_L03,32,5,65.5,75.4
A04134,L075,READ01,2025-09-16,READ01_L02,25,3,61.1,63.7
A04135,L075,READ01,2025-09-28,READ01_L14,26,3,59.8,50.0
A04136,L075,READ01,2025-10-05,READ01_L08,39,1,38.5,39.8
A04137,L075,READ01,2026-08-14,READ01_L01,34,2,58.3,61.6
A04138,L075,READ01,2025-12-01,READ01_L07,37,5,59.4,62.2
A04139,L075,READ01,2026-07-07,READ01_L11,24,3,56.2,64.2
A04140,L075,READ01,2026-02-15,READ01_L03,36,2,54.1,62.2
A04141,L075,READ01,2026-02-03,READ01_L10,38,3,62.9,50.5
A04142,L075,READ01,2026-07-17,READ01_L02,36,5,50.8,46.7
A04143,L075,READ01,2025-10-10,READ01_L11,27,2,59.3,51.2
A04144,L075,READ01,2026-05-25,READ01_L13,42,1,39.0,35.8
A04145,L075,READ01,2026-05-11,READ01_L13,24,4,46.2,48.6
A04146,L075,SCI03,2025-12-13,SCI03_L05,26,2,47.9,47.4
A04147,L075,SCI03,2026-08-05,SCI03_L08,46,1,57.0,56.6
A04148,L075,SCI03,2026-05-10,SCI03_L09,39,3,53.1,60.2
A04149,L075,SCI03,2026-01-12,SCI03_L09,24,4,58.4,68.0
A04150,L075,SCI03,2026-02-23,SCI03_L13,41,3,63.0,80.7
A04151,L075,SCI03,2026-06-04,SCI03_L09,29,3,58.7,58.4
A04152,L075,SCI03,2025-09-10,SCI03_L13,44,3,51.5,52.6
A04153,L075,SCI03,2025-09-17,SCI03_L07,55,2,58.8,48.6
A04154,L075,SCI03,2025-10-31,SCI03_L07,29,3,44.6,39.0
A04155,L075,SCI03,2026-04-19,SCI03_L06,32,2,51.3,55.1
A04156,L075,SCI03,2026-03-12,SCI03_L08,37,4,64.6,77.6
A04157,L075,SCI03,2026-04-24,SCI03_L01,30,2,57.9,53.2
A04158,L075,SCI03,2025-09-17,SCI03_L03,37,3,51.5,59.8
A04159,L075,SCI03,2026-06-13,SCI03_L11,43,2,46.4,33.2
A04160,L075,SCI03,2026-02-03,SCI03_L15,51,2,52.1,48.2
A04161,L075,SCI03,2026-08-28,SCI03_L03,30,2,54.1,55.8
A04162,L075,SCI03,2026-05-10,SCI03_L07,34,2,64.3,60.1
A04163,L075,MATH04,2026-02-07,MATH04_L13,32,4,51.2,49.4
A04164,L075,MATH04,2026-05-08,MATH04_L04,45,4,54.9,61.8
A04165,L075,MATH04,2026-06-19,MATH04_L16,35,1,71.3,81.3
A04166,L075,MATH04,2026-08-04,MATH04_L16,35,1,42.9,37.3
A04167,L075,MATH04,2026-05-02,MATH04_L06,25,2,52.7,65.1
A04168,L075,MATH04,2026-05-18,MATH04_L02,36,2,49.9,47.7
A04169,L075,MATH04,2026-03-20,MATH04_L09,23,1,58.2,64.1
A04170,L075,MATH04,2026-05-12,MATH04_L13,31,2,64.6,66.5
A04171,L075,MATH04,2026-07-13,MATH04_L12,33,1,56.1,43.3
A04172,L075,MATH04,2026-01-24,MATH04_L11,32,3,48.9,56.5
A04173,L075,MATH04,2025-10-02,MATH04_L01,21,4,57.7,73.0
A04174,L075,MATH04,2026-06-30,MATH04_L02,34,2,45.6,47.2
A04175,L075,ELA04,2026-03-07,ELA04_L12,48,4,64.1,67.6
A04176,L075,ELA04,2026-06-26,ELA04_L01,33,4,52.9,52.4
A04177,L075,ELA04,2026-07-18,ELA04_L11,18,3,48.6,51.5
A04178,L075,ELA04,2026-03-14,ELA04_L04,39,2,50.5,48.9
A04179,L075,ELA04,2026-04-08,ELA04_L12,28,3,55.5,69.3
A04180,L075,ELA04,2026-03-02,ELA04_L14,35,3,46.5,48.4
A04181,L075,ELA04,2026-02-27,ELA04_L02,32,3,62.6,71.2
A04182,L075,ELA04,2026-08-05,ELA04_L08,34,3,51.6,50.0
A04183,L075,ELA04,2026-01-05,ELA04_L08,35,3,53.1,57.8
A04184,L075,ELA04,2026-07-29,ELA04_L10,18,3,55.5,56.3
A04185,L075,ELA04,2026-07-01,ELA04_L03,26,2,57.6,65.1
A04186,L075,ELA04,2026-08-19,ELA04_L03,33,3,53.5,53.4
A04187,L076,MATH03,2025-10-29,MATH03_L06,29,4,72.2,64.9
A04188,L076,MATH03,2025-11-26,MATH03_L01,41,3,77.1,62.6
A04189,L076,MATH03,2026-06-03,MATH03_L06,33,4,95.2,100.0
A04190,L076,MATH03,2025-09-20,MATH03_L08,35,4,82.1,72.1
A04191,L076,MATH03,2026-08-03,MATH03_L07,42,3,82.8,70.3
A04192,L076,MATH03,2026-06-18,MATH03_L09,45,4,65.2,67.8
A04193,L076,MATH03,2026-04-04,MATH03_L05,26,5,69.2,69.7
A04194,L076,MATH03,2025-09-11,MATH03_L12,34,4,83.0,91.6
A04195,L076,MATH03,2026-04-29,MATH03_L10,44,3,81.6,89.0
A04196,L076,MATH03,2025-09-12,MATH03_L06,36,3,84.6,100.0
A04197,L076,MATH03,2026-03-13,MATH03_L10,42,4,70.5,48.4
A04198,L076,MATH03,2026-03-19,MATH03_L06,15,2,84.8,91.1
A04199,L076,MATH03,2026-06-21,MATH03_L02,32,4,80.0,49.6
A04200,L076,MATH03,2026-05-09,MATH03_L02,39,4,81.4,81.7
A04201,L076,READ01,2026-02-20,READ01_L08,37,2,79.7,100.0
A04202,L076,READ01,2026-05-16,READ01_L13,27,3,85.4,82.5
A04203,L076,READ01,2026-08-08,READ01_L06,20,3,84.4,63.3
A04204,L076,READ01,2025-11-25,READ01_L10,33,4,73.5,66.2
A04205,L076,READ01,2026-02-01,READ01_L06,42,4,69.8,76.4
A04206,L076,READ01,2026-04-12,READ01_L04,33,4,74.4,80.4
A04207,L076,READ01,2026-05-13,READ01_L11,40,4,58.4,59.1
A04208,L076,READ01,2025-10-09,READ01_L14,17,3,74.6,96.1
A04209,L076,READ01,2026-06-02,READ01_L04,35,4,75.9,80.1
A04210,L076,READ01,2026-01-26,READ01_L05,35,4,81.0,100.0
A04211,L076,READ01,2025-09-25,READ01_L05,56,3,83.8,100.0
A04212,L076,READ01,2026-06-21,READ01_L07,40,5,69.4,63.3
A04213,L076,READ01,2025-12-25,READ01_L10,45,3,76.5,96.5
A04214,L076,MATH02,2026-06-24,MATH02_L02,53,5,64.7,63.6
A04215,L076,MATH02,2026-07-01,MATH02_L06,33,4,72.6,72.0
A04216,L076,MATH02,2026-01-18,MATH02_L02,53,4,85.8,75.7
A04217,L076,MATH02,2026-06-18,MATH02_L13,36,3,71.4,57.3
A04218,L076,MATH02,2026-05-30,MATH02_L08,40,3,92.5,100.0
A04219,L076,MATH02,2026-04-07,MATH02_L04,28,3,66.3,86.2
A04220,L076,MATH02,2026-02-25,MATH02_L13,18,5,73.7,70.1
A04221,L076,MATH02,2025-10-10,MATH02_L11,35,4,61.0,65.8
A04222,L076,MATH02,2026-02-02,MATH02_L09,30,4,90.2,81.8
A04223,L076,MATH02,2026-02-01,MATH02_L07,44,4,63.4,66.8
A04224,L076,MATH02,2026-08-06,MATH02_L09,32,3,79.2,79.6
A04225,L076,ELA02,2025-12-12,ELA02_L07,50,5,85.1,85.4
A04226,L076,ELA02,2026-03-25,ELA02_L05,37,3,77.9,78.2
A04227,L076,ELA02,2026-07-17,ELA02_L09,36,5,65.1,75.0
A04228,L076,ELA02,2026-04-21,ELA02_L11,37,3,68.4,67.6
A04229,L076,ELA02,2026-06-08,ELA02_L03,42,6,84.1,98.4
A04230,L076,ELA02,2025-09-10,ELA02_L11,43,4,77.4,63.9
A04231,L076,ELA02,2026-08-27,ELA02_L09,45,4,86.2,89.5
A04232,L076,ELA02,2025-12-05,ELA02_L10,44,2,85.7,88.6
A04233,L076,ELA02,2026-05-14,ELA02_L04,46,5,74.4,90.3
A04234,L076,ELA02,2026-08-05,ELA02_L14,31,5,66.8,59.7
A04235,L076,ELA02,2026-04-28,ELA02_L05,41,3,63.6,85.1
A04236,L076,ELA02,2026-07-24,ELA02_L09,39,3,78.1,97.2
A04237,L076,ELA02,2026-07-12,ELA02_L14,34,3,78.6,77.8
A04238,L076,ELA02,2026-04-11,ELA02_L10,45,2,68.0,66.3
A04239,L076,ELA02,2026-07-18,ELA02_L01,40,3,80.7,88.6
A04240,L077,ELA01,2025-12-12,ELA01_L06,39,5,76.1,81.6
A04241,L077,ELA01,2026-04-25,ELA01_L03,49,4,77.8,86.7
A04242,L077,ELA01,2026-01-02,ELA01_L03,48,5,95.4,97.7
A04243,L077,ELA01,2026-08-17,ELA01_L05,41,3,89.5,93.1
A04244,L077,ELA01,2026-04-11,ELA01_L07,44,4,85.2,76.1
A04245,L077,ELA01,2026-02-11,ELA01_L02,29,6,88.4,85.6
A04246,L077,ELA01,2026-07-22,ELA01_L04,44,5,85.1,68.2
A04247,L077,ELA01,2026-03-31,ELA01_L05,42,4,89.7,80.8
A04248,L077,ELA01,2026-01-25,ELA01_L11,29,6,80.5,98.3
A04249,L077,ELA01,2025-11-22,ELA01_L05,38,4,86.8,95.9
A04250,L077,ELA01,2026-08-18,ELA01_L10,35,3,97.2,100.0
A04251,L077,ELA01,2025-12-30,ELA01_L07,31,4,68.9,50.1
A04252,L077,ELA01,2026-01-01,ELA01_L02,46,4,92.1,100.0
A04253,L077,ELA01,2025-11-16,ELA01_L04,39,4,94.7,100.0
A04254,L077,ELA01,2025-09-15,ELA01_L04,41,6,88.9,92.5
A04255,L077,ELA01,2026-02-06,ELA01_L08,40,5,79.1,55.2
A04256,L077,ELA01,2026-05-07,ELA01_L09,51,4,80.9,99.4
A04257,L077,ELA01,2026-04-12,ELA01_L07,39,4,94.5,91.0
A04258,L077,SCI01,2025-12-13,SCI01_L03,54,4,100.0,92.7
A04259,L077,SCI01,2026-01-18,SCI01_L03,41,3,84.1,85.1
A04260,L077,SCI01,2025-09-15,SCI01_L05,25,5,93.7,100.0
A04261,L077,SCI01,2026-01-21,SCI01_L11,53,3,78.7,84.0
A04262,L077,SCI01,2026-06-09,SCI01_L03,37,4,80.7,89.1
A04263,L077,SCI01,2026-07-27,SCI01_L01,39,3,89.9,94.8
A04264,L077,SCI01,2026-05-07,SCI01_L01,38,6,86.5,67.8
A04265,L077,SCI01,2025-09-29,SCI01_L02,34,5,65.4,52.7
A04266,L077,SCI01,2026-02-08,SCI01_L10,47,5,75.3,79.8
A04267,L077,SCI01,2026-01-31,SCI01_L02,36,4,89.4,99.1
A04268,L077,READ01,2026-03-06,READ01_L11,22,4,72.4,83.6
A04269,L077,READ01,2026-08-03,READ01_L02,46,2,85.2,89.0
A04270,L077,READ01,2026-03-23,READ01_L14,29,5,88.4,87.0
A04271,L077,READ01,2025-11-11,READ01_L04,22,6,100.0,95.3
A04272,L077,READ01,2025-10-28,READ01_L10,35,4,70.2,82.7
A04273,L077,READ01,2026-05-15,READ01_L02,51,3,96.9,100.0
A04274,L077,READ01,2026-05-26,READ01_L11,34,4,86.3,77.8
A04275,L077,READ01,2026-06-25,READ01_L13,34,3,83.5,89.2
A04276,L077,READ01,2026-05-27,READ01_L05,38,6,88.2,85.1
A04277,L077,READ01,2026-05-13,READ01_L02,45,4,80.7,81.8
A04278,L077,READ01,2025-12-31,READ01_L10,40,2,63.0,48.3
A04279,L077,READ01,2025-11-02,READ01_L13,31,4,72.5,66.6
A04280,L077,READ01,2026-02-08,READ01_L06,41,2,88.5,89.5
A04281,L077,READ01,2026-06-27,READ01_L12,37,4,85.7,88.0
A04282,L077,READ01,2026-03-19,READ01_L13,27,4,89.3,100.0
A04283,L077,READ01,2025-12-30,READ01_L07,46,5,94.5,100.0
A04284,L077,MATH01,2025-11-13,MATH01_L02,38,3,98.5,95.3
A04285,L077,MATH01,2025-11-29,MATH01_L04,27,4,100.0,83.0
A04286,L077,MATH01,2026-01-19,MATH01_L08,30,4,84.2,60.8
A04287,L077,MATH01,2026-03-29,MATH01_L05,49,4,88.1,86.5
A04288,L077,MATH01,2026-06-29,MATH01_L01,41,4,81.8,91.1
A04289,L077,MATH01,2026-05-10,MATH01_L09,33,4,93.0,100.0
A04290,L077,MATH01,2026-03-11,MATH01_L12,24,4,71.8,77.7
A04291,L077,MATH01,2025-10-28,MATH01_L06,35,3,77.4,67.0
A04292,L077,MATH01,2026-06-07,MATH01_L07,30,4,88.7,77.8
A04293,L077,MATH01,2026-05-02,MATH01_L11,46,4,71.5,73.8
A04294,L077,MATH01,2026-01-05,MATH01_L05,34,5,71.1,100.0
A04295,L077,MATH01,2025-11-14,MATH01_L06,38,5,67.3,60.0
A04296,L077,MATH01,2026-05-02,MATH01_L12,33,4,90.0,83.7
A04297,L078,ELA04,2026-02-05,ELA04_L01,32,3,85.3,96.7
A04298,L078,ELA04,2026-07-28,ELA04_L02,38,2,67.3,54.3
A04299,L078,ELA04,2026-08-06,ELA04_L02,29,3,78.6,84.5
A04300,L078,ELA04,2026-08-20,ELA04_L08,44,4,70.9,76.1
A04301,L078,ELA04,2026-01-08,ELA04_L13,40,5,85.5,96.4
A04302,L078,ELA04,2026-02-06,ELA04_L12,48,4,71.4,66.6
A04303,L078,ELA04,2026-08-17,ELA04_L04,46,4,77.8,99.6
A04304,L078,ELA04,2026-06-01,ELA04_L08,41,3,84.2,82.1
A04305,L078,ELA04,2026-04-15,ELA04_L13,43,4,76.1,78.2
A04306,L078,ELA04,2025-09-05,ELA04_L13,43,3,76.5,96.9
A04307,L078,ELA04,2026-01-09,ELA04_L10,49,4,59.2,71.2
A04308,L078,ELA04,2025-10-17,ELA04_L08,40,4,78.5,88.2
A04309,L078,ELA04,2026-01-31,ELA04_L07,45,3,72.9,72.9
A04310,L078,ELA04,2025-11-22,ELA04_L15,45,4,82.2,77.5
A04311,L078,ELA04,2026-07-21,ELA04_L11,32,6,82.7,81.7
A04312,L078,MATH04,2025-09-18,MATH04_L09,28,4,63.2,64.9
A04313,L078,MATH04,2025-10-12,MATH04_L16,29,4,91.3,78.6
A04314,L078,MATH04,2026-04-30,MATH04_L14,51,3,71.6,78.7
A04315,L078,MATH04,2026-02-18,MATH04_L14,37,4,78.7,64.8
A04316,L078,MATH04,2025-10-22,MATH04_L06,53,4,88.8,100.0
A04317,L078,MATH04,2026-08-24,MATH04_L09,40,5,72.4,66.8
A04318,L078,MATH04,2026-05-18,MATH04_L03,24,6,64.5,58.1
A04319,L078,MATH04,2026-02-28,MATH04_L14,28,5,74.1,64.7
A04320,L078,MATH04,2026-07-06,MATH04_L11,40,3,71.6,69.5
A04321,L078,MATH04,2026-04-21,MATH04_L01,41,4,86.8,89.3
A04322,L078,MATH04,2025-09-27,MATH04_L06,53,3,72.4,75.0
A04323,L078,MATH04,2026-07-20,MATH04_L15,45,5,76.5,76.1
A04324,L078,MATH04,2026-07-26,MATH04_L05,40,2,77.9,58.8
A04325,L078,MATH04,2025-09-02,MATH04_L13,33,3,70.7,79.7
A04326,L078,MATH04,2025-12-12,MATH04_L10,35,3,75.6,75.0
A04327,L078,MATH04,2026-02-08,MATH04_L03,36,4,54.5,57.4
A04328,L078,READ01,2025-11-20,READ01_L04,39,3,63.0,53.3
A04329,L078,READ01,2026-05-23,READ01_L12,53,4,81.3,71.5
A04330,L078,READ01,2026-07-30,READ01_L13,45,4,77.1,100.0
A04331,L078,READ01,2025-11-06,READ01_L14,39,5,69.8,87.7
A04332,L078,READ01,2026-07-02,READ01_L11,37,5,59.9,94.6
A04333,L078,READ01,2026-03-30,READ01_L13,34,3,81.2,100.0
A04334,L078,READ01,2026-02-11,READ01_L08,30,4,81.4,85.1
A04335,L078,READ01,2026-05-03,READ01_L14,30,3,79.9,60.1
A04336,L078,READ01,2025-11-08,READ01_L05,34,4,83.9,100.0
A04337,L078,READ01,2025-11-28,READ01_L11,36,4,77.3,78.1
A04338,L078,READ01,2026-07-01,READ01_L14,40,3,85.5,98.1
A04339,L078,SCI03,2026-01-23,SCI03_L04,26,5,85.4,89.8
A04340,L078,SCI03,2025-10-14,SCI03_L07,45,3,77.8,89.3
A04341,L078,SCI03,2026-03-08,SCI03_L03,25,3,72.5,79.3
A04342,L078,SCI03,2026-03-21,SCI03_L15,50,5,68.0,84.0
A04343,L078,SCI03,2026-03-13,SCI03_L14,39,3,76.5,88.5
A04344,L078,SCI03,2026-06-20,SCI03_L04,42,5,78.6,71.3
A04345,L078,SCI03,2025-09-11,SCI03_L01,40,3,74.5,72.3
A04346,L078,SCI03,2026-06-13,SCI03_L11,35,5,79.5,61.4
A04347,L078,SCI03,2026-07-11,SCI03_L11,42,3,84.5,73.4
A04348,L078,SCI03,2025-12-27,SCI03_L15,31,5,58.9,58.2
A04349,L078,SCI03,2025-10-16,SCI03_L08,32,4,84.9,76.2
A04350,L078,SCI03,2025-12-11,SCI03_L05,36,3,67.8,49.3
A04351,L078,SCI03,2026-08-26,SCI03_L14,38,5,74.1,85.3
A04352,L078,SCI03,2025-11-26,SCI03_L01,43,4,85.3,70.6
A04353,L078,SCI03,2026-03-25,SCI03_L10,42,5,76.7,85.0
A04354,L079,READ01,2026-07-05,READ01_L05,31,4,92.5,97.7
A04355,L079,READ01,2025-11-16,READ01_L02,38,4,91.9,100.0
A04356,L079,READ01,2026-03-08,READ01_L03,52,3,73.6,50.6
A04357,L079,READ01,2026-06-18,READ01_L02,53,5,82.7,91.7
A04358,L079,READ01,2025-09-08,READ01_L12,38,3,82.9,55.8
A04359,L079,READ01,2026-05-28,READ01_L07,50,4,84.2,91.7
A04360,L079,READ01,2026-04-21,READ01_L14,42,4,95.3,85.5
A04361,L079,READ01,2026-08-11,READ01_L08,43,3,98.8,84.7
A04362,L079,READ01,2025-10-31,READ01_L04,31,6,92.6,59.6
A04363,L079,READ01,2025-12-14,READ01_L04,43,4,94.0,91.9
A04364,L079,READ01,2026-01-15,READ01_L05,45,3,97.7,77.1
A04365,L079,READ01,2026-05-12,READ01_L07,39,3,84.0,83.4
A04366,L079,READ01,2025-11-06,READ01_L07,39,5,78.0,95.9
A04367,L079,READ01,2025-12-15,READ01_L10,34,4,89.9,90.6
A04368,L079,READ01,2025-12-20,READ01_L14,42,6,71.9,72.3
A04369,L079,READ01,2026-01-23,READ01_L12,40,3,69.9,80.2
A04370,L079,ELA01,2026-04-03,ELA01_L03,38,4,86.8,84.3
A04371,L079,ELA01,2026-03-29,ELA01_L03,33,3,82.7,96.3
A04372,L079,ELA01,2025-09-15,ELA01_L05,41,4,79.5,83.4
A04373,L079,ELA01,2026-01-13,ELA01_L04,26,4,73.2,78.0
A04374,L079,ELA01,2026-07-14,ELA01_L08,36,6,76.8,54.6
A04375,L079,ELA01,2026-01-06,ELA01_L06,54,4,76.6,68.1
A04376,L079,ELA01,2026-06-26,ELA01_L11,40,4,92.0,94.3
A04377,L079,ELA01,2026-07-29,ELA01_L08,31,4,77.3,65.2
A04378,L079,ELA01,2025-10-14,ELA01_L01,42,5,82.7,96.2
A04379,L079,ELA01,2026-04-29,ELA01_L03,43,5,79.4,83.3
A04380,L079,ELA01,2026-02-13,ELA01_L12,31,5,78.8,58.3
A04381,L079,ELA01,2026-03-23,ELA01_L11,19,3,80.5,69.9
A04382,L079,ELA01,2025-12-18,ELA01_L12,45,4,91.4,100.0
A04383,L079,SCI01,2026-08-29,SCI01_L07,38,3,89.7,87.2
A04384,L079,SCI01,2026-07-03,SCI01_L05,29,4,81.8,85.2
A04385,L079,SCI01,2025-10-08,SCI01_L02,42,5,86.2,84.0
A04386,L079,SCI01,2026-06-13,SCI01_L01,36,4,84.2,100.0
A04387,L079,SCI01,2025-09-27,SCI01_L06,46,4,66.3,57.3
A04388,L079,SCI01,2025-12-30,SCI01_L08,27,3,84.7,74.5
A04389,L079,SCI01,2026-03-01,SCI01_L10,33,6,80.8,100.0
A04390,L079,SCI01,2026-08-10,SCI01_L10,44,5,66.4,72.9
A04391,L079,SCI01,2026-08-30,SCI01_L12,37,3,77.3,72.3
A04392,L079,SCI01,2025-09-24,SCI01_L01,38,3,72.9,70.5
A04393,L079,SCI01,2026-01-08,SCI01_L09,41,3,72.6,76.1
A04394,L079,SCI01,2026-07-15,SCI01_L07,52,2,91.3,81.2
A04395,L079,SCI01,2026-02-02,SCI01_L07,43,2,80.2,68.4
A04396,L079,SCI01,2026-08-10,SCI01_L06,40,5,83.6,89.0
A04397,L079,SCI01,2025-11-07,SCI01_L09,41,4,85.3,93.3
A04398,L079,SCI01,2025-09-22,SCI01_L10,52,2,64.7,51.7
A04399,L079,MATH01,2026-01-12,MATH01_L03,45,1,80.8,80.5
A04400,L079,MATH01,2026-05-16,MATH01_L08,47,3,88.9,85.3
A04401,L079,MATH01,2026-02-21,MATH01_L08,36,3,77.7,67.0
A04402,L079,MATH01,2025-11-07,MATH01_L02,40,5,86.1,88.7
A04403,L079,MATH01,2026-02-10,MATH01_L12,46,2,88.2,78.0
A04404,L079,MATH01,2026-05-30,MATH01_L07,39,3,80.8,91.7
A04405,L079,MATH01,2025-11-12,MATH01_L05,41,4,98.4,100.0
A04406,L079,MATH01,2025-10-30,MATH01_L06,40,5,67.7,60.0
A04407,L079,MATH01,2025-09-23,MATH01_L03,38,4,72.8,61.9
A04408,L079,MATH01,2026-05-14,MATH01_L05,35,3,99.4,98.3
A04409,L079,MATH01,2026-03-04,MATH01_L07,39,5,89.9,79.4
A04410,L079,MATH01,2026-01-23,MATH01_L05,44,5,94.5,98.9
A04411,L080,SCI03,2026-05-23,SCI03_L06,28,3,73.7,89.8
A04412,L080,SCI03,2026-04-12,SCI03_L15,25,4,79.5,74.4
A04413,L080,SCI03,2025-11-24,SCI03_L06,37,4,61.5,66.9
A04414,L080,SCI03,2026-05-10,SCI03_L13,39,3,64.5,69.4
A04415,L080,SCI03,2025-11-17,SCI03_L09,18,4,78.2,59.8
A04416,L080,SCI03,2026-08-03,SCI03_L11,30,2,76.9,85.2
A04417,L080,SCI03,2026-04-14,SCI03_L01,27,2,70.0,67.7
A04418,L080,SCI03,2025-12-06,SCI03_L03,26,3,57.4,45.8
A04419,L080,SCI03,2025-09-28,SCI03_L04,47,3,70.5,72.0
A04420,L080,SCI03,2025-12-03,SCI03_L01,25,5,83.2,96.1
A04421,L080,SCI03,2026-04-29,SCI03_L05,45,4,73.9,66.9
A04422,L080,SCI03,2025-11-23,SCI03_L12,44,4,75.8,76.3
A04423,L080,SCI03,2026-04-28,SCI03_L07,36,4,61.3,73.6
A04424,L080,SCI03,2025-10-30,SCI03_L15,37,2,63.6,75.4
A04425,L080,ELA04,2025-09-21,ELA04_L15,41,2,60.8,73.2
A04426,L080,ELA04,2026-03-02,ELA04_L16,28,4,69.6,62.5
A04427,L080,ELA04,2026-04-23,ELA04_L16,32,2,73.1,61.3
A04428,L080,ELA04,2025-10-28,ELA04_L05,46,4,63.6,83.1
A04429,L080,ELA04,2025-11-03,ELA04_L12,30,3,80.3,75.4
A04430,L080,ELA04,2025-10-18,ELA04_L07,20,3,61.7,46.3
A04431,L080,ELA04,2026-01-24,ELA04_L06,52,3,66.8,69.1
A04432,L080,ELA04,2025-11-26,ELA04_L09,37,4,74.3,70.0
A04433,L080,ELA04,2026-06-16,ELA04_L07,27,4,65.2,44.3
A04434,L080,ELA04,2026-06-26,ELA04_L01,23,4,74.8,70.6
A04435,L080,ELA04,2026-05-28,ELA04_L06,39,4,57.2,51.9
A04436,L080,ELA04,2026-04-02,ELA04_L03,16,2,72.8,88.3
A04437,L080,ELA04,2026-01-05,ELA04_L16,20,3,65.3,54.2
A04438,L080,ELA04,2026-08-13,ELA04_L04,32,4,65.7,64.9
A04439,L080,ELA04,2026-02-16,ELA04_L01,38,4,77.9,91.9
A04440,L080,ELA04,2026-01-24,ELA04_L04,25,5,63.9,65.6
A04441,L080,ELA04,2026-03-21,ELA04_L12,30,3,68.2,78.3
A04442,L080,MATH04,2026-02-13,MATH04_L05,41,4,74.9,81.8
A04443,L080,MATH04,2025-09-15,MATH04_L03,33,5,68.1,63.6
A04444,L080,MATH04,2026-04-24,MATH04_L16,28,3,70.0,67.2
A04445,L080,MATH04,2026-04-21,MATH04_L09,41,2,60.6,61.8
A04446,L080,MATH04,2026-07-02,MATH04_L01,20,3,68.1,71.2
A04447,L080,MATH04,2026-02-16,MATH04_L02,33,4,70.5,69.2
A04448,L080,MATH04,2026-08-02,MATH04_L15,37,4,67.2,59.1
A04449,L080,MATH04,2026-02-14,MATH04_L05,29,3,63.2,80.3
A04450,L080,MATH04,2025-12-18,MATH04_L02,26,3,71.6,76.1
A04451,L080,MATH04,2026-07-27,MATH04_L10,29,5,59.8,52.4
A04452,L080,MATH04,2026-02-13,MATH04_L02,45,3,74.7,64.0
A04453,L080,READ01,2026-06-08,READ01_L10,26,3,64.8,62.4
A04454,L080,READ01,2026-03-15,READ01_L02,46,4,69.9,75.8
A04455,L080,READ01,2026-03-24,READ01_L05,38,5,51.3,20.0
A04456,L080,READ01,2025-12-01,READ01_L04,33,3,72.6,82.2
A04457,L080,READ01,2026-03-24,READ01_L02,41,3,80.7,69.4
A04458,L080,READ01,2025-09-11,READ01_L14,42,3,68.2,64.7
A04459,L080,READ01,2025-12-16,READ01_L03,43,5,89.6,72.1
A04460,L080,READ01,2026-03-18,READ01_L13,35,2,61.4,80.6
A04461,L080,READ01,2026-03-26,READ01_L05,30,5,78.3,78.3
A04462,L080,READ01,2026-07-29,READ01_L13,36,4,87.8,100.0
A04463,L080,READ01,2026-08-01,READ01_L03,39,3,77.3,83.4
A04464,L081,READ01,2026-01-31,READ01_L08,38,3,67.1,45.7
A04465,L081,READ01,2026-04-10,READ01_L12,47,5,74.0,73.0
A04466,L081,READ01,2026-02-06,READ01_L11,32,2,87.6,61.4
A04467,L081,READ01,2026-07-06,READ01_L03,43,3,64.2,69.7
A04468,L081,READ01,2026-03-03,READ01_L11,28,4,86.8,93.3
A04469,L081,READ01,2025-10-20,READ01_L14,47,3,66.7,62.1
A04470,L081,READ01,2026-03-08,READ01_L09,41,5,90.5,100.0
A04471,L081,READ01,2025-12-12,READ01_L08,47,3,68.4,61.9
A04472,L081,READ01,2026-04-17,READ01_L07,32,5,71.4,74.7
A04473,L081,READ01,2026-05-02,READ01_L05,42,3,69.7,65.8
A04474,L081,READ01,2026-06-16,READ01_L10,40,4,74.0,69.7
A04475,L081,ELA01,2025-10-17,ELA01_L07,35,3,80.4,62.8
A04476,L081,ELA01,2026-03-08,ELA01_L10,37,4,81.5,94.0
A04477,L081,ELA01,2025-12-05,ELA01_L07,26,4,69.8,73.5
A04478,L081,ELA01,2026-07-20,ELA01_L07,48,1,71.5,85.0
A04479,L081,ELA01,2025-10-18,ELA01_L01,40,1,80.0,95.4
A04480,L081,ELA01,2026-05-21,ELA01_L06,33,4,65.4,70.3
A04481,L081,ELA01,2026-04-26,ELA01_L11,44,4,78.7,81.8
A04482,L081,ELA01,2025-12-24,ELA01_L11,28,3,77.0,87.7
A04483,L081,ELA01,2026-08-18,ELA01_L12,42,3,80.3,91.2
A04484,L081,ELA01,2025-11-19,ELA01_L08,45,3,64.3,84.5
A04485,L081,ELA01,2026-05-28,ELA01_L11,51,3,61.5,56.9
A04486,L081,ELA01,2026-07-29,ELA01_L09,31,4,75.2,66.3
A04487,L081,ELA01,2025-10-13,ELA01_L05,40,3,68.0,58.8
A04488,L081,ELA01,2026-04-28,ELA01_L07,33,5,62.6,52.5
A04489,L081,ELA01,2025-10-11,ELA01_L08,38,3,67.8,94.5
A04490,L081,ELA01,2026-02-01,ELA01_L03,39,5,72.3,83.4
A04491,L081,MATH01,2026-08-17,MATH01_L05,35,6,75.5,74.3
A04492,L081,MATH01,2026-01-06,MATH01_L09,31,2,70.1,79.9
A04493,L081,MATH01,2026-04-07,MATH01_L05,37,3,54.8,81.7
A04494,L081,MATH01,2026-06-19,MATH01_L01,29,4,59.0,56.6
A04495,L081,MATH01,2026-06-10,MATH01_L02,36,2,69.2,73.5
A04496,L081,MATH01,2025-09-24,MATH01_L09,36,3,55.1,67.2
A04497,L081,MATH01,2025-10-26,MATH01_L09,34,5,87.7,83.9
A04498,L081,MATH01,2026-04-06,MATH01_L07,51,4,65.9,65.9
A04499,L081,MATH01,2025-10-19,MATH01_L08,39,4,79.1,63.2
A04500,L081,MATH01,2026-08-05,MATH01_L12,42,4,71.5,82.3
A04501,L081,MATH01,2026-06-19,MATH01_L05,30,2,76.7,74.8
A04502,L081,MATH01,2026-03-01,MATH01_L05,39,3,69.4,62.0
A04503,L081,SCI01,2026-05-16,SCI01_L01,38,3,82.0,82.3
A04504,L081,SCI01,2025-10-29,SCI01_L12,39,4,84.7,75.6
A04505,L081,SCI01,2026-08-05,SCI01_L08,55,3,81.8,67.7
A04506,L081,SCI01,2025-12-01,SCI01_L03,44,4,75.0,62.4
A04507,L081,SCI01,2026-03-21,SCI01_L01,41,3,72.8,80.0
A04508,L081,SCI01,2025-10-13,SCI01_L07,39,4,82.9,92.9
A04509,L081,SCI01,2026-08-27,SCI01_L05,29,3,66.8,60.9
A04510,L081,SCI01,2026-02-08,SCI01_L10,51,6,67.2,63.0
A04511,L081,SCI01,2026-04-21,SCI01_L11,35,5,74.4,90.0
A04512,L081,SCI01,2026-04-19,SCI01_L10,40,2,59.4,80.5
A04513,L081,SCI01,2026-01-14,SCI01_L06,30,3,77.1,73.7
A04514,L082,MATH04,2025-12-18,MATH04_L06,41,2,64.8,86.9
A04515,L082,MATH04,2025-10-11,MATH04_L09,26,3,73.4,94.0
A04516,L082,MATH04,2026-08-11,MATH04_L04,30,4,70.5,100.0
A04517,L082,MATH04,2026-04-11,MATH04_L01,28,3,61.4,64.4
A04518,L082,MATH04,2025-09-03,MATH04_L13,36,2,56.4,48.4
A04519,L082,MATH04,2025-10-30,MATH04_L01,19,4,66.7,42.5
A04520,L082,MATH04,2025-11-27,MATH04_L16,29,3,46.7,62.6
A04521,L082,MATH04,2026-04-24,MATH04_L13,31,4,61.1,50.6
A04522,L082,MATH04,2026-08-03,MATH04_L16,23,3,61.7,60.2
A04523,L082,MATH04,2026-02-03,MATH04_L12,34,3,54.2,68.3
A04524,L082,MATH04,2026-08-20,MATH04_L13,32,2,47.8,58.2
A04525,L082,MATH04,2026-02-02,MATH04_L03,37,2,66.6,77.3
A04526,L082,SCI03,2025-11-09,SCI03_L01,19,2,48.4,48.0
A04527,L082,SCI03,2025-12-07,SCI03_L02,10,4,66.0,67.6
A04528,L082,SCI03,2025-09-09,SCI03_L12,33,4,48.1,55.2
A04529,L082,SCI03,2025-12-06,SCI03_L14,22,3,69.4,58.3
A04530,L082,SCI03,2025-09-14,SCI03_L04,38,6,74.3,68.7
A04531,L082,SCI03,2026-05-05,SCI03_L11,32,4,54.8,50.4
A04532,L082,SCI03,2025-11-14,SCI03_L11,33,3,61.6,53.8
A04533,L082,SCI03,2026-01-02,SCI03_L07,31,3,59.5,70.8
A04534,L082,SCI03,2026-07-18,SCI03_L14,26,3,74.7,64.8
A04535,L082,SCI03,2026-06-03,SCI03_L04,28,3,62.1,75.3
A04536,L082,SCI03,2025-10-15,SCI03_L05,37,3,40.4,45.9
A04537,L082,SCI03,2026-04-26,SCI03_L03,42,4,53.4,60.2
A04538,L082,READ01,2026-04-05,READ01_L01,27,2,66.9,76.0
A04539,L082,READ01,2025-10-30,READ01_L03,44,3,54.5,60.5
A04540,L082,READ01,2025-11-18,READ01_L12,27,3,77.4,90.0
A04541,L082,READ01,2026-08-26,READ01_L08,30,3,68.2,65.4
A04542,L082,READ01,2026-05-07,READ01_L08,30,3,72.2,67.1
A04543,L082,READ01,2025-09-11,READ01_L14,34,2,66.2,54.6
A04544,L082,READ01,2026-04-19,READ01_L10,26,4,44.6,60.5
A04545,L082,READ01,2026-01-03,READ01_L04,37,3,66.1,75.4
A04546,L082,READ01,2026-01-29,READ01_L10,47,3,62.9,79.0
A04547,L082,READ01,2026-03-20,READ01_L01,39,1,67.6,78.7
A04548,L082,READ01,2026-02-18,READ01_L01,29,2,59.6,59.5
A04549,L082,READ01,2025-10-23,READ01_L11,22,2,60.9,66.7
A04550,L082,READ01,2026-04-10,READ01_L07,34,4,67.6,66.5
A04551,L082,READ01,2026-05-12,READ01_L12,25,1,60.2,82.4
A04552,L082,READ01,2026-06-24,READ01_L10,22,3,69.6,68.4
A04553,L082,READ01,2026-06-11,READ01_L05,29,3,58.4,68.2
A04554,L082,READ01,2025-09-19,READ01_L08,32,3,63.8,75.1
A04555,L082,ELA04,2026-05-07,ELA04_L16,33,3,64.3,68.4
A04556,L082,ELA04,2025-12-28,ELA04_L02,39,2,56.8,51.9
A04557,L082,ELA04,2026-05-29,ELA04_L01,24,1,65.5,66.2
A04558,L082,ELA04,2026-04-05,ELA04_L11,22,4,47.0,44.6
A04559,L082,ELA04,2026-06-11,ELA04_L03,23,3,70.9,75.7
A04560,L082,ELA04,2026-01-16,ELA04_L14,41,4,51.2,31.9
A04561,L082,ELA04,2026-05-01,ELA04_L04,36,2,60.3,42.5
A04562,L082,ELA04,2026-05-12,ELA04_L12,50,3,62.8,81.7
A04563,L082,ELA04,2026-04-18,ELA04_L14,34,4,54.6,54.5
A04564,L082,ELA04,2025-09-11,ELA04_L06,38,5,58.2,61.8
A04565,L082,ELA04,2026-01-26,ELA04_L07,31,6,56.5,58.1
A04566,L082,ELA04,2026-04-29,ELA04_L12,24,1,55.8,60.2
A04567,L082,ELA04,2026-04-13,ELA04_L08,30,3,65.8,51.8
A04568,L082,ELA04,2026-05-18,ELA04_L08,37,2,61.7,81.9
A04569,L082,ELA04,2026-06-28,ELA04_L11,35,4,53.9,53.0
A04570,L082,ELA04,2026-07-06,ELA04_L15,21,4,59.1,57.0
A04571,L083,MATH04,2026-01-29,MATH04_L13,40,3,71.5,69.1
A04572,L083,MATH04,2026-04-02,MATH04_L12,26,5,77.8,68.9
A04573,L083,MATH04,2026-04-30,MATH04_L06,36,6,57.7,34.8
A04574,L083,MATH04,2026-07-16,MATH04_L07,38,3,66.0,70.6
A04575,L083,MATH04,2026-01-23,MATH04_L03,30,3,61.4,47.9
A04576,L083,MATH04,2026-08-08,MATH04_L16,32,3,66.8,70.6
A04577,L083,MATH04,2025-11-06,MATH04_L06,33,6,52.6,39.6
A04578,L083,MATH04,2025-12-12,MATH04_L06,35,3,77.4,61.6
A04579,L083,MATH04,2026-07-08,MATH04_L16,46,3,68.3,67.3
A04580,L083,MATH04,2025-10-22,MATH04_L14,37,2,75.2,76.4
A04581,L083,MATH04,2026-05-11,MATH04_L10,34,1,79.3,83.9
A04582,L083,MATH04,2025-12-30,MATH04_L07,20,2,65.6,77.3
A04583,L083,READ01,2025-09-25,READ01_L01,27,3,61.3,53.6
A04584,L083,READ01,2026-03-03,READ01_L05,33,2,68.0,61.8
A04585,L083,READ01,2026-03-02,READ01_L11,35,3,70.7,94.0
A04586,L083,READ01,2025-11-21,READ01_L03,41,3,73.0,75.7
A04587,L083,READ01,2026-05-16,READ01_L01,41,3,63.7,66.4
A04588,L083,READ01,2025-10-03,READ01_L06,35,6,68.4,60.4
A04589,L083,READ01,2026-04-09,READ01_L02,40,3,61.8,58.3
A04590,L083,READ01,2026-07-14,READ01_L04,39,4,58.5,54.7
A04591,L083,READ01,2025-11-01,READ01_L09,20,3,72.9,70.8
A04592,L083,READ01,2025-12-24,READ01_L08,21,3,57.8,66.1
A04593,L083,READ01,2026-01-11,READ01_L06,30,4,77.4,85.1
A04594,L083,READ01,2026-03-01,READ01_L13,32,2,76.9,77.8
A04595,L083,READ01,2025-09-24,READ01_L13,29,3,59.0,55.0
A04596,L083,READ01,2026-06-13,READ01_L05,40,3,68.3,73.0
A04597,L083,READ01,2025-11-17,READ01_L14,42,3,67.3,66.3
A04598,L083,READ01,2026-08-20,READ01_L14,33,3,64.2,53.6
A04599,L083,READ01,2026-05-22,READ01_L10,26,3,73.4,85.6
A04600,L083,READ01,2026-08-09,READ01_L02,41,3,64.3,51.7
A04601,L083,ELA04,2026-04-13,ELA04_L15,45,2,54.4,63.4
A04602,L083,ELA04,2025-10-27,ELA04_L04,45,6,59.2,38.9
A04603,L083,ELA04,2026-07-10,ELA04_L04,41,4,58.5,67.8
A04604,L083,ELA04,2026-06-15,ELA04_L02,51,3,62.6,48.0
A04605,L083,ELA04,2026-05-18,ELA04_L04,25,5,65.1,57.2
A04606,L083,ELA04,2025-11-25,ELA04_L04,31,3,71.1,48.2
A04607,L083,ELA04,2025-12-15,ELA04_L12,45,2,71.9,53.4
A04608,L083,ELA04,2025-11-20,ELA04_L10,21,5,73.6,62.7
A04609,L083,ELA04,2026-08-29,ELA04_L15,37,2,58.3,49.8
A04610,L083,ELA04,2026-05-18,ELA04_L16,15,5,70.0,70.5
A04611,L083,SCI03,2025-11-18,SCI03_L11,27,4,56.8,64.0
A04612,L083,SCI03,2026-03-06,SCI03_L06,29,4,78.3,83.4
A04613,L083,SCI03,2025-11-10,SCI03_L02,44,3,72.7,71.4
A04614,L083,SCI03,2025-12-13,SCI03_L08,34,4,62.3,42.4
A04615,L083,SCI03,2026-04-01,SCI03_L13,26,3,76.0,91.0
A04616,L083,SCI03,2025-09-04,SCI03_L04,37,2,69.8,57.3
A04617,L083,SCI03,2026-05-01,SCI03_L06,30,3,74.7,86.3
A04618,L083,SCI03,2026-01-25,SCI03_L09,37,3,58.8,58.7
A04619,L083,SCI03,2025-11-27,SCI03_L02,30,2,63.0,68.8
A04620,L083,SCI03,2026-01-15,SCI03_L06,42,3,61.8,49.1
A04621,L083,SCI03,2026-04-01,SCI03_L06,31,4,65.3,60.8
A04622,L084,SCI03,2025-11-17,SCI03_L13,44,4,57.7,77.6
A04623,L084,SCI03,2026-05-30,SCI03_L07,25,4,69.9,88.2
A04624,L084,SCI03,2025-12-26,SCI03_L03,40,4,72.1,68.5
A04625,L084,SCI03,2026-04-08,SCI03_L07,30,1,53.2,69.3
A04626,L084,SCI03,2026-03-29,SCI03_L15,43,2,57.6,70.6
A04627,L084,SCI03,2026-04-23,SCI03_L14,22,5,55.9,69.2
A04628,L084,SCI03,2026-05-23,SCI03_L13,33,3,61.6,63.9
A04629,L084,SCI03,2026-08-16,SCI03_L06,29,5,53.5,85.6
A04630,L084,SCI03,2025-09-16,SCI03_L08,36,3,72.4,62.8
A04631,L084,SCI03,2025-11-14,SCI03_L13,28,5,54.0,75.7
A04632,L084,SCI03,2025-09-06,SCI03_L12,25,4,65.8,63.0
A04633,L084,SCI03,2026-05-23,SCI03_L02,35,2,42.6,32.9
A04634,L084,SCI03,2025-10-14,SCI03_L06,28,3,57.9,56.9
A04635,L084,ELA04,2026-03-25,ELA04_L06,45,2,44.9,33.4
A04636,L084,ELA04,2026-04-11,ELA04_L02,32,4,57.2,60.5
A04637,L084,ELA04,2026-03-21,ELA04_L02,35,3,64.4,68.1
A04638,L084,ELA04,2026-08-05,ELA04_L05,30,4,44.4,91.7
A04639,L084,ELA04,2026-06-22,ELA04_L02,36,2,50.2,74.8
A04640,L084,ELA04,2026-07-21,ELA04_L10,37,2,49.0,45.2
A04641,L084,ELA04,2026-04-03,ELA04_L13,41,2,59.6,67.6
A04642,L084,ELA04,2026-08-15,ELA04_L10,35,4,60.0,44.6
A04643,L084,ELA04,2026-02-08,ELA04_L12,28,4,66.4,70.4
A04644,L084,ELA04,2025-09-05,ELA04_L09,28,4,58.2,73.3
A04645,L084,ELA04,2026-05-29,ELA04_L05,23,4,55.6,38.2
A04646,L084,ELA04,2026-08-25,ELA04_L13,24,3,49.4,33.4
A04647,L084,ELA04,2026-04-17,ELA04_L07,23,4,44.4,29.1
A04648,L084,ELA04,2026-06-06,ELA04_L15,48,3,57.1,61.3
A04649,L084,ELA04,2026-08-24,ELA04_L12,50,2,52.3,49.6
A04650,L084,READ01,2025-12-11,READ01_L05,31,3,70.4,67.0
A04651,L084,READ01,2025-10-14,READ01_L01,35,4,57.7,50.0
A04652,L084,READ01,2026-06-03,READ01_L06,28,2,53.7,34.7
A04653,L084,READ01,2026-03-19,READ01_L12,40,4,62.2,33.7
A04654,L084,READ01,2025-11-04,READ01_L09,24,3,57.9,52.9
A04655,L084,READ01,2026-06-04,READ01_L05,32,1,64.6,53.0
A04656,L084,READ01,2025-12-19,READ01_L02,33,2,59.9,41.5
A04657,L084,READ01,2026-05-20,READ01_L09,21,1,60.3,55.0
A04658,L084,READ01,2026-02-07,READ01_L09,25,2,56.0,56.1
A04659,L084,READ01,2026-02-22,READ01_L13,33,3,54.1,56.1
A04660,L084,READ01,2026-07-23,READ01_L03,39,4,66.9,77.0
A04661,L084,READ01,2025-09-12,READ01_L01,29,3,61.8,51.2
A04662,L084,READ01,2026-06-04,READ01_L10,38,2,59.9,59.5
A04663,L084,READ01,2026-01-11,READ01_L04,34,2,54.5,45.6
A04664,L084,READ01,2026-02-03,READ01_L12,36,3,54.4,49.3
A04665,L084,READ01,2026-04-05,READ01_L09,29,4,62.0,50.3
A04666,L084,MATH04,2025-10-01,MATH04_L12,21,3,58.4,38.2
A04667,L084,MATH04,2026-01-11,MATH04_L12,39,4,65.8,66.2
A04668,L084,MATH04,2025-11-03,MATH04_L02,26,5,52.8,70.1
A04669,L084,MATH04,2026-07-31,MATH04_L04,28,4,60.8,52.5
A04670,L084,MATH04,2026-04-18,MATH04_L10,43,2,61.7,71.7
A04671,L084,MATH04,2026-06-21,MATH04_L01,32,2,64.0,55.3
A04672,L084,MATH04,2026-04-21,MATH04_L11,21,3,62.2,68.7
A04673,L084,MATH04,2025-12-30,MATH04_L08,21,4,67.8,88.1
A04674,L084,MATH04,2026-02-27,MATH04_L10,24,3,63.2,62.6
A04675,L084,MATH04,2026-01-24,MATH04_L05,33,3,62.0,60.9
A04676,L084,MATH04,2026-03-13,MATH04_L08,29,3,62.0,55.1
A04677,L085,MATH01,2026-02-15,MATH01_L09,52,5,100.0,100.0
A04678,L085,MATH01,2026-06-26,MATH01_L04,42,3,93.8,90.6
A04679,L085,MATH01,2026-03-04,MATH01_L08,32,3,84.7,90.6
A04680,L085,MATH01,2025-10-21,MATH01_L03,31,4,90.0,100.0
A04681,L085,MATH01,2026-08-31,MATH01_L07,42,4,80.4,86.4
A04682,L085,MATH01,2026-03-30,MATH01_L02,41,5,80.5,83.3
A04683,L085,MATH01,2025-10-18,MATH01_L01,43,7,88.0,100.0
A04684,L085,MATH01,2026-04-06,MATH01_L03,22,5,82.3,84.5
A04685,L085,MATH01,2026-05-02,MATH01_L04,43,4,95.9,100.0
A04686,L085,MATH01,2026-04-17,MATH01_L02,30,4,97.5,96.3
A04687,L085,MATH01,2026-03-09,MATH01_L11,39,5,88.2,100.0
A04688,L085,ELA01,2026-03-26,ELA01_L10,45,4,100.0,98.2
A04689,L085,ELA01,2026-06-14,ELA01_L09,45,5,86.8,100.0
A04690,L085,ELA01,2026-03-22,ELA01_L05,44,7,83.7,76.7
A04691,L085,ELA01,2026-06-27,ELA01_L08,33,4,88.6,79.2
A04692,L085,ELA01,2026-07-23,ELA01_L07,42,3,95.8,100.0
A04693,L085,ELA01,2026-04-14,ELA01_L12,48,3,88.8,93.3
A04694,L085,ELA01,2026-05-09,ELA01_L12,37,3,93.6,93.1
A04695,L085,ELA01,2026-04-02,ELA01_L03,50,4,97.2,81.8
A04696,L085,ELA01,2025-11-13,ELA01_L09,37,5,83.9,82.7
A04697,L085,ELA01,2025-11-05,ELA01_L08,50,5,81.4,86.6
A04698,L085,ELA01,2026-08-31,ELA01_L08,21,3,73.6,67.8
A04699,L085,ELA01,2025-11-06,ELA01_L12,22,6,92.0,94.0
A04700,L085,ELA01,2026-05-21,ELA01_L09,34,5,98.3,99.3
A04701,L085,ELA01,2025-10-31,ELA01_L12,39,5,93.9,100.0
A04702,L085,ELA01,2025-12-18,ELA01_L08,43,2,82.2,90.6
A04703,L085,ELA01,2026-05-01,ELA01_L01,31,4,100.0,100.0
A04704,L085,ELA01,2025-11-20,ELA01_L09,42,4,87.6,82.5
A04705,L085,ELA01,2026-03-09,ELA01_L02,41,3,86.7,85.9
A04706,L085,SCI01,2025-10-27,SCI01_L02,37,3,99.9,98.1
A04707,L085,SCI01,2026-03-09,SCI01_L10,30,5,81.7,73.1
A04708,L085,SCI01,2026-01-27,SCI01_L01,42,3,82.4,61.5
A04709,L085,SCI01,2026-05-26,SCI01_L03,25,3,92.8,71.2
A04710,L085,SCI01,2025-10-31,SCI01_L06,44,4,83.5,100.0
A04711,L085,SCI01,2026-02-04,SCI01_L06,33,3,96.1,100.0
A04712,L085,SCI01,2026-02-03,SCI01_L05,45,4,95.9,99.2
A04713,L085,SCI01,2026-05-07,SCI01_L01,42,4,75.5,64.7
A04714,L085,SCI01,2025-11-13,SCI01_L03,53,4,83.1,100.0
A04715,L085,SCI01,2026-06-29,SCI01_L07,37,3,73.5,59.0
A04716,L085,SCI01,2025-09-25,SCI01_L05,43,5,80.8,72.6
A04717,L085,SCI01,2026-01-24,SCI01_L04,53,4,69.6,56.2
A04718,L085,SCI01,2025-12-03,SCI01_L12,42,4,89.6,91.4
A04719,L085,SCI01,2026-05-09,SCI01_L01,47,3,78.1,70.9
A04720,L085,SCI01,2025-11-02,SCI01_L09,50,6,92.6,100.0
A04721,L085,SCI01,2026-02-26,SCI01_L02,28,6,84.8,100.0
A04722,L085,READ01,2026-04-02,READ01_L08,48,4,82.0,100.0
A04723,L085,READ01,2026-06-21,READ01_L05,57,5,83.3,100.0
A04724,L085,READ01,2026-06-17,READ01_L08,44,3,83.7,93.8
A04725,L085,READ01,2026-02-20,READ01_L13,60,5,94.6,100.0
A04726,L085,READ01,2026-03-13,READ01_L08,45,4,83.6,85.0
A04727,L085,READ01,2026-07-08,READ01_L03,38,4,88.8,84.3
A04728,L085,READ01,2025-11-10,READ01_L09,49,5,84.4,88.5
A04729,L085,READ01,2026-07-23,READ01_L08,44,5,75.7,71.0
A04730,L085,READ01,2026-04-19,READ01_L11,22,5,100.0,100.0
A04731,L085,READ01,2026-04-18,READ01_L03,42,5,91.7,100.0
A04732,L086,ELA04,2025-10-16,ELA04_L14,44,4,84.4,71.3
A04733,L086,ELA04,2026-03-18,ELA04_L08,37,3,95.9,89.5
A04734,L086,ELA04,2026-03-22,ELA04_L11,50,5,83.8,100.0
A04735,L086,ELA04,2026-06-04,ELA04_L02,49,7,84.9,89.1
A04736,L086,ELA04,2026-08-10,ELA04_L15,47,3,97.1,100.0
A04737,L086,ELA04,2026-01-21,ELA04_L03,39,4,92.7,100.0
A04738,L086,ELA04,2025-11-24,ELA04_L01,59,5,82.4,67.7
A04739,L086,ELA04,2026-06-20,ELA04_L10,39,7,86.1,75.5
A04740,L086,ELA04,2026-06-15,ELA04_L04,37,5,89.3,83.0
A04741,L086,ELA04,2026-07-27,ELA04_L03,40,4,81.1,74.0
A04742,L086,ELA04,2025-12-08,ELA04_L02,51,4,85.9,72.3
A04743,L086,ELA04,2026-06-19,ELA04_L07,42,3,86.5,100.0
A04744,L086,ELA04,2026-05-02,ELA04_L01,53,5,97.1,72.0
A04745,L086,ELA04,2025-11-01,ELA04_L06,35,4,100.0,100.0
A04746,L086,ELA04,2025-09-10,ELA04_L09,50,5,100.0,96.3
A04747,L086,MATH04,2026-01-04,MATH04_L15,44,4,87.6,98.3
A04748,L086,MATH04,2025-10-14,MATH04_L11,46,2,96.8,98.4
A04749,L086,MATH04,2026-03-25,MATH04_L02,43,4,89.3,73.4
A04750,L086,MATH04,2026-05-10,MATH04_L01,39,5,93.9,85.9
A04751,L086,MATH04,2026-02-22,MATH04_L14,50,5,100.0,97.4
A04752,L086,MATH04,2025-12-02,MATH04_L14,45,5,97.0,100.0
A04753,L086,MATH04,2025-09-13,MATH04_L11,32,3,100.0,90.6
A04754,L086,MATH04,2026-03-15,MATH04_L09,41,5,78.2,77.9
A04755,L086,MATH04,2025-10-17,MATH04_L04,51,5,85.9,90.0
A04756,L086,MATH04,2025-10-21,MATH04_L06,41,7,99.4,94.1
A04757,L086,MATH04,2026-01-25,MATH04_L05,34,5,100.0,92.3
A04758,L086,MATH04,2025-12-03,MATH04_L09,38,5,99.2,91.4
A04759,L086,MATH04,2025-10-16,MATH04_L05,36,6,97.7,85.7
A04760,L086,READ01,2026-03-28,READ01_L11,49,4,79.4,79.4
A04761,L086,READ01,2025-11-26,READ01_L01,31,4,87.6,100.0
A04762,L086,READ01,2026-07-12,READ01_L06,43,6,98.2,85.5
A04763,L086,READ01,2025-12-02,READ01_L01,45,4,87.6,84.6
A04764,L086,READ01,2025-09-30,READ01_L05,25,5,80.6,83.5
A04765,L086,READ01,2026-03-19,READ01_L02,38,4,97.4,97.5
A04766,L086,READ01,2026-02-11,READ01_L03,40,5,97.0,85.0
A04767,L086,READ01,2026-03-31,READ01_L06,41,6,88.9,91.4
A04768,L086,READ01,2026-01-11,READ01_L07,31,5,100.0,100.0
A04769,L086,READ01,2025-11-01,READ01_L01,35,6,95.2,95.3
A04770,L086,READ01,2025-12-13,READ01_L04,41,4,81.5,100.0
A04771,L086,READ01,2026-07-03,READ01_L10,42,4,98.6,100.0
A04772,L086,READ01,2025-12-31,READ01_L08,18,5,98.2,98.5
A04773,L086,READ01,2026-05-19,READ01_L13,49,7,79.7,86.4
A04774,L086,SCI03,2026-03-17,SCI03_L02,56,4,99.0,76.7
A04775,L086,SCI03,2026-01-16,SCI03_L01,40,3,95.5,94.5
A04776,L086,SCI03,2026-02-10,SCI03_L08,40,4,96.0,93.3
A04777,L086,SCI03,2026-06-11,SCI03_L07,26,4,90.0,73.9
A04778,L086,SCI03,2025-10-04,SCI03_L08,29,6,95.5,90.6
A04779,L086,SCI03,2025-09-15,SCI03_L07,44,4,85.9,89.2
A04780,L086,SCI03,2026-07-22,SCI03_L04,37,5,84.3,70.7
A04781,L086,SCI03,2025-09-10,SCI03_L05,44,4,80.1,82.1
A04782,L086,SCI03,2026-06-11,SCI03_L10,42,5,92.8,94.0
A04783,L086,SCI03,2026-08-12,SCI03_L02,28,6,74.1,74.1
A04784,L086,SCI03,2026-01-05,SCI03_L13,39,4,97.8,92.4
A04785,L086,SCI03,2026-06-12,SCI03_L11,44,4,100.0,80.2
A04786,L086,SCI03,2025-11-04,SCI03_L05,40,5,100.0,100.0
A04787,L086,SCI03,2026-06-18,SCI03_L07,47,4,86.5,74.6
A04788,L086,SCI03,2026-04-17,SCI03_L02,40,5,99.5,100.0
A04789,L086,SCI03,2026-07-23,SCI03_L09,29,4,95.3,91.4
A04790,L086,SCI03,2025-12-14,SCI03_L13,45,6,83.6,99.7
A04791,L086,SCI03,2025-11-12,SCI03_L06,44,5,87.5,94.9
A04792,L087,READ01,2025-11-26,READ01_L13,54,5,77.3,88.7
A04793,L087,READ01,2026-01-04,READ01_L09,44,3,93.9,92.3
A04794,L087,READ01,2026-04-05,READ01_L09,43,4,71.1,70.6
A04795,L087,READ01,2026-04-20,READ01_L01,36,4,93.9,94.2
A04796,L087,READ01,2025-09-01,READ01_L14,38,2,69.6,62.5
A04797,L087,READ01,2026-04-26,READ01_L14,43,4,91.1,91.6
A04798,L087,READ01,2026-07-15,READ01_L05,40,7,75.7,97.8
A04799,L087,READ01,2026-08-01,READ01_L03,41,3,84.7,75.1
A04800,L087,READ01,2025-09-01,READ01_L01,36,5,87.2,100.0
A04801,L087,READ01,2026-05-05,READ01_L05,41,3,87.0,95.9
A04802,L087,READ01,2026-07-04,READ01_L05,36,5,75.1,87.5
A04803,L087,READ01,2026-08-15,READ01_L07,37,4,80.6,66.2
A04804,L087,READ01,2026-02-27,READ01_L14,27,5,79.2,84.0
A04805,L087,READ01,2026-07-21,READ01_L04,32,3,88.8,89.4
A04806,L087,READ01,2026-06-27,READ01_L14,39,4,84.8,100.0
A04807,L087,READ01,2026-05-20,READ01_L05,56,5,87.7,100.0
A04808,L087,READ01,2025-09-24,READ01_L03,45,4,75.7,55.7
A04809,L087,READ01,2026-06-01,READ01_L10,37,3,96.3,91.3
A04810,L087,ELA04,2026-02-01,ELA04_L03,34,4,77.9,98.7
A04811,L087,ELA04,2026-03-22,ELA04_L04,53,5,79.0,83.7
A04812,L087,ELA04,2025-11-11,ELA04_L09,40,6,90.3,97.1
A04813,L087,ELA04,2026-04-10,ELA04_L07,42,5,71.0,67.5
A04814,L087,ELA04,2026-07-10,ELA04_L11,35,3,85.3,66.7
A04815,L087,ELA04,2026-08-16,ELA04_L11,45,2,72.0,64.0
A04816,L087,ELA04,2026-07-23,ELA04_L09,38,2,78.2,83.0
A04817,L087,ELA04,2026-08-29,ELA04_L15,49,4,74.1,73.0
A04818,L087,ELA04,2026-01-18,ELA04_L08,42,4,84.3,79.2
A04819,L087,ELA04,2026-08-06,ELA04_L11,44,3,87.0,92.2
A04820,L087,ELA04,2026-02-22,ELA04_L07,45,5,93.8,95.9
A04821,L087,MATH04,2026-07-04,MATH04_L11,33,5,76.8,88.1
A04822,L087,MATH04,2025-09-09,MATH04_L05,48,3,100.0,90.8
A04823,L087,MATH04,2026-07-28,MATH04_L01,38,4,100.0,88.5
A04824,L087,MATH04,2026-07-09,MATH04_L16,44,3,96.8,84.9
A04825,L087,MATH04,2025-09-03,MATH04_L01,40,5,86.8,93.3
A04826,L087,MATH04,2026-08-11,MATH04_L06,35,4,82.2,75.6
A04827,L087,MATH04,2026-03-31,MATH04_L16,40,3,83.3,90.8
A04828,L087,MATH04,2026-03-21,MATH04_L03,33,4,81.3,84.2
A04829,L087,MATH04,2026-07-30,MATH04_L03,43,5,85.0,100.0
A04830,L087,MATH04,2026-06-03,MATH04_L01,31,4,86.6,74.5
A04831,L087,MATH04,2026-08-10,MATH04_L15,56,5,97.9,100.0
A04832,L087,MATH04,2026-08-11,MATH04_L04,43,3,86.3,85.4
A04833,L087,MATH04,2026-02-28,MATH04_L13,42,4,77.2,100.0
A04834,L087,MATH04,2026-07-05,MATH04_L12,42,4,91.6,100.0
A04835,L087,MATH04,2026-03-18,MATH04_L06,42,4,84.1,79.2
A04836,L087,MATH04,2026-08-23,MATH04_L01,24,3,84.6,88.8
A04837,L087,MATH04,2025-11-03,MATH04_L15,43,3,96.8,79.5
A04838,L087,SCI03,2025-12-08,SCI03_L08,35,5,90.6,95.3
A04839,L087,SCI03,2025-09-05,SCI03_L04,40,5,88.1,86.7
A04840,L087,SCI03,2025-09-11,SCI03_L13,32,2,79.2,77.0
A04841,L087,SCI03,2026-01-22,SCI03_L11,46,4,96.5,87.6
A04842,L087,SCI03,2026-08-30,SCI03_L06,39,6,92.3,80.5
A04843,L087,SCI03,2025-12-08,SCI03_L02,33,3,78.3,67.1
A04844,L087,SCI03,2026-07-12,SCI03_L11,34,1,85.1,98.0
A04845,L087,SCI03,2026-02-03,SCI03_L13,45,4,70.8,96.2
A04846,L087,SCI03,2025-12-23,SCI03_L04,36,4,92.3,100.0
A04847,L087,SCI03,2026-05-11,SCI03_L06,41,4,72.5,68.4
A04848,L087,SCI03,2025-09-19,SCI03_L05,41,5,87.1,88.8
A04849,L087,SCI03,2026-05-11,SCI03_L15,41,4,87.6,87.7
A04850,L087,SCI03,2026-08-27,SCI03_L12,34,4,78.6,77.1
A04851,L087,SCI03,2026-07-08,SCI03_L04,47,4,84.6,86.9
A04852,L087,SCI03,2025-09-04,SCI03_L04,35,4,85.2,97.3
A04853,L088,ELA04,2025-10-27,ELA04_L09,28,1,41.5,65.1
A04854,L088,ELA04,2026-06-19,ELA04_L16,13,3,34.8,33.4
A04855,L088,ELA04,2025-11-27,ELA04_L07,22,4,37.6,41.8
A04856,L088,ELA04,2026-08-04,ELA04_L06,28,2,44.4,61.2
A04857,L088,ELA04,2025-10-04,ELA04_L05,15,3,38.0,44.0
A04858,L088,ELA04,2025-10-04,ELA04_L05,30,2,40.9,41.1
A04859,L088,ELA04,2026-01-11,ELA04_L08,22,3,38.9,22.0
A04860,L088,ELA04,2026-05-26,ELA04_L09,34,1,58.9,56.2
A04861,L088,ELA04,2025-12-08,ELA04_L01,30,1,38.7,39.0
A04862,L088,ELA04,2026-08-21,ELA04_L09,21,1,39.0,50.1
A04863,L088,ELA04,2026-08-15,ELA04_L15,30,3,26.4,23.8
A04864,L088,ELA04,2025-09-02,ELA04_L14,36,1,40.4,33.2
A04865,L088,ELA04,2026-07-26,ELA04_L02,36,3,36.0,20.0
A04866,L088,ELA04,2026-02-13,ELA04_L14,33,4,48.0,52.7
A04867,L088,ELA04,2026-03-28,ELA04_L09,36,3,39.6,66.6
A04868,L088,ELA04,2025-11-02,ELA04_L15,28,1,47.7,40.7
A04869,L088,MATH04,2026-03-05,MATH04_L02,25,3,28.5,28.5
A04870,L088,MATH04,2025-12-24,MATH04_L02,29,2,48.2,49.2
A04871,L088,MATH04,2026-01-21,MATH04_L14,28,2,43.8,34.5
A04872,L088,MATH04,2026-05-31,MATH04_L15,45,3,36.5,20.0
A04873,L088,MATH04,2026-02-09,MATH04_L01,27,3,25.0,20.0
A04874,L088,MATH04,2026-03-20,MATH04_L07,27,2,48.2,57.2
A04875,L088,MATH04,2026-02-19,MATH04_L03,24,3,35.7,35.4
A04876,L088,MATH04,2026-06-20,MATH04_L01,32,3,55.3,54.7
A04877,L088,MATH04,2025-12-25,MATH04_L14,24,2,47.0,36.0
A04878,L088,MATH04,2025-10-09,MATH04_L08,29,4,48.3,77.0
A04879,L088,MATH04,2025-12-10,MATH04_L06,27,1,46.1,57.0
A04880,L088,MATH04,2026-02-16,MATH04_L10,31,4,41.7,31.8
A04881,L088,MATH04,2025-10-03,MATH04_L04,25,3,32.6,39.3
A04882,L088,MATH04,2025-09-15,MATH04_L16,33,1,32.8,22.8
A04883,L088,MATH04,2026-04-10,MATH04_L01,22,3,39.1,42.5
A04884,L088,MATH04,2026-07-01,MATH04_L11,25,2,54.1,68.6
A04885,L088,MATH04,2026-01-07,MATH04_L08,38,3,39.3,20.0
A04886,L088,READ01,2026-05-01,READ01_L04,34,3,49.4,26.5
A04887,L088,READ01,2026-02-22,READ01_L14,22,1,34.7,55.6
A04888,L088,READ01,2025-09-28,READ01_L14,26,3,39.9,46.7
A04889,L088,READ01,2026-02-18,READ01_L09,21,1,25.0,29.8
A04890,L088,READ01,2025-12-31,READ01_L02,27,1,37.7,34.0
A04891,L088,READ01,2026-07-05,READ01_L10,38,3,48.9,32.9
A04892,L088,READ01,2026-04-13,READ01_L13,32,2,50.1,25.8
A04893,L088,READ01,2025-10-19,READ01_L11,22,2,47.6,48.4
A04894,L088,READ01,2026-04-17,READ01_L10,25,2,52.3,71.3
A04895,L088,READ01,2025-11-03,READ01_L02,33,2,34.7,22.7
A04896,L088,READ01,2025-10-02,READ01_L01,32,3,40.0,57.7
A04897,L088,SCI03,2026-02-08,SCI03_L15,19,2,37.6,23.5
A04898,L088,SCI03,2026-08-22,SCI03_L02,24,3,38.3,20.0
A04899,L088,SCI03,2025-11-05,SCI03_L01,21,3,34.1,20.8
A04900,L088,SCI03,2026-04-15,SCI03_L01,25,3,41.8,49.0
A04901,L088,SCI03,2026-02-02,SCI03_L10,22,1,41.0,43.9
A04902,L088,SCI03,2026-07-18,SCI03_L07,14,1,44.2,47.3
A04903,L088,SCI03,2025-10-04,SCI03_L02,19,1,42.7,20.7
A04904,L088,SCI03,2026-08-13,SCI03_L01,16,3,51.0,50.6
A04905,L088,SCI03,2026-06-14,SCI03_L01,20,2,50.3,29.9
A04906,L088,SCI03,2026-01-29,SCI03_L14,31,1,25.0,22.3
A04907,L088,SCI03,2026-03-15,SCI03_L07,32,1,48.1,29.0
A04908,L088,SCI03,2025-10-20,SCI03_L10,37,1,44.1,34.4
A04909,L088,SCI03,2026-03-30,SCI03_L04,31,3,35.8,20.9
A04910,L088,SCI03,2026-07-04,SCI03_L13,45,2,28.0,31.0
A04911,L088,SCI03,2026-08-04,SCI03_L10,30,3,34.5,38.1
A04912,L088,SCI03,2025-09-06,SCI03_L08,24,2,53.9,56.7
A04913,L089,READ01,2026-04-26,READ01_L13,34,2,63.7,67.5
A04914,L089,READ01,2026-04-08,READ01_L10,28,3,57.0,45.5
A04915,L089,READ01,2026-07-15,READ01_L02,12,5,50.9,57.6
A04916,L089,READ01,2026-02-21,READ01_L11,27,1,59.1,50.4
A04917,L089,READ01,2026-08-12,READ01_L13,40,4,65.8,67.7
A04918,L089,READ01,2025-09-14,READ01_L08,30,4,70.5,65.8
A04919,L089,READ01,2026-05-23,READ01_L06,24,2,53.0,60.9
A04920,L089,READ01,2026-06-28,READ01_L04,24,4,54.1,58.0
A04921,L089,READ01,2025-10-26,READ01_L02,37,2,67.7,68.6
A04922,L089,READ01,2025-09-07,READ01_L10,25,2,61.0,52.9
A04923,L089,READ01,2025-10-05,READ01_L10,29,4,76.3,70.7
A04924,L089,READ01,2025-12-09,READ01_L10,40,4,67.1,71.8
A04925,L089,READ01,2025-11-04,READ01_L11,36,5,71.0,51.6
A04926,L089,READ01,2026-05-19,READ01_L05,35,2,62.8,69.8
A04927,L089,READ01,2026-03-01,READ01_L07,27,1,48.1,66.8
A04928,L089,READ01,2026-05-05,READ01_L12,50,4,58.2,63.6
A04929,L089,SCI01,2025-12-05,SCI01_L04,24,4,55.3,54.5
A04930,L089,SCI01,2025-11-10,SCI01_L01,20,2,49.3,71.2
A04931,L089,SCI01,2025-10-01,SCI01_L03,34,3,77.7,73.7
A04932,L089,SCI01,2026-02-07,SCI01_L10,44,5,52.6,41.8
A04933,L089,SCI01,2026-04-12,SCI01_L09,29,3,59.4,73.6
A04934,L089,SCI01,2026-07-31,SCI01_L06,36,4,49.5,47.8
A04935,L089,SCI01,2026-02-07,SCI01_L10,34,4,67.2,48.9
A04936,L089,SCI01,2026-06-05,SCI01_L03,32,1,57.2,44.2
A04937,L089,SCI01,2025-11-15,SCI01_L08,40,2,53.5,43.7
A04938,L089,SCI01,2026-02-06,SCI01_L10,20,1,66.6,62.2
A04939,L089,SCI01,2026-02-23,SCI01_L05,21,4,48.4,59.0
A04940,L089,SCI01,2026-03-08,SCI01_L01,41,4,66.3,40.8
A04941,L089,SCI01,2026-05-24,SCI01_L10,28,2,63.6,70.4
A04942,L089,SCI01,2026-08-03,SCI01_L11,18,4,46.2,52.0
A04943,L089,SCI01,2025-11-14,SCI01_L01,25,4,61.1,69.3
A04944,L089,SCI01,2025-12-31,SCI01_L09,23,3,60.7,70.8
A04945,L089,SCI01,2026-06-14,SCI01_L01,30,3,70.6,68.7
A04946,L089,ELA01,2026-02-24,ELA01_L04,28,1,62.2,76.5
A04947,L089,ELA01,2025-12-12,ELA01_L11,28,2,74.4,72.7
A04948,L089,ELA01,2025-12-13,ELA01_L02,40,3,58.5,49.0
A04949,L089,ELA01,2026-02-22,ELA01_L04,39,4,49.5,62.2
A04950,L089,ELA01,2026-08-08,ELA01_L08,47,1,52.3,60.8
A04951,L089,ELA01,2026-08-22,ELA01_L12,26,5,44.7,54.7
A04952,L089,ELA01,2026-04-28,ELA01_L10,28,3,55.7,61.8
A04953,L089,ELA01,2026-08-21,ELA01_L06,29,1,70.0,71.9
A04954,L089,ELA01,2026-06-24,ELA01_L10,22,3,56.4,53.8
A04955,L089,ELA01,2026-02-19,ELA01_L10,25,3,62.5,46.7
A04956,L089,ELA01,2026-02-01,ELA01_L07,31,5,53.4,62.8
A04957,L089,ELA01,2026-02-16,ELA01_L03,44,7,68.6,69.1
A04958,L089,ELA01,2025-10-24,ELA01_L08,41,4,71.4,92.7
A04959,L089,ELA01,2025-09-22,ELA01_L08,29,3,56.7,54.5
A04960,L089,ELA01,2025-12-22,ELA01_L01,45,3,62.6,58.9
A04961,L089,ELA01,2026-07-25,ELA01_L04,31,1,61.4,54.5
A04962,L089,MATH01,2026-04-27,MATH01_L10,44,2,65.5,51.6
A04963,L089,MATH01,2025-12-19,MATH01_L04,16,3,60.3,39.4
A04964,L089,MATH01,2026-05-05,MATH01_L12,26,5,71.0,84.3
A04965,L089,MATH01,2026-02-17,MATH01_L12,24,3,54.9,53.6
A04966,L089,MATH01,2026-03-12,MATH01_L04,26,4,62.8,66.0
A04967,L089,MATH01,2026-03-24,MATH01_L03,27,3,57.3,47.5
A04968,L089,MATH01,2025-09-04,MATH01_L06,33,3,60.5,81.7
A04969,L089,MATH01,2025-09-06,MATH01_L02,41,3,59.0,56.1
A04970,L089,MATH01,2026-03-03,MATH01_L01,32,3,59.1,47.6
A04971,L089,MATH01,2026-06-12,MATH01_L02,38,4,48.3,57.3
A04972,L089,MATH01,2025-11-12,MATH01_L05,39,4,61.3,70.7
A04973,L089,MATH01,2026-04-14,MATH01_L04,24,3,53.2,52.9
A04974,L089,MATH01,2026-07-21,MATH01_L10,17,5,58.1,54.8
A04975,L090,SCI02,2025-09-23,SCI02_L01,45,1,71.1,65.0
A04976,L090,SCI02,2025-12-11,SCI02_L04,33,3,66.6,84.0
A04977,L090,SCI02,2026-01-24,SCI02_L03,43,4,75.1,58.3
A04978,L090,SCI02,2025-12-22,SCI02_L05,23,4,53.1,53.5
A04979,L090,SCI02,2025-11-29,SCI02_L06,32,5,68.0,58.2
A04980,L090,SCI02,2026-06-11,SCI02_L04,35,3,77.1,91.3
A04981,L090,SCI02,2025-12-01,SCI02_L04,33,4,81.4,85.8
A04982,L090,SCI02,2025-09-12,SCI02_L03,37,3,69.8,66.1
A04983,L090,SCI02,2026-01-13,SCI02_L02,43,3,65.1,49.5
A04984,L090,SCI02,2025-09-11,SCI02_L14,10,3,63.9,64.4
A04985,L090,SCI02,2026-08-13,SCI02_L03,51,4,68.6,75.0
A04986,L090,SCI02,2026-03-14,SCI02_L11,32,3,56.6,47.1
A04987,L090,SCI02,2025-10-27,SCI02_L06,21,2,63.3,73.8
A04988,L090,SCI02,2025-12-17,SCI02_L05,31,3,68.6,82.6
A04989,L090,SCI02,2026-04-22,SCI02_L04,40,3,69.8,62.3
A04990,L090,MATH03,2026-03-10,MATH03_L11,51,5,72.6,79.5
A04991,L090,MATH03,2025-11-27,MATH03_L09,47,4,70.9,43.4
A04992,L090,MATH03,2026-07-17,MATH03_L07,38,2,61.3,50.5
A04993,L090,MATH03,2026-08-31,MATH03_L02,33,3,64.1,60.7
A04994,L090,MATH03,2025-10-31,MATH03_L03,33,3,76.3,60.1
A04995,L090,MATH03,2025-11-06,MATH03_L04,30,2,77.9,80.5
A04996,L090,MATH03,2025-12-08,MATH03_L09,31,4,63.6,59.7
A04997,L090,MATH03,2026-03-13,MATH03_L12,35,4,88.2,64.9
A04998,L090,MATH03,2026-03-11,MATH03_L06,27,3,62.8,67.8
A04999,L090,MATH03,2026-07-04,MATH03_L07,38,3,78.0,70.4
A05000,L090,MATH03,2026-07-23,MATH03_L04,52,4,78.6,89.9
A05001,L090,MATH03,2025-09-24,MATH03_L10,41,2,72.5,66.6
A05002,L090,MATH03,2026-06-28,MATH03_L04,45,3,72.9,48.5
A05003,L090,MATH03,2026-06-02,MATH03_L05,43,2,65.7,51.6
A05004,L090,MATH03,2025-11-16,MATH03_L06,34,4,71.0,56.2
A05005,L090,MATH02,2025-09-28,MATH02_L11,45,2,67.1,84.8
A05006,L090,MATH02,2026-01-22,MATH02_L14,42,3,61.2,47.4
A05007,L090,MATH02,2025-11-04,MATH02_L14,40,3,65.7,79.2
A05008,L090,MATH02,2026-05-19,MATH02_L10,26,2,81.2,65.5
A05009,L090,MATH02,2026-05-09,MATH02_L04,44,4,62.5,56.0
A05010,L090,MATH02,2025-10-12,MATH02_L13,47,5,69.6,72.7
A05011,L090,MATH02,2026-04-29,MATH02_L13,38,4,48.4,51.1
A05012,L090,MATH02,2026-08-06,MATH02_L10,38,2,75.5,64.9
A05013,L090,MATH02,2025-10-04,MATH02_L03,44,3,67.2,72.6
A05014,L090,MATH02,2026-05-19,MATH02_L07,48,3,72.1,51.1
A05015,L090,MATH02,2026-07-28,MATH02_L13,53,4,74.9,65.4
A05016,L090,MATH02,2026-05-19,MATH02_L06,28,5,61.1,57.1
A05017,L090,MATH02,2026-05-14,MATH02_L09,34,3,64.4,83.2
A05018,L090,READ01,2025-12-01,READ01_L06,45,4,61.6,76.1
A05019,L090,READ01,2026-08-31,READ01_L06,36,3,82.4,83.2
A05020,L090,READ01,2026-05-28,READ01_L12,22,5,69.0,71.9
A05021,L090,READ01,2026-05-06,READ01_L12,19,1,60.4,69.7
A05022,L090,READ01,2026-05-12,READ01_L08,32,4,64.8,58.6
A05023,L090,READ01,2026-01-16,READ01_L10,36,3,74.1,55.2
A05024,L090,READ01,2026-03-25,READ01_L11,40,3,63.2,77.6
A05025,L090,READ01,2026-06-26,READ01_L11,41,5,88.5,97.1
A05026,L090,READ01,2025-09-19,READ01_L04,37,5,65.4,59.2
A05027,L090,READ01,2025-12-22,READ01_L04,26,3,61.4,49.4
A05028,L090,READ01,2026-04-20,READ01_L14,37,4,83.1,79.5
A05029,L090,READ01,2025-12-30,READ01_L07,25,3,60.6,64.8
A05030,L090,READ01,2025-12-21,READ01_L05,40,2,73.9,73.9
A05031,L090,READ01,2026-04-06,READ01_L07,39,4,61.5,47.4
A05032,L090,READ01,2026-06-20,READ01_L03,54,4,77.5,75.5
A05033,L090,READ01,2026-03-11,READ01_L05,34,3,67.2,70.2
A05034,L090,READ01,2026-06-09,READ01_L02,20,4,60.6,60.9
A05035,L091,MATH02,2025-10-14,MATH02_L05,22,3,53.2,41.3
A05036,L091,MATH02,2026-04-16,MATH02_L09,46,4,56.7,40.2
A05037,L091,MATH02,2026-02-28,MATH02_L04,33,2,47.6,23.6
A05038,L091,MATH02,2026-06-26,MATH02_L01,34,3,62.0,65.2
A05039,L091,MATH02,2026-04-27,MATH02_L09,27,3,57.2,75.6
A05040,L091,MATH02,2026-07-16,MATH02_L06,24,2,53.8,43.4
A05041,L091,MATH02,2026-04-07,MATH02_L08,15,3,59.4,67.1
A05042,L091,MATH02,2026-04-28,MATH02_L07,24,3,43.4,41.7
A05043,L091,MATH02,2026-03-29,MATH02_L06,31,4,61.9,58.1
A05044,L091,MATH02,2026-05-13,MATH02_L06,23,4,49.9,50.3
A05045,L091,MATH02,2026-01-18,MATH02_L07,37,1,62.8,49.2
A05046,L091,MATH02,2025-09-13,MATH02_L03,25,2,49.6,61.6
A05047,L091,MATH03,2025-12-29,MATH03_L05,29,3,67.4,58.9
A05048,L091,MATH03,2026-07-28,MATH03_L02,33,4,58.5,68.1
A05049,L091,MATH03,2026-03-03,MATH03_L02,31,4,39.4,34.1
A05050,L091,MATH03,2026-01-29,MATH03_L09,29,3,66.9,53.2
A05051,L091,MATH03,2026-05-21,MATH03_L09,38,4,49.0,49.3
A05052,L091,MATH03,2026-07-27,MATH03_L02,32,4,47.9,68.9
A05053,L091,MATH03,2026-01-20,MATH03_L04,19,4,55.2,51.9
A05054,L091,MATH03,2025-10-21,MATH03_L02,34,2,65.3,66.0
A05055,L091,MATH03,2025-10-07,MATH03_L06,31,2,68.2,49.2
A05056,L091,MATH03,2025-09-20,MATH03_L09,29,4,51.6,38.1
A05057,L091,MATH03,2025-12-12,MATH03_L06,21,5,70.2,90.9
A05058,L091,MATH03,2025-12-10,MATH03_L11,19,3,58.9,54.3
A05059,L091,MATH03,2026-02-16,MATH03_L05,34,2,47.6,39.0
A05060,L091,MATH03,2026-02-02,MATH03_L12,27,5,56.1,49.7
A05061,L091,MATH03,2026-08-16,MATH03_L05,33,3,61.3,66.4
A05062,L091,MATH03,2025-12-07,MATH03_L12,34,3,64.8,65.5
A05063,L091,MATH03,2026-07-07,MATH03_L03,25,3,56.7,59.6
A05064,L091,READ01,2026-01-12,READ01_L01,33,3,61.0,60.3
A05065,L091,READ01,2026-02-01,READ01_L05,34,3,53.3,55.5
A05066,L091,READ01,2026-02-25,READ01_L13,26,3,65.8,66.2
A05067,L091,READ01,2026-03-26,READ01_L07,30,4,73.9,74.1
A05068,L091,READ01,2026-06-24,READ01_L13,28,4,46.7,41.5
A05069,L091,READ01,2026-08-02,READ01_L01,32,2,40.0,41.6
A05070,L091,READ01,2026-04-30,READ01_L11,38,4,70.2,63.4
A05071,L091,READ01,2026-05-21,READ01_L13,23,2,56.6,45.5
A05072,L091,READ01,2025-11-16,READ01_L14,43,1,47.3,63.8
A05073,L091,READ01,2026-03-23,READ01_L04,36,2,67.7,48.8
A05074,L091,READ01,2025-12-26,READ01_L12,37,3,53.4,40.9
A05075,L091,READ01,2025-12-17,READ01_L08,45,3,67.0,68.3
A05076,L091,READ01,2025-12-29,READ01_L09,29,3,45.7,50.0
A05077,L091,READ01,2026-06-28,READ01_L13,30,2,53.7,50.4
A05078,L091,READ01,2026-06-10,READ01_L13,16,3,61.2,65.4
A05079,L091,READ01,2026-04-28,READ01_L12,28,2,53.2,47.5
A05080,L091,READ01,2026-04-25,READ01_L06,33,1,57.8,65.7
A05081,L091,READ01,2025-10-14,READ01_L06,47,2,55.4,45.0
A05082,L091,ELA03,2026-04-08,ELA03_L12,35,1,56.1,46.2
A05083,L091,ELA03,2026-04-02,ELA03_L04,24,4,62.5,57.1
A05084,L091,ELA03,2026-04-13,ELA03_L08,37,4,50.6,55.6
A05085,L091,ELA03,2026-06-13,ELA03_L01,45,2,67.9,79.1
A05086,L091,ELA03,2026-03-11,ELA03_L03,35,3,45.6,60.5
A05087,L091,ELA03,2026-06-23,ELA03_L03,36,3,67.1,73.2
A05088,L091,ELA03,2026-02-04,ELA03_L12,31,4,58.3,77.0
A05089,L091,ELA03,2025-09-05,ELA03_L08,34,3,56.6,37.3
A05090,L091,ELA03,2026-08-04,ELA03_L06,45,2,55.1,80.5
A05091,L091,ELA03,2026-02-21,ELA03_L04,35,3,67.1,56.1
A05092,L091,ELA03,2026-04-03,ELA03_L07,43,2,55.6,68.4
A05093,L091,ELA03,2026-08-18,ELA03_L07,22,5,46.8,46.6
A05094,L091,ELA03,2026-08-20,ELA03_L09,43,4,53.5,64.5
A05095,L092,ELA04,2026-02-14,ELA04_L01,31,3,58.7,67.0
A05096,L092,ELA04,2026-06-18,ELA04_L02,35,3,59.2,74.6
A05097,L092,ELA04,2025-11-11,ELA04_L05,21,3,69.3,58.1
A05098,L092,ELA04,2026-02-17,ELA04_L13,41,3,67.8,64.5
A05099,L092,ELA04,2026-03-15,ELA04_L07,35,3,63.8,49.2
A05100,L092,ELA04,2026-03-20,ELA04_L03,44,4,46.8,51.2
A05101,L092,ELA04,2026-06-01,ELA04_L13,23,1,73.3,78.0
A05102,L092,ELA04,2025-12-06,ELA04_L16,20,4,65.6,60.8
A05103,L092,ELA04,2025-10-26,ELA04_L11,31,1,56.8,49.7
A05104,L092,ELA04,2026-06-19,ELA04_L15,38,3,57.6,65.3
A05105,L092,ELA04,2026-07-25,ELA04_L10,27,4,42.8,39.1
A05106,L092,ELA04,2025-10-18,ELA04_L06,19,4,70.0,62.3
A05107,L092,ELA04,2025-10-24,ELA04_L06,41,4,57.3,69.7
A05108,L092,ELA04,2025-09-17,ELA04_L16,44,2,79.5,81.2
A05109,L092,READ01,2025-12-05,READ01_L04,50,4,60.3,58.1
A05110,L092,READ01,2025-10-06,READ01_L07,24,3,70.2,59.0
A05111,L092,READ01,2026-01-24,READ01_L04,40,4,49.7,55.2
A05112,L092,READ01,2025-12-29,READ01_L05,23,2,61.8,50.1
A05113,L092,READ01,2026-08-04,READ01_L09,42,4,61.4,41.6
A05114,L092,READ01,2025-10-06,READ01_L08,28,1,57.7,64.5
A05115,L092,READ01,2025-09-30,READ01_L06,33,5,61.3,62.3
A05116,L092,READ01,2026-05-24,READ01_L01,38,4,59.8,63.3
A05117,L092,READ01,2025-11-27,READ01_L06,32,3,68.7,70.1
A05118,L092,READ01,2026-03-30,READ01_L07,29,5,57.2,81.3
A05119,L092,SCI03,2025-10-27,SCI03_L03,23,2,76.0,61.7
A05120,L092,SCI03,2026-06-02,SCI03_L07,11,3,64.3,81.2
A05121,L092,SCI03,2026-05-03,SCI03_L12,29,3,71.1,77.9
A05122,L092,SCI03,2025-10-06,SCI03_L07,29,3,70.7,63.9
A05123,L092,SCI03,2025-12-15,SCI03_L03,32,3,52.6,37.4
A05124,L092,SCI03,2025-12-15,SCI03_L05,37,4,68.4,59.2
A05125,L092,SCI03,2026-04-10,SCI03_L14,37,2,47.4,36.7
A05126,L092,SCI03,2026-08-30,SCI03_L11,31,5,53.2,47.1
A05127,L092,SCI03,2026-05-02,SCI03_L03,39,3,54.5,29.1
A05128,L092,SCI03,2026-07-07,SCI03_L10,50,1,68.5,53.7
A05129,L092,SCI03,2026-02-06,SCI03_L10,33,4,40.4,41.7
A05130,L092,SCI03,2025-12-13,SCI03_L09,40,5,74.4,88.3
A05131,L092,MATH04,2026-01-20,MATH04_L07,34,2,60.0,57.2
A05132,L092,MATH04,2025-09-04,MATH04_L05,33,5,63.7,59.8
A05133,L092,MATH04,2026-04-17,MATH04_L03,27,4,55.8,38.9
A05134,L092,MATH04,2026-03-24,MATH04_L08,44,3,61.6,60.7
A05135,L092,MATH04,2026-05-28,MATH04_L11,25,2,62.9,60.6
A05136,L092,MATH04,2026-06-19,MATH04_L16,41,3,65.4,81.6
A05137,L092,MATH04,2026-04-24,MATH04_L15,40,4,76.1,64.2
A05138,L092,MATH04,2026-06-22,MATH04_L02,38,2,54.0,50.5
A05139,L092,MATH04,2025-10-17,MATH04_L10,45,3,69.4,61.6
A05140,L092,MATH04,2026-07-28,MATH04_L15,25,3,65.8,65.7
A05141,L092,MATH04,2026-02-25,MATH04_L10,34,2,63.0,54.3
A05142,L092,MATH04,2026-03-20,MATH04_L06,21,4,57.2,68.0
A05143,L092,MATH04,2026-04-01,MATH04_L08,31,2,69.6,78.5
A05144,L092,MATH04,2025-12-01,MATH04_L14,35,5,68.3,68.0
A05145,L092,MATH04,2026-04-23,MATH04_L13,30,2,61.2,69.1
A05146,L092,MATH04,2026-08-04,MATH04_L06,38,5,62.4,57.7
A05147,L092,MATH04,2026-08-24,MATH04_L04,37,3,44.5,35.7
A05148,L093,ELA01,2026-08-24,ELA01_L01,41,2,71.0,67.4
A05149,L093,ELA01,2026-01-01,ELA01_L03,29,3,79.6,48.1
A05150,L093,ELA01,2026-01-19,ELA01_L11,36,5,55.9,39.6
A05151,L093,ELA01,2026-06-03,ELA01_L05,32,4,68.4,53.8
A05152,L093,ELA01,2026-08-08,ELA01_L02,30,4,71.2,72.1
A05153,L093,ELA01,2026-08-24,ELA01_L12,39,3,65.8,64.2
A05154,L093,ELA01,2025-12-21,ELA01_L08,35,4,64.9,53.1
A05155,L093,ELA01,2026-03-30,ELA01_L09,26,3,65.0,57.9
A05156,L093,ELA01,2025-11-02,ELA01_L06,40,2,74.0,73.9
A05157,L093,ELA01,2025-10-10,ELA01_L02,33,3,72.9,59.8
A05158,L093,ELA01,2026-05-17,ELA01_L06,42,3,74.6,83.8
A05159,L093,ELA01,2026-03-29,ELA01_L08,45,3,44.1,45.8
A05160,L093,ELA01,2025-11-24,ELA01_L05,46,2,65.2,82.9
A05161,L093,ELA01,2025-12-16,ELA01_L09,40,3,71.0,55.3
A05162,L093,ELA01,2025-09-23,ELA01_L08,37,5,75.2,72.9
A05163,L093,ELA01,2025-09-14,ELA01_L02,46,5,64.4,64.6
A05164,L093,SCI01,2026-03-15,SCI01_L06,41,3,61.8,69.0
A05165,L093,SCI01,2026-03-24,SCI01_L04,47,3,65.7,71.5
A05166,L093,SCI01,2026-03-23,SCI01_L01,33,3,63.9,72.8
A05167,L093,SCI01,2025-09-06,SCI01_L05,39,3,75.1,76.8
A05168,L093,SCI01,2025-10-29,SCI01_L12,42,1,75.0,71.7
A05169,L093,SCI01,2025-11-09,SCI01_L06,40,3,66.0,74.6
A05170,L093,SCI01,2026-08-10,SCI01_L12,37,4,59.2,41.5
A05171,L093,SCI01,2026-04-26,SCI01_L08,44,3,87.9,78.0
A05172,L093,SCI01,2026-04-25,SCI01_L02,36,4,66.4,84.4
A05173,L093,SCI01,2025-10-13,SCI01_L09,39,2,64.0,59.0
A05174,L093,SCI01,2026-08-03,SCI01_L04,40,3,70.8,65.5
A05175,L093,SCI01,2026-04-13,SCI01_L03,44,4,79.5,52.6
A05176,L093,SCI01,2026-04-30,SCI01_L05,35,3,87.9,81.6
A05177,L093,SCI01,2025-11-22,SCI01_L03,38,4,70.8,59.7
A05178,L093,SCI01,2025-09-10,SCI01_L10,51,4,65.3,63.2
A05179,L093,SCI01,2025-10-22,SCI01_L03,39,4,60.3,70.8
A05180,L093,SCI01,2026-01-29,SCI01_L02,38,5,65.7,78.6
A05181,L093,READ01,2026-03-20,READ01_L03,14,4,61.5,71.1
A05182,L093,READ01,2025-10-10,READ01_L11,35,3,59.1,60.3
A05183,L093,READ01,2025-09-06,READ01_L11,45,4,63.4,52.9
A05184,L093,READ01,2026-01-18,READ01_L03,25,5,75.1,87.0
A05185,L093,READ01,2026-04-14,READ01_L06,34,3,78.9,79.9
A05186,L093,READ01,2025-12-01,READ01_L04,30,3,67.1,62.7
A05187,L093,READ01,2025-09-18,READ01_L11,40,3,58.4,54.7
A05188,L093,READ01,2026-05-31,READ01_L04,26,5,58.9,51.4
A05189,L093,READ01,2026-04-15,READ01_L12,36,1,72.7,94.2
A05190,L093,READ01,2025-09-25,READ01_L14,29,3,73.3,59.5
A05191,L093,READ01,2026-07-23,READ01_L13,28,3,82.4,73.7
A05192,L093,READ01,2026-05-26,READ01_L11,46,5,68.4,63.7
A05193,L093,READ01,2026-08-06,READ01_L12,35,2,70.8,99.9
A05194,L093,READ01,2026-08-04,READ01_L02,36,5,78.7,93.2
A05195,L093,READ01,2026-03-19,READ01_L12,37,5,68.5,57.1
A05196,L093,READ01,2026-02-05,READ01_L08,33,5,81.2,81.1
A05197,L093,READ01,2025-09-27,READ01_L10,35,3,70.5,67.3
A05198,L093,READ01,2025-09-03,READ01_L01,16,2,78.8,70.1
A05199,L093,MATH01,2025-12-13,MATH01_L04,47,5,59.2,66.3
A05200,L093,MATH01,2026-03-11,MATH01_L04,46,2,62.7,88.4
A05201,L093,MATH01,2025-12-12,MATH01_L02,33,3,62.3,49.4
A05202,L093,MATH01,2025-09-09,MATH01_L07,41,5,83.2,68.5
A05203,L093,MATH01,2025-09-15,MATH01_L01,39,4,69.2,55.3
A05204,L093,MATH01,2026-02-20,MATH01_L04,36,2,76.4,54.1
A05205,L093,MATH01,2026-08-15,MATH01_L11,54,2,72.7,74.7
A05206,L093,MATH01,2025-10-03,MATH01_L04,25,3,76.7,66.4
A05207,L093,MATH01,2025-10-20,MATH01_L11,45,4,75.7,65.6
A05208,L093,MATH01,2025-11-25,MATH01_L12,30,2,64.3,63.0
A05209,L093,MATH01,2025-11-25,MATH01_L01,39,3,72.4,73.1
A05210,L093,MATH01,2026-04-01,MATH01_L09,24,4,67.1,60.1
A05211,L093,MATH01,2025-10-26,MATH01_L06,38,3,57.0,59.8
A05212,L093,MATH01,2026-02-13,MATH01_L09,27,3,74.6,52.9
A05213,L093,MATH01,2026-07-18,MATH01_L04,24,3,80.1,96.1
A05214,L093,MATH01,2026-07-17,MATH01_L04,25,4,65.9,74.2
A05215,L094,MATH01,2026-03-22,MATH01_L07,33,3,71.3,68.8
A05216,L094,MATH01,2025-11-01,MATH01_L04,36,6,61.2,50.5
A05217,L094,MATH01,2025-12-19,MATH01_L02,28,4,71.7,86.1
A05218,L094,MATH01,2026-03-02,MATH01_L06,27,4,85.8,100.0
A05219,L094,MATH01,2025-11-28,MATH01_L01,41,3,80.4,83.1
A05220,L094,MATH01,2026-03-25,MATH01_L11,40,3,86.3,80.8
A05221,L094,MATH01,2026-02-09,MATH01_L01,40,4,86.0,79.4
A05222,L094,MATH01,2026-03-19,MATH01_L04,51,5,85.9,100.0
A05223,L094,MATH01,2026-04-23,MATH01_L04,33,4,73.5,74.0
A05224,L094,MATH01,2025-10-04,MATH01_L11,47,4,87.8,70.6
A05225,L094,MATH01,2026-01-21,MATH01_L11,39,5,62.9,61.9
A05226,L094,MATH01,2026-07-17,MATH01_L06,29,3,91.7,83.7
A05227,L094,MATH01,2025-09-23,MATH01_L02,42,3,70.7,52.2
A05228,L094,MATH01,2025-12-21,MATH01_L07,23,3,83.5,64.0
A05229,L094,MATH01,2026-02-02,MATH01_L10,39,6,78.0,89.0
A05230,L094,MATH01,2026-05-14,MATH01_L02,40,3,87.9,89.4
A05231,L094,MATH01,2026-08-31,MATH01_L09,43,3,81.1,87.0
A05232,L094,MATH01,2026-06-19,MATH01_L03,29,3,68.9,69.2
A05233,L094,ELA01,2025-10-19,ELA01_L10,34,5,66.9,54.6
A05234,L094,ELA01,2026-02-14,ELA01_L11,38,4,72.3,66.3
A05235,L094,ELA01,2026-08-23,ELA01_L07,42,5,82.7,81.7
A05236,L094,ELA01,2026-08-14,ELA01_L12,32,4,72.3,67.7
A05237,L094,ELA01,2025-11-08,ELA01_L06,34,3,71.8,74.2
A05238,L094,ELA01,2025-11-29,ELA01_L11,40,4,65.1,58.1
A05239,L094,ELA01,2026-08-19,ELA01_L06,38,2,91.7,88.4
A05240,L094,ELA01,2026-08-08,ELA01_L08,41,4,76.9,64.7
A05241,L094,ELA01,2025-10-05,ELA01_L06,32,3,67.6,54.0
A05242,L094,ELA01,2025-09-10,ELA01_L10,43,5,70.5,79.6
A05243,L094,ELA01,2026-06-27,ELA01_L08,45,5,86.8,82.8
A05244,L094,ELA01,2026-03-15,ELA01_L09,34,4,77.5,78.3
A05245,L094,ELA01,2026-07-25,ELA01_L12,41,4,82.1,82.7
A05246,L094,ELA01,2025-12-29,ELA01_L09,43,2,79.8,66.9
A05247,L094,SCI01,2025-12-29,SCI01_L01,37,3,85.2,82.1
A05248,L094,SCI01,2026-07-13,SCI01_L02,42,3,74.3,74.5
A05249,L094,SCI01,2026-02-06,SCI01_L04,41,4,78.3,84.5
A05250,L094,SCI01,2026-04-08,SCI01_L04,30,6,71.8,68.2
A05251,L094,SCI01,2026-07-15,SCI01_L02,43,5,74.9,68.4
A05252,L094,SCI01,2025-10-01,SCI01_L03,27,5,68.4,55.9
A05253,L094,SCI01,2026-03-11,SCI01_L08,30,2,76.1,72.6
A05254,L094,SCI01,2026-01-30,SCI01_L04,32,6,68.9,74.0
A05255,L094,SCI01,2025-11-17,SCI01_L07,44,4,83.8,78.5
A05256,L094,SCI01,2025-12-14,SCI01_L11,39,3,78.4,79.9
A05257,L094,READ01,2025-12-31,READ01_L12,36,3,70.7,55.5
A05258,L094,READ01,2026-07-04,READ01_L08,30,6,57.6,53.8
A05259,L094,READ01,2026-02-16,READ01_L03,20,3,82.6,66.3
A05260,L094,READ01,2026-01-21,READ01_L06,57,4,74.7,95.1
A05261,L094,READ01,2026-07-27,READ01_L13,48,6,74.3,73.0
A05262,L094,READ01,2025-09-21,READ01_L09,27,4,72.0,73.0
A05263,L094,READ01,2026-04-01,READ01_L11,27,4,92.6,70.8
A05264,L094,READ01,2026-01-26,READ01_L13,40,4,72.9,80.0
A05265,L094,READ01,2025-09-13,READ01_L04,42,4,79.5,67.0
A05266,L094,READ01,2026-02-17,READ01_L06,33,4,61.5,76.6
A05267,L095,ELA02,2025-12-15,ELA02_L09,31,3,59.3,56.1
A05268,L095,ELA02,2025-09-28,ELA02_L11,48,5,66.6,67.8
A05269,L095,ELA02,2026-01-06,ELA02_L13,45,3,62.8,71.0
A05270,L095,ELA02,2026-08-18,ELA02_L12,30,4,51.1,42.4
A05271,L095,ELA02,2025-12-23,ELA02_L10,20,5,59.1,74.3
A05272,L095,ELA02,2026-03-15,ELA02_L09,37,3,61.7,78.3
A05273,L095,ELA02,2026-02-12,ELA02_L03,38,4,56.0,70.6
A05274,L095,ELA02,2026-04-15,ELA02_L11,28,2,42.1,43.9
A05275,L095,ELA02,2025-09-04,ELA02_L02,16,5,44.0,51.4
A05276,L095,ELA02,2026-05-10,ELA02_L02,35,3,61.1,73.1
A05277,L095,ELA02,2025-12-08,ELA02_L01,34,3,55.1,42.5
A05278,L095,ELA02,2026-07-22,ELA02_L03,29,4,70.4,71.7
A05279,L095,ELA02,2025-12-14,ELA02_L03,24,2,73.2,62.3
A05280,L095,ELA03,2025-11-28,ELA03_L10,45,5,61.2,33.5
A05281,L095,ELA03,2026-06-09,ELA03_L04,10,4,62.1,75.6
A05282,L095,ELA03,2025-12-30,ELA03_L09,33,3,59.8,50.4
A05283,L095,ELA03,2025-10-11,ELA03_L07,31,4,63.6,62.2
A05284,L095,ELA03,2026-04-28,ELA03_L05,20,1,53.3,69.0
A05285,L095,ELA03,2025-11-24,ELA03_L12,35,5,56.5,49.7
A05286,L095,ELA03,2025-12-11,ELA03_L04,31,3,55.1,77.8
A05287,L095,ELA03,2026-04-06,ELA03_L03,38,4,72.7,70.5
A05288,L095,ELA03,2026-07-08,ELA03_L04,30,2,62.5,77.0
A05289,L095,ELA03,2026-02-03,ELA03_L05,33,3,64.4,46.3
A05290,L095,ELA03,2026-06-23,ELA03_L08,35,2,52.3,49.7
A05291,L095,SCI02,2026-01-18,SCI02_L14,27,2,59.3,40.0
A05292,L095,SCI02,2026-05-05,SCI02_L02,37,1,59.0,58.7
A05293,L095,SCI02,2026-03-04,SCI02_L07,25,4,62.4,57.8
A05294,L095,SCI02,2026-03-13,SCI02_L03,31,1,59.3,71.4
A05295,L095,SCI02,2026-04-30,SCI02_L08,31,4,52.5,70.0
A05296,L095,SCI02,2026-04-05,SCI02_L09,29,4,51.5,57.1
A05297,L095,SCI02,2026-07-10,SCI02_L12,24,3,65.5,63.5
A05298,L095,SCI02,2026-04-10,SCI02_L13,19,2,53.3,69.5
A05299,L095,SCI02,2025-11-19,SCI02_L14,44,3,60.6,51.4
A05300,L095,SCI02,2026-05-05,SCI02_L01,34,4,70.4,57.5
A05301,L095,SCI02,2026-03-15,SCI02_L07,41,3,68.5,58.8
A05302,L095,SCI02,2025-10-13,SCI02_L13,37,3,59.8,67.0
A05303,L095,SCI02,2026-02-01,SCI02_L10,27,2,68.2,67.8
A05304,L095,MATH03,2025-11-18,MATH03_L09,39,2,57.5,69.8
A05305,L095,MATH03,2025-11-29,MATH03_L05,33,3,71.0,61.8
A05306,L095,MATH03,2026-03-14,MATH03_L08,29,4,55.8,54.9
A05307,L095,MATH03,2026-02-04,MATH03_L08,35,4,49.6,49.3
A05308,L095,MATH03,2026-01-24,MATH03_L07,39,2,71.9,65.3
A05309,L095,MATH03,2026-06-15,MATH03_L10,19,3,62.0,40.8
A05310,L095,MATH03,2026-05-05,MATH03_L02,40,4,68.3,60.2
A05311,L095,MATH03,2026-02-18,MATH03_L03,28,2,61.5,57.4
A05312,L095,MATH03,2026-04-29,MATH03_L04,33,4,65.7,74.9
A05313,L095,MATH03,2025-11-19,MATH03_L04,20,3,65.4,52.6
A05314,L095,MATH03,2025-09-03,MATH03_L01,27,3,58.7,71.4
A05315,L095,MATH03,2026-05-15,MATH03_L12,41,1,63.9,64.6
A05316,L095,MATH03,2026-03-11,MATH03_L08,45,1,67.9,63.7
A05317,L095,MATH03,2026-03-27,MATH03_L07,31,2,68.4,49.8
A05318,L095,MATH03,2026-03-22,MATH03_L12,19,3,52.6,63.3
A05319,L095,MATH03,2026-03-11,MATH03_L07,35,4,50.1,50.0
A05320,L095,MATH03,2026-05-09,MATH03_L05,36,3,47.3,45.4
A05321,L095,MATH03,2026-07-26,MATH03_L10,33,4,55.8,84.5
A05322,L096,SCI02,2026-03-29,SCI02_L01,49,4,74.1,72.9
A05323,L096,SCI02,2025-11-03,SCI02_L07,27,4,74.4,50.5
A05324,L096,SCI02,2026-06-17,SCI02_L03,37,5,66.3,83.4
A05325,L096,SCI02,2025-12-09,SCI02_L13,38,5,71.3,55.3
A05326,L096,SCI02,2026-04-12,SCI02_L05,30,3,76.4,70.9
A05327,L096,SCI02,2026-02-26,SCI02_L09,41,5,76.7,80.8
A05328,L096,SCI02,2026-08-30,SCI02_L08,51,2,74.6,94.9
A05329,L096,SCI02,2026-07-23,SCI02_L12,41,3,70.9,62.4
A05330,L096,SCI02,2026-03-08,SCI02_L12,45,4,77.1,70.5
A05331,L096,SCI02,2025-09-30,SCI02_L11,46,5,100.0,95.8
A05332,L096,SCI02,2026-03-17,SCI02_L07,34,5,68.2,56.3
A05333,L096,MATH03,2026-01-03,MATH03_L08,41,4,64.6,55.4
A05334,L096,MATH03,2025-09-18,MATH03_L06,48,4,64.4,48.1
A05335,L096,MATH03,2026-07-21,MATH03_L12,34,4,62.8,70.0
A05336,L096,MATH03,2026-08-13,MATH03_L01,25,4,82.2,99.3
A05337,L096,MATH03,2026-08-24,MATH03_L11,39,6,83.8,91.2
A05338,L096,MATH03,2026-07-28,MATH03_L03,37,3,81.5,71.0
A05339,L096,MATH03,2026-01-12,MATH03_L10,35,2,74.6,62.3
A05340,L096,MATH03,2026-04-22,MATH03_L11,42,4,70.6,69.8
A05341,L096,MATH03,2025-11-15,MATH03_L05,37,5,65.3,67.2
A05342,L096,MATH03,2026-01-05,MATH03_L10,26,4,61.1,58.4
A05343,L096,MATH03,2026-06-24,MATH03_L11,32,4,72.6,69.0
A05344,L096,MATH03,2025-11-22,MATH03_L01,30,5,71.7,69.0
A05345,L096,MATH03,2025-10-30,MATH03_L02,27,5,78.0,93.4
A05346,L096,MATH02,2026-03-23,MATH02_L12,30,4,57.9,42.1
A05347,L096,MATH02,2026-06-28,MATH02_L02,40,3,72.1,78.6
A05348,L096,MATH02,2026-05-24,MATH02_L04,19,5,67.6,79.3
A05349,L096,MATH02,2026-04-05,MATH02_L03,19,4,93.2,69.6
A05350,L096,MATH02,2026-04-07,MATH02_L05,40,3,87.2,96.6
A05351,L096,MATH02,2026-08-21,MATH02_L05,39,4,68.8,89.7
A05352,L096,MATH02,2026-05-15,MATH02_L09,32,5,87.7,92.0
A05353,L096,MATH02,2026-08-04,MATH02_L07,31,6,61.9,66.2
A05354,L096,MATH02,2026-06-28,MATH02_L05,35,3,81.2,81.5
A05355,L096,MATH02,2026-03-30,MATH02_L13,25,3,71.0,79.5
A05356,L096,MATH02,2025-10-16,MATH02_L02,37,4,70.1,73.9
A05357,L096,MATH02,2026-07-23,MATH02_L10,28,4,82.4,91.4
A05358,L096,MATH02,2026-02-24,MATH02_L14,25,4,81.1,100.0
A05359,L096,MATH02,2025-11-13,MATH02_L05,40,4,72.4,60.1
A05360,L096,MATH02,2025-12-17,MATH02_L12,40,4,87.8,67.9
A05361,L096,MATH02,2026-03-23,MATH02_L12,41,5,79.5,75.8
A05362,L096,ELA02,2025-09-04,ELA02_L03,31,3,65.3,51.9
A05363,L096,ELA02,2026-05-10,ELA02_L01,47,3,83.5,78.8
A05364,L096,ELA02,2025-10-20,ELA02_L02,42,5,58.7,51.0
A05365,L096,ELA02,2026-08-23,ELA02_L07,40,5,72.2,74.6
A05366,L096,ELA02,2026-05-27,ELA02_L07,38,2,74.7,57.4
A05367,L096,ELA02,2026-08-02,ELA02_L05,45,3,66.7,60.4
A05368,L096,ELA02,2026-04-09,ELA02_L03,35,5,68.8,67.0
A05369,L096,ELA02,2025-11-30,ELA02_L06,37,5,66.9,60.9
A05370,L096,ELA02,2025-12-05,ELA02_L12,32,4,63.7,72.0
A05371,L096,ELA02,2025-11-08,ELA02_L04,28,3,81.2,77.4
A05372,L096,ELA02,2026-05-08,ELA02_L03,26,3,78.7,71.5
A05373,L096,ELA02,2026-05-16,ELA02_L02,41,5,80.7,96.8
A05374,L096,ELA02,2026-04-19,ELA02_L10,27,2,70.7,48.7
A05375,L096,ELA02,2025-12-18,ELA02_L03,33,4,69.5,69.7
A05376,L097,READ01,2025-10-01,READ01_L12,34,2,63.6,75.9
A05377,L097,READ01,2025-12-03,READ01_L13,26,4,61.2,68.1
A05378,L097,READ01,2025-12-08,READ01_L05,42,3,53.7,49.2
A05379,L097,READ01,2026-03-29,READ01_L08,39,4,69.0,68.4
A05380,L097,READ01,2026-07-18,READ01_L10,38,3,64.1,85.8
A05381,L097,READ01,2025-10-26,READ01_L14,27,3,72.2,72.8
A05382,L097,READ01,2026-07-23,READ01_L03,46,3,77.9,66.7
A05383,L097,READ01,2025-10-11,READ01_L05,37,6,59.0,65.5
A05384,L097,READ01,2025-10-14,READ01_L07,29,3,54.8,44.9
A05385,L097,READ01,2025-11-03,READ01_L05,38,4,64.4,77.5
A05386,L097,READ01,2025-10-03,READ01_L06,19,2,71.7,69.8
A05387,L097,READ01,2025-09-16,READ01_L10,42,3,68.7,69.3
A05388,L097,READ01,2025-12-30,READ01_L08,33,3,69.4,82.9
A05389,L097,MATH01,2026-08-11,MATH01_L02,35,3,66.9,82.4
A05390,L097,MATH01,2025-09-05,MATH01_L01,49,2,58.7,50.8
A05391,L097,MATH01,2026-01-15,MATH01_L01,43,2,73.5,60.4
A05392,L097,MATH01,2026-08-07,MATH01_L10,54,5,69.8,66.8
A05393,L097,MATH01,2025-09-22,MATH01_L02,35,4,48.2,43.6
A05394,L097,MATH01,2025-12-18,MATH01_L09,36,2,60.7,83.2
A05395,L097,MATH01,2025-09-04,MATH01_L07,40,3,79.7,71.7
A05396,L097,MATH01,2026-07-06,MATH01_L09,48,4,67.4,69.8
A05397,L097,MATH01,2026-01-15,MATH01_L08,39,4,74.9,86.7
A05398,L097,MATH01,2026-05-01,MATH01_L06,42,4,71.7,68.6
A05399,L097,MATH01,2026-07-07,MATH01_L07,29,2,63.1,52.2
A05400,L097,MATH01,2026-02-20,MATH01_L06,31,5,60.0,58.1
A05401,L097,MATH01,2026-08-16,MATH01_L06,37,5,69.5,62.6
A05402,L097,MATH01,2026-02-09,MATH01_L04,34,5,65.7,81.9
A05403,L097,MATH01,2026-03-04,MATH01_L11,45,4,71.3,69.3
A05404,L097,MATH01,2026-03-24,MATH01_L07,39,3,77.0,88.9
A05405,L097,MATH01,2026-07-10,MATH01_L01,32,4,65.9,64.8
A05406,L097,ELA01,2026-02-17,ELA01_L02,40,3,70.6,75.3
A05407,L097,ELA01,2025-09-02,ELA01_L08,27,4,78.3,68.4
A05408,L097,ELA01,2026-08-24,ELA01_L07,43,3,75.7,100.0
A05409,L097,ELA01,2025-11-11,ELA01_L01,40,4,76.4,88.2
A05410,L097,ELA01,2026-07-06,ELA01_L02,36,4,59.6,54.8
A05411,L097,ELA01,2026-05-30,ELA01_L05,45,3,71.2,70.6
A05412,L097,ELA01,2026-08-25,ELA01_L04,20,4,61.0,60.7
A05413,L097,ELA01,2026-03-08,ELA01_L08,27,3,67.9,81.1
A05414,L097,ELA01,2026-07-14,ELA01_L11,35,4,67.5,52.7
A05415,L097,ELA01,2026-08-04,ELA01_L08,25,2,72.5,59.9
A05416,L097,ELA01,2026-05-22,ELA01_L07,32,3,66.1,55.3
A05417,L097,ELA01,2026-08-05,ELA01_L04,41,3,75.6,69.8
A05418,L097,ELA01,2025-09-02,ELA01_L11,32,2,62.9,51.4
A05419,L097,ELA01,2026-02-12,ELA01_L01,37,5,74.4,70.8
A05420,L097,ELA01,2026-07-22,ELA01_L06,31,3,64.6,56.7
A05421,L097,SCI01,2026-02-14,SCI01_L11,35,3,69.7,84.7
A05422,L097,SCI01,2026-04-16,SCI01_L04,44,4,82.7,91.8
A05423,L097,SCI01,2026-07-08,SCI01_L08,41,3,82.4,87.1
A05424,L097,SCI01,2026-03-24,SCI01_L12,27,3,72.5,85.7
A05425,L097,SCI01,2026-07-11,SCI01_L02,25,3,52.9,57.2
A05426,L097,SCI01,2026-02-26,SCI01_L07,34,5,56.7,57.5
A05427,L097,SCI01,2026-05-02,SCI01_L11,30,3,75.0,85.2
A05428,L097,SCI01,2026-08-25,SCI01_L02,25,3,70.5,89.3
A05429,L097,SCI01,2026-03-17,SCI01_L05,42,3,60.1,60.1
A05430,L097,SCI01,2026-07-08,SCI01_L04,18,2,69.9,70.9
A05431,L098,READ01,2026-05-25,READ01_L10,43,2,62.1,68.9
A05432,L098,READ01,2026-05-17,READ01_L01,32,2,56.9,79.7
A05433,L098,READ01,2025-11-05,READ01_L08,34,2,57.2,76.4
A05434,L098,READ01,2025-10-15,READ01_L05,36,5,71.1,72.9
A05435,L098,READ01,2026-08-11,READ01_L09,36,4,69.7,63.8
A05436,L098,READ01,2026-04-28,READ01_L03,41,4,66.2,64.8
A05437,L098,READ01,2026-04-17,READ01_L02,47,3,56.7,68.6
A05438,L098,READ01,2026-05-05,READ01_L11,25,5,69.3,72.4
A05439,L098,READ01,2026-06-04,READ01_L04,33,4,78.6,57.5
A05440,L098,READ01,2026-01-03,READ01_L04,25,3,63.9,69.6
A05441,L098,READ01,2025-11-27,READ01_L13,42,3,63.1,73.7
A05442,L098,READ01,2026-08-04,READ01_L12,43,3,78.4,52.9
A05443,L098,ELA01,2025-10-25,ELA01_L07,34,2,72.6,65.9
A05444,L098,ELA01,2025-09-15,ELA01_L03,26,4,79.4,82.0
A05445,L098,ELA01,2026-02-15,ELA01_L07,40,5,65.1,61.5
A05446,L098,ELA01,2026-01-22,ELA01_L04,40,4,66.0,64.4
A05447,L098,ELA01,2026-01-10,ELA01_L11,17,3,65.5,51.8
A05448,L098,ELA01,2026-05-02,ELA01_L11,33,3,73.4,73.3
A05449,L098,ELA01,2025-11-03,ELA01_L11,47,5,61.0,80.4
A05450,L098,ELA01,2025-11-09,ELA01_L09,35,5,73.4,65.2
A05451,L098,ELA01,2026-07-22,ELA01_L12,30,4,61.0,51.8
A05452,L098,ELA01,2026-05-10,ELA01_L02,22,4,66.7,48.5
A05453,L098,ELA01,2026-08-21,ELA01_L06,45,5,60.5,65.0
A05454,L098,SCI01,2026-06-22,SCI01_L10,31,3,70.1,65.8
A05455,L098,SCI01,2025-10-04,SCI01_L11,37,3,55.8,44.6
A05456,L098,SCI01,2026-02-23,SCI01_L07,40,4,80.5,74.6
A05457,L098,SCI01,2026-03-15,SCI01_L11,40,4,67.9,87.1
A05458,L098,SCI01,2026-07-26,SCI01_L09,31,4,66.3,51.1
A05459,L098,SCI01,2026-04-12,SCI01_L04,24,4,75.3,67.5
A05460,L098,SCI01,2025-12-24,SCI01_L05,42,4,71.7,57.3
A05461,L098,SCI01,2025-10-30,SCI01_L05,29,2,60.8,74.3
A05462,L098,SCI01,2025-10-15,SCI01_L02,26,5,68.8,60.4
A05463,L098,SCI01,2025-10-16,SCI01_L06,28,1,69.9,53.6
A05464,L098,SCI01,2026-07-01,SCI01_L04,42,4,64.3,66.0
A05465,L098,SCI01,2025-10-30,SCI01_L10,45,4,51.8,50.4
A05466,L098,SCI01,2026-03-08,SCI01_L03,45,5,77.0,74.0
A05467,L098,MATH01,2026-03-14,MATH01_L10,43,2,59.9,83.3
A05468,L098,MATH01,2025-09-01,MATH01_L05,26,2,68.2,52.8
A05469,L098,MATH01,2025-10-02,MATH01_L10,35,2,69.1,64.8
A05470,L098,MATH01,2026-06-02,MATH01_L04,40,3,57.0,52.4
A05471,L098,MATH01,2026-03-18,MATH01_L07,32,3,57.6,61.4
A05472,L098,MATH01,2026-02-11,MATH01_L06,41,3,69.3,46.9
A05473,L098,MATH01,2026-08-14,MATH01_L03,27,2,75.9,75.3
A05474,L098,MATH01,2026-05-25,MATH01_L11,31,3,70.3,65.7
A05475,L098,MATH01,2026-07-06,MATH01_L10,35,2,79.3,67.8
A05476,L098,MATH01,2025-12-23,MATH01_L02,37,4,65.9,67.4
A05477,L098,MATH01,2026-03-22,MATH01_L01,31,4,61.2,47.4
A05478,L098,MATH01,2026-06-03,MATH01_L08,40,4,64.2,61.9
A05479,L098,MATH01,2026-02-09,MATH01_L03,24,4,64.6,80.5
A05480,L098,MATH01,2026-01-30,MATH01_L04,38,3,88.4,77.4
A05481,L098,MATH01,2026-05-14,MATH01_L11,36,6,52.9,68.1
A05482,L099,MATH04,2025-11-15,MATH04_L10,36,4,75.6,46.5
A05483,L099,MATH04,2025-11-14,MATH04_L02,30,3,72.8,68.9
A05484,L099,MATH04,2026-07-04,MATH04_L11,29,3,63.8,57.1
A05485,L099,MATH04,2026-02-06,MATH04_L04,23,3,67.5,54.3
A05486,L099,MATH04,2026-01-19,MATH04_L16,36,2,61.6,51.7
A05487,L099,MATH04,2026-07-21,MATH04_L07,23,5,71.2,85.7
A05488,L099,MATH04,2026-05-12,MATH04_L10,28,4,62.7,45.4
A05489,L099,MATH04,2026-08-27,MATH04_L13,31,3,50.7,51.8
A05490,L099,MATH04,2025-10-01,MATH04_L11,45,2,61.8,48.1
A05491,L099,MATH04,2025-11-18,MATH04_L07,25,2,70.6,72.1
A05492,L099,MATH04,2025-12-25,MATH04_L02,33,3,58.3,47.9
A05493,L099,MATH04,2025-12-01,MATH04_L16,36,2,49.9,47.8
A05494,L099,MATH04,2026-03-20,MATH04_L10,33,3,62.6,64.9
A05495,L099,MATH04,2026-08-04,MATH04_L06,44,1,60.9,58.1
A05496,L099,MATH04,2025-09-12,MATH04_L13,38,2,73.4,63.7
A05497,L099,MATH04,2026-02-20,MATH04_L14,39,3,58.6,61.7
A05498,L099,MATH04,2026-08-14,MATH04_L16,53,4,68.8,59.1
A05499,L099,ELA04,2026-03-20,ELA04_L13,32,3,55.0,28.5
A05500,L099,ELA04,2025-10-07,ELA04_L10,37,3,61.0,72.6
A05501,L099,ELA04,2026-01-23,ELA04_L07,40,4,54.2,65.7
A05502,L099,ELA04,2026-08-25,ELA04_L13,37,3,54.2,37.3
A05503,L099,ELA04,2025-10-20,ELA04_L05,27,4,63.4,69.5
A05504,L099,ELA04,2026-02-13,ELA04_L02,29,3,57.5,56.6
A05505,L099,ELA04,2026-08-30,ELA04_L10,40,3,74.7,71.6
A05506,L099,ELA04,2026-04-23,ELA04_L06,45,3,52.5,71.2
A05507,L099,ELA04,2026-06-23,ELA04_L05,51,4,68.3,51.1
A05508,L099,ELA04,2026-04-15,ELA04_L16,33,2,61.8,57.2
A05509,L099,ELA04,2026-01-28,ELA04_L05,35,4,55.7,43.7
A05510,L099,ELA04,2025-12-17,ELA04_L07,35,3,82.2,62.7
A05511,L099,ELA04,2025-12-10,ELA04_L01,32,4,67.2,65.4
A05512,L099,ELA04,2026-03-05,ELA04_L04,48,4,57.1,54.1
A05513,L099,ELA04,2026-08-14,ELA04_L05,38,2,68.0,69.9
A05514,L099,READ01,2026-04-07,READ01_L11,39,3,63.1,55.8
A05515,L099,READ01,2025-11-26,READ01_L01,44,1,80.0,93.9
A05516,L099,READ01,2025-10-20,READ01_L06,29,2,66.1,54.7
A05517,L099,READ01,2026-05-01,READ01_L03,25,2,61.2,48.8
A05518,L099,READ01,2025-09-27,READ01_L02,35,4,69.3,68.5
A05519,L099,READ01,2026-05-22,READ01_L11,38,2,56.2,64.0
A05520,L099,READ01,2026-02-21,READ01_L10,29,3,57.4,65.5
A05521,L099,READ01,2026-04-11,READ01_L03,35,5,68.1,46.0
A05522,L099,READ01,2026-07-19,READ01_L12,26,2,58.4,49.7
A05523,L099,READ01,2026-03-26,READ01_L04,30,3,72.2,51.5
A05524,L099,READ01,2025-09-18,READ01_L02,31,4,60.3,40.2
A05525,L099,READ01,2026-01-02,READ01_L07,43,3,63.0,37.7
A05526,L099,READ01,2026-05-09,READ01_L05,40,4,76.9,56.0
A05527,L099,READ01,2026-08-19,READ01_L10,28,3,78.8,70.4
A05528,L099,READ01,2025-11-28,READ01_L11,33,4,74.3,75.2
A05529,L099,READ01,2026-03-12,READ01_L13,27,5,65.9,48.4
A05530,L099,SCI03,2026-04-26,SCI03_L14,38,4,70.0,86.6
A05531,L099,SCI03,2026-07-30,SCI03_L07,39,5,65.6,64.8
A05532,L099,SCI03,2026-01-19,SCI03_L11,31,2,58.2,62.6
A05533,L099,SCI03,2026-08-01,SCI03_L08,34,2,75.2,87.5
A05534,L099,SCI03,2026-03-08,SCI03_L01,22,3,52.5,55.5
A05535,L099,SCI03,2025-11-01,SCI03_L02,34,5,70.1,70.8
A05536,L099,SCI03,2025-10-13,SCI03_L02,41,2,75.0,72.9
A05537,L099,SCI03,2026-05-09,SCI03_L11,30,3,83.7,85.7
A05538,L099,SCI03,2026-08-09,SCI03_L15,28,3,62.9,80.1
A05539,L099,SCI03,2026-05-19,SCI03_L04,24,2,65.6,92.1
A05540,L099,SCI03,2025-09-12,SCI03_L10,38,3,64.9,68.8
A05541,L100,ELA01,2026-01-19,ELA01_L12,35,5,96.4,79.6
A05542,L100,ELA01,2025-10-19,ELA01_L10,42,4,100.0,96.4
A05543,L100,ELA01,2025-12-02,ELA01_L07,36,2,80.7,79.5
A05544,L100,ELA01,2026-05-06,ELA01_L11,44,4,83.6,74.4
A05545,L100,ELA01,2026-08-26,ELA01_L07,27,4,84.7,62.4
A05546,L100,ELA01,2026-01-31,ELA01_L10,45,3,93.7,100.0
A05547,L100,ELA01,2025-11-04,ELA01_L02,32,2,85.6,89.4
A05548,L100,ELA01,2026-02-14,ELA01_L02,49,4,78.4,70.0
A05549,L100,ELA01,2026-06-03,ELA01_L03,45,1,99.1,93.3
A05550,L100,ELA01,2026-03-27,ELA01_L12,34,4,73.7,77.9
A05551,L100,ELA01,2025-09-11,ELA01_L07,49,5,86.8,93.7
A05552,L100,ELA01,2026-06-12,ELA01_L09,50,4,86.4,82.9
A05553,L100,ELA01,2026-05-30,ELA01_L08,48,4,69.5,100.0
A05554,L100,ELA01,2025-10-03,ELA01_L09,41,5,81.5,68.3
A05555,L100,ELA01,2026-06-27,ELA01_L09,40,4,87.6,100.0
A05556,L100,ELA01,2026-07-31,ELA01_L02,42,6,77.5,69.0
A05557,L100,ELA01,2025-12-16,ELA01_L11,59,5,82.4,76.3
A05558,L100,READ01,2025-12-02,READ01_L14,35,3,91.2,100.0
A05559,L100,READ01,2026-07-04,READ01_L12,60,4,75.9,100.0
A05560,L100,READ01,2025-12-02,READ01_L01,48,5,73.8,83.9
A05561,L100,READ01,2026-06-12,READ01_L08,36,3,92.5,91.9
A05562,L100,READ01,2026-02-08,READ01_L02,36,5,86.5,90.5
A05563,L100,READ01,2025-09-21,READ01_L03,43,4,77.5,69.1
A05564,L100,READ01,2026-06-22,READ01_L04,34,4,91.1,91.9
A05565,L100,READ01,2026-08-01,READ01_L03,41,5,95.7,92.2
A05566,L100,READ01,2025-10-15,READ01_L09,40,5,84.1,80.6
A05567,L100,READ01,2026-01-10,READ01_L14,37,3,95.5,100.0
A05568,L100,READ01,2025-09-18,READ01_L02,50,6,82.1,93.5
A05569,L100,MATH01,2026-05-18,MATH01_L05,42,3,83.2,100.0
A05570,L100,MATH01,2026-03-06,MATH01_L09,38,4,77.9,76.7
A05571,L100,MATH01,2025-11-27,MATH01_L07,51,5,79.5,83.4
A05572,L100,MATH01,2026-08-03,MATH01_L01,48,4,81.6,100.0
A05573,L100,MATH01,2026-01-06,MATH01_L05,50,4,85.6,86.5
A05574,L100,MATH01,2025-09-24,MATH01_L09,57,6,94.6,100.0
A05575,L100,MATH01,2026-01-29,MATH01_L11,36,5,89.5,78.5
A05576,L100,MATH01,2026-06-01,MATH01_L08,43,2,87.8,88.2
A05577,L100,MATH01,2025-11-11,MATH01_L10,39,5,88.1,72.0
A05578,L100,MATH01,2026-05-10,MATH01_L12,48,4,78.5,82.6
A05579,L100,MATH01,2026-02-08,MATH01_L09,40,2,80.4,90.5
A05580,L100,SCI01,2026-07-08,SCI01_L09,31,3,99.2,100.0
A05581,L100,SCI01,2026-05-20,SCI01_L04,40,3,96.5,94.0
A05582,L100,SCI01,2026-08-19,SCI01_L02,35,4,76.5,65.4
A05583,L100,SCI01,2026-08-06,SCI01_L01,41,4,78.5,61.4
A05584,L100,SCI01,2025-12-31,SCI01_L01,37,5,87.9,97.3
A05585,L100,SCI01,2025-12-06,SCI01_L03,45,3,80.4,96.3
A05586,L100,SCI01,2026-02-01,SCI01_L04,43,4,78.4,66.2
A05587,L100,SCI01,2025-11-08,SCI01_L10,35,3,92.0,57.4
A05588,L100,SCI01,2026-06-10,SCI01_L04,51,5,77.8,69.1
A05589,L100,SCI01,2026-06-30,SCI01_L06,36,3,81.8,70.4
A05590,L100,SCI01,2026-01-21,SCI01_L03,44,5,92.6,76.6
A05591,L100,SCI01,2026-07-16,SCI01_L07,21,5,85.6,88.7
A05592,L100,SCI01,2025-10-09,SCI01_L09,53,2,74.0,80.4
A05593,L100,SCI01,2026-01-09,SCI01_L05,30,4,89.2,69.6
A05594,L100,SCI01,2026-03-15,SCI01_L11,31,4,62.0,69.7
