progress_id,learner_id,course_id,progress_date,starting_score,current_score,score_change,completion_percentage,progress_status,badge_earned,recognition_tag
P00001,L001,ELA02,2025-10-10,81.2,81.2,0.0,25.7,Stable,Learning Milestone,Learning Progress
P00002,L001,ELA02,2025-11-03,81.2,78.6,-2.6,41.0,Stable,Learning Milestone,Learning Progress
P00003,L001,ELA02,2026-05-31,81.2,76.9,-4.3,76.1,Stable,Learning Milestone,Learning Progress
P00004,L001,ELA02,2026-08-17,81.2,85.7,4.5,100.0,Stable,Course Completion,Successful Completion
P00005,L001,MATH03,2026-01-23,78.6,78.6,0.0,55.3,Stable,Learning Milestone,Learning Progress
P00006,L001,MATH03,2026-02-26,78.6,83.3,4.7,61.8,Stable,Learning Milestone,Learning Progress
P00007,L001,MATH03,2026-06-10,78.6,85.0,6.4,87.8,Improving,Learning Milestone,Learning Progress
P00008,L001,MATH03,2026-08-25,78.6,88.2,9.6,100.0,Improving,Course Completion,Successful Completion
P00009,L001,READ01,2025-10-13,75.0,75.0,0.0,35.4,Stable,Learning Milestone,Learning Progress
P00010,L001,READ01,2026-03-24,75.0,75.0,0.0,66.8,Stable,Learning Milestone,Learning Progress
P00011,L001,READ01,2026-04-22,75.0,78.9,3.9,75.5,Stable,Learning Milestone,Learning Progress
P00012,L001,READ01,2026-08-22,75.0,81.2,6.2,100.0,Improving,Course Completion,Successful Completion
P00013,L002,ELA04,2025-10-15,95.0,95.0,0.0,34.6,Stable,Learning Milestone,Learning Progress
P00014,L002,ELA04,2025-12-27,95.0,94.7,-0.3,52.2,Stable,Learning Milestone,Learning Progress
P00015,L002,ELA04,2026-02-08,95.0,90.0,-5.0,63.8,Needs Attention,Learning Milestone,Learning Progress
P00016,L002,ELA04,2026-07-23,95.0,81.8,-13.2,100.0,Needs Attention,Course Completion,Successful Completion
P00017,L002,READ01,2025-09-04,83.3,83.3,0.0,24.1,Stable,Learning Milestone,Learning Progress
P00018,L002,READ01,2026-02-24,83.3,90.0,6.7,65.4,Improving,Learning Milestone,Learning Progress
P00019,L002,READ01,2026-06-01,83.3,91.7,8.4,82.2,Improving,Learning Milestone,Learning Progress
P00020,L002,READ01,2026-08-26,83.3,93.3,10.0,100.0,Improving,Progress Star,Great Improvement
P00021,L002,SCI03,2025-11-04,81.2,81.2,0.0,40.5,Stable,Learning Milestone,Learning Progress
P00022,L002,SCI03,2025-11-13,81.2,90.0,8.8,41.1,Improving,Learning Milestone,Learning Progress
P00023,L002,SCI03,2026-05-21,81.2,90.0,8.8,80.7,Improving,Learning Milestone,Learning Progress
P00024,L002,SCI03,2026-08-18,81.2,94.1,12.9,100.0,Improving,Progress Star,Great Improvement
P00025,L003,ELA01,2025-09-05,81.8,81.8,0.0,27.0,Stable,Learning Milestone,Learning Progress
P00026,L003,ELA01,2025-12-11,81.8,90.0,8.2,45.2,Improving,Learning Milestone,Learning Progress
P00027,L003,ELA01,2026-03-25,81.8,86.7,4.9,66.2,Stable,Learning Milestone,Learning Progress
P00028,L003,ELA01,2026-05-10,81.8,90.9,9.1,100.0,Improving,Course Completion,Successful Completion
P00029,L003,MATH01,2025-09-03,92.3,92.3,0.0,27.3,Stable,Learning Milestone,Learning Progress
P00030,L003,MATH01,2025-11-11,92.3,90.0,-2.3,37.3,Stable,Learning Milestone,Learning Progress
P00031,L003,MATH01,2026-03-01,92.3,94.1,1.8,61.2,Stable,Learning Milestone,Learning Progress
P00032,L003,MATH01,2026-08-30,92.3,93.8,1.5,100.0,Stable,Course Completion,Successful Completion
P00033,L003,READ01,2025-10-31,84.6,84.6,0.0,34.4,Stable,Learning Milestone,Learning Progress
P00034,L003,READ01,2026-01-27,84.6,95.0,10.4,49.6,Improving,Growth Champion,Strong Progress
P00035,L003,READ01,2026-02-01,84.6,90.0,5.4,50.9,Improving,Learning Milestone,Learning Progress
P00036,L003,READ01,2026-06-04,84.6,90.9,6.3,100.0,Improving,Course Completion,Successful Completion
P00037,L004,ELA04,2025-09-27,80.0,80.0,0.0,25.2,Stable,Learning Milestone,Learning Progress
P00038,L004,ELA04,2026-02-04,80.0,72.2,-7.8,52.4,Needs Attention,Learning Milestone,Learning Progress
P00039,L004,ELA04,2026-03-28,80.0,78.6,-1.4,73.4,Stable,Learning Milestone,Learning Progress
P00040,L004,ELA04,2026-08-25,80.0,75.0,-5.0,100.0,Needs Attention,Course Completion,Successful Completion
P00041,L004,MATH04,2025-09-07,76.9,76.9,0.0,24.8,Stable,Learning Milestone,Learning Progress
P00042,L004,MATH04,2025-11-04,76.9,81.2,4.3,32.4,Stable,Learning Milestone,Learning Progress
P00043,L004,MATH04,2026-02-24,76.9,78.6,1.7,60.7,Stable,Learning Milestone,Learning Progress
P00044,L004,MATH04,2026-08-17,76.9,83.3,6.4,100.0,Improving,Course Completion,Successful Completion
P00045,L004,SCI03,2025-12-11,70.6,70.6,0.0,44.3,Stable,Learning Milestone,Learning Progress
P00046,L004,SCI03,2026-01-05,70.6,77.8,7.2,59.2,Improving,Learning Milestone,Learning Progress
P00047,L004,SCI03,2026-04-08,70.6,76.9,6.3,72.8,Improving,Learning Milestone,Learning Progress
P00048,L004,SCI03,2026-08-25,70.6,83.3,12.7,100.0,Improving,Progress Star,Great Improvement
P00049,L005,MATH01,2025-10-05,70.0,70.0,0.0,34.8,Stable,Learning Milestone,Learning Progress
P00050,L005,MATH01,2026-04-03,70.0,66.7,-3.3,67.0,Stable,Learning Milestone,Learning Progress
P00051,L005,MATH01,2026-05-06,70.0,76.9,6.9,72.7,Improving,Learning Milestone,Learning Progress
P00052,L005,MATH01,2026-05-27,70.0,81.8,11.8,100.0,Improving,Progress Star,Great Improvement
P00053,L005,READ01,2025-10-22,71.4,71.4,0.0,30.9,Stable,Learning Milestone,Learning Progress
P00054,L005,READ01,2025-12-18,71.4,70.0,-1.4,45.8,Stable,Learning Milestone,Learning Progress
P00055,L005,READ01,2026-01-25,71.4,66.7,-4.7,56.3,Stable,Learning Milestone,Learning Progress
P00056,L005,READ01,2026-07-08,71.4,68.8,-2.6,100.0,Stable,Course Completion,Successful Completion
P00057,L005,SCI01,2025-09-22,69.2,69.2,0.0,31.9,Stable,Learning Milestone,Learning Progress
P00058,L005,SCI01,2025-12-07,69.2,73.3,4.1,43.8,Stable,Learning Milestone,Learning Progress
P00059,L005,SCI01,2026-07-06,69.2,70.0,0.8,91.1,Stable,Learning Milestone,Learning Progress
P00060,L005,SCI01,2026-08-02,69.2,73.3,4.1,100.0,Stable,Course Completion,Successful Completion
P00061,L006,ELA01,2025-09-01,68.4,68.4,0.0,24.0,Stable,Learning Milestone,Learning Progress
P00062,L006,ELA01,2025-12-17,68.4,64.3,-4.1,53.9,Stable,Learning Milestone,Learning Progress
P00063,L006,ELA01,2026-06-01,68.4,70.0,1.6,78.6,Stable,Learning Milestone,Learning Progress
P00064,L006,ELA01,2026-07-30,68.4,75.0,6.6,100.0,Improving,Course Completion,Successful Completion
P00065,L006,MATH01,2025-09-02,63.2,63.2,0.0,29.9,Stable,Learning Milestone,Learning Progress
P00066,L006,MATH01,2025-12-04,63.2,58.8,-4.4,51.5,Stable,Learning Milestone,Learning Progress
P00067,L006,MATH01,2026-03-19,63.2,63.6,0.4,66.7,Stable,Learning Milestone,Learning Progress
P00068,L006,MATH01,2026-07-08,63.2,66.7,3.5,100.0,Stable,Course Completion,Successful Completion
P00069,L006,SCI01,2026-01-10,63.2,63.2,0.0,60.3,Stable,Learning Milestone,Learning Progress
P00070,L006,SCI01,2026-03-15,63.2,69.2,6.0,63.8,Improving,Learning Milestone,Learning Progress
P00071,L006,SCI01,2026-07-22,63.2,66.7,3.5,88.5,Stable,Learning Milestone,Learning Progress
P00072,L006,SCI01,2026-08-19,63.2,63.6,0.4,100.0,Stable,Course Completion,Successful Completion
P00073,L007,ELA01,2025-11-30,60.0,60.0,0.0,39.6,Stable,Learning Milestone,Learning Progress
P00074,L007,ELA01,2025-12-06,60.0,63.6,3.6,46.9,Stable,Learning Milestone,Learning Progress
P00075,L007,ELA01,2026-05-10,60.0,75.0,15.0,74.3,Improving,Growth Champion,Strong Progress
P00076,L007,ELA01,2026-07-29,60.0,68.4,8.4,100.0,Improving,Course Completion,Successful Completion
P00077,L007,MATH01,2025-09-29,60.0,60.0,0.0,34.6,Stable,Learning Milestone,Learning Progress
P00078,L007,MATH01,2026-01-15,60.0,68.8,8.8,55.5,Improving,Learning Milestone,Learning Progress
P00079,L007,MATH01,2026-06-06,60.0,75.0,15.0,82.3,Improving,Growth Champion,Strong Progress
P00080,L007,MATH01,2026-08-21,60.0,68.8,8.8,100.0,Improving,Course Completion,Successful Completion
P00081,L007,READ01,2025-09-07,63.6,63.6,0.0,26.3,Stable,Learning Milestone,Learning Progress
P00082,L007,READ01,2025-09-23,63.6,57.9,-5.7,27.8,Needs Attention,Learning Milestone,Learning Progress
P00083,L007,READ01,2025-11-07,63.6,54.5,-9.1,38.8,Needs Attention,Learning Milestone,Learning Progress
P00084,L007,READ01,2026-07-27,63.6,64.3,0.7,100.0,Stable,Course Completion,Successful Completion
P00085,L008,ELA02,2025-10-24,72.7,72.7,0.0,35.4,Stable,Learning Milestone,Learning Progress
P00086,L008,ELA02,2026-01-17,72.7,68.8,-3.9,55.1,Stable,Learning Milestone,Learning Progress
P00087,L008,ELA02,2026-03-08,72.7,71.4,-1.3,60.4,Stable,Learning Milestone,Learning Progress
P00088,L008,ELA02,2026-08-31,72.7,76.5,3.8,100.0,Stable,Course Completion,Successful Completion
P00089,L008,MATH02,2025-11-10,77.8,77.8,0.0,36.5,Stable,Learning Milestone,Learning Progress
P00090,L008,MATH02,2026-03-16,77.8,68.8,-9.0,63.1,Needs Attention,Learning Milestone,Learning Progress
P00091,L008,MATH02,2026-05-13,77.8,73.3,-4.5,82.5,Stable,Learning Milestone,Learning Progress
P00092,L008,MATH02,2026-08-01,77.8,80.0,2.2,100.0,Stable,Course Completion,Successful Completion
P00093,L008,READ01,2025-10-23,73.3,73.3,0.0,31.4,Stable,Learning Milestone,Learning Progress
P00094,L008,READ01,2025-10-27,73.3,63.6,-9.7,38.3,Needs Attention,Learning Milestone,Learning Progress
P00095,L008,READ01,2025-12-24,73.3,68.8,-4.5,46.9,Stable,Learning Milestone,Learning Progress
P00096,L008,READ01,2026-05-10,73.3,75.0,1.7,100.0,Stable,Course Completion,Successful Completion
P00097,L009,ELA01,2025-10-18,66.7,66.7,0.0,28.7,Stable,Learning Milestone,Learning Progress
P00098,L009,ELA01,2025-12-26,66.7,75.0,8.3,52.8,Improving,Learning Milestone,Learning Progress
P00099,L009,ELA01,2026-03-13,66.7,70.6,3.9,59.3,Stable,Learning Milestone,Learning Progress
P00100,L009,ELA01,2026-08-30,66.7,70.0,3.3,100.0,Stable,Course Completion,Successful Completion
P00101,L009,READ01,2025-11-11,68.8,68.8,0.0,35.8,Stable,Learning Milestone,Learning Progress
P00102,L009,READ01,2026-02-01,68.8,63.6,-5.2,59.6,Needs Attention,Learning Milestone,Learning Progress
P00103,L009,READ01,2026-04-29,68.8,66.7,-2.1,73.1,Stable,Learning Milestone,Learning Progress
P00104,L009,READ01,2026-08-24,68.8,66.7,-2.1,100.0,Stable,Course Completion,Successful Completion
P00105,L009,SCI01,2025-09-29,66.7,66.7,0.0,30.4,Stable,Learning Milestone,Learning Progress
P00106,L009,SCI01,2025-12-17,66.7,68.8,2.1,48.3,Stable,Learning Milestone,Learning Progress
P00107,L009,SCI01,2026-01-03,66.7,70.6,3.9,50.6,Stable,Learning Milestone,Learning Progress
P00108,L009,SCI01,2026-06-10,66.7,68.4,1.7,100.0,Stable,Course Completion,Successful Completion
P00109,L010,ELA04,2025-09-05,77.8,77.8,0.0,23.8,Stable,Learning Milestone,Learning Progress
P00110,L010,ELA04,2025-09-25,77.8,80.0,2.2,23.6,Stable,Learning Milestone,Learning Progress
P00111,L010,ELA04,2026-02-06,77.8,76.5,-1.3,53.1,Stable,Learning Milestone,Learning Progress
P00112,L010,ELA04,2026-03-23,77.8,81.8,4.0,100.0,Stable,Course Completion,Successful Completion
P00113,L010,READ01,2025-09-15,69.2,69.2,0.0,26.7,Stable,Learning Milestone,Learning Progress
P00114,L010,READ01,2025-10-10,69.2,72.7,3.5,30.4,Stable,Learning Milestone,Learning Progress
P00115,L010,READ01,2026-02-19,69.2,76.9,7.7,54.6,Improving,Learning Milestone,Learning Progress
P00116,L010,READ01,2026-07-06,69.2,78.9,9.7,100.0,Improving,Course Completion,Successful Completion
P00117,L010,SCI03,2025-11-12,75.0,75.0,0.0,37.0,Stable,Learning Milestone,Learning Progress
P00118,L010,SCI03,2026-05-15,75.0,78.6,3.6,81.3,Stable,Learning Milestone,Learning Progress
P00119,L010,SCI03,2026-07-09,75.0,75.0,0.0,86.9,Stable,Learning Milestone,Learning Progress
P00120,L010,SCI03,2026-08-15,75.0,78.9,3.9,100.0,Stable,Course Completion,Successful Completion
P00121,L011,ELA01,2025-09-21,75.0,75.0,0.0,26.7,Stable,Learning Milestone,Learning Progress
P00122,L011,ELA01,2026-01-25,75.0,66.7,-8.3,57.6,Needs Attention,Learning Milestone,Learning Progress
P00123,L011,ELA01,2026-03-25,75.0,72.7,-2.3,65.8,Stable,Learning Milestone,Learning Progress
P00124,L011,ELA01,2026-06-19,75.0,80.0,5.0,100.0,Improving,Course Completion,Successful Completion
P00125,L011,MATH01,2025-09-08,72.7,72.7,0.0,25.4,Stable,Learning Milestone,Learning Progress
P00126,L011,MATH01,2025-10-15,72.7,78.6,5.9,41.4,Improving,Learning Milestone,Learning Progress
P00127,L011,MATH01,2026-02-06,72.7,72.7,0.0,64.7,Stable,Learning Milestone,Learning Progress
P00128,L011,MATH01,2026-06-08,72.7,76.5,3.8,100.0,Stable,Course Completion,Successful Completion
P00129,L011,READ01,2025-09-05,64.3,64.3,0.0,25.3,Stable,Learning Milestone,Learning Progress
P00130,L011,READ01,2025-10-24,64.3,62.5,-1.8,37.1,Stable,Learning Milestone,Learning Progress
P00131,L011,READ01,2026-01-04,64.3,72.7,8.4,52.0,Improving,Learning Milestone,Learning Progress
P00132,L011,READ01,2026-08-25,64.3,72.7,8.4,100.0,Improving,Course Completion,Successful Completion
P00133,L012,ELA01,2025-10-04,73.3,73.3,0.0,33.6,Stable,Learning Milestone,Learning Progress
P00134,L012,ELA01,2025-12-12,73.3,64.7,-8.6,46.8,Needs Attention,Learning Milestone,Learning Progress
P00135,L012,ELA01,2026-03-23,73.3,70.0,-3.3,65.6,Stable,Learning Milestone,Learning Progress
P00136,L012,ELA01,2026-04-10,73.3,57.9,-15.4,100.0,Needs Attention,Course Completion,Successful Completion
P00137,L012,MATH01,2025-09-12,68.8,68.8,0.0,25.4,Stable,Learning Milestone,Learning Progress
P00138,L012,MATH01,2025-10-02,68.8,64.3,-4.5,34.6,Stable,Learning Milestone,Learning Progress
P00139,L012,MATH01,2026-03-05,68.8,66.7,-2.1,63.0,Stable,Learning Milestone,Learning Progress
P00140,L012,MATH01,2026-08-17,68.8,64.7,-4.1,100.0,Stable,Course Completion,Successful Completion
P00141,L012,SCI01,2025-09-06,66.7,66.7,0.0,24.9,Stable,Learning Milestone,Learning Progress
P00142,L012,SCI01,2026-03-19,66.7,63.2,-3.5,61.8,Stable,Learning Milestone,Learning Progress
P00143,L012,SCI01,2026-06-20,66.7,66.7,0.0,84.2,Stable,Learning Milestone,Learning Progress
P00144,L012,SCI01,2026-08-23,66.7,63.6,-3.1,100.0,Stable,Course Completion,Successful Completion
P00145,L013,ELA04,2025-09-02,72.7,72.7,0.0,20.9,Stable,Learning Milestone,Learning Progress
P00146,L013,ELA04,2026-01-13,72.7,75.0,2.3,57.4,Stable,Learning Milestone,Learning Progress
P00147,L013,ELA04,2026-05-25,72.7,73.3,0.6,78.1,Stable,Learning Milestone,Learning Progress
P00148,L013,ELA04,2026-07-25,72.7,70.6,-2.1,100.0,Stable,Course Completion,Successful Completion
P00149,L013,MATH04,2025-09-17,71.4,71.4,0.0,34.8,Stable,Learning Milestone,Learning Progress
P00150,L013,MATH04,2026-04-16,71.4,69.2,-2.2,75.0,Stable,Learning Milestone,Learning Progress
P00151,L013,MATH04,2026-06-25,71.4,72.7,1.3,84.7,Stable,Learning Milestone,Learning Progress
P00152,L013,MATH04,2026-08-08,71.4,75.0,3.6,100.0,Stable,Course Completion,Successful Completion
P00153,L013,READ01,2025-10-29,60.0,60.0,0.0,36.0,Stable,Learning Milestone,Learning Progress
P00154,L013,READ01,2026-02-19,60.0,71.4,11.4,57.5,Improving,Growth Champion,Strong Progress
P00155,L013,READ01,2026-04-08,60.0,73.7,13.7,72.0,Improving,Growth Champion,Strong Progress
P00156,L013,READ01,2026-06-05,60.0,68.8,8.8,100.0,Improving,Course Completion,Successful Completion
P00157,L014,MATH04,2025-11-05,76.9,76.9,0.0,38.7,Stable,Learning Milestone,Learning Progress
P00158,L014,MATH04,2025-11-28,76.9,75.0,-1.9,47.2,Stable,Learning Milestone,Learning Progress
P00159,L014,MATH04,2026-03-26,76.9,80.0,3.1,71.1,Stable,Learning Milestone,Learning Progress
P00160,L014,MATH04,2026-07-23,76.9,84.2,7.3,100.0,Improving,Course Completion,Successful Completion
P00161,L014,READ01,2026-01-14,70.0,70.0,0.0,54.8,Stable,Learning Milestone,Learning Progress
P00162,L014,READ01,2026-01-24,70.0,80.0,10.0,50.4,Improving,Growth Champion,Strong Progress
P00163,L014,READ01,2026-04-01,70.0,78.9,8.9,70.5,Improving,Learning Milestone,Learning Progress
P00164,L014,READ01,2026-08-04,70.0,73.7,3.7,100.0,Stable,Course Completion,Successful Completion
P00165,L014,SCI03,2025-12-05,76.9,76.9,0.0,46.1,Stable,Learning Milestone,Learning Progress
P00166,L014,SCI03,2026-03-03,76.9,85.7,8.8,61.5,Improving,Learning Milestone,Learning Progress
P00167,L014,SCI03,2026-07-21,76.9,80.0,3.1,99.9,Stable,Learning Milestone,Learning Progress
P00168,L014,SCI03,2026-08-01,76.9,81.8,4.9,100.0,Stable,Course Completion,Successful Completion
P00169,L015,ELA01,2025-11-28,68.8,68.8,0.0,47.0,Stable,Learning Milestone,Learning Progress
P00170,L015,ELA01,2025-12-11,68.8,76.5,7.7,41.7,Improving,Learning Milestone,Learning Progress
P00171,L015,ELA01,2026-03-24,68.8,75.0,6.2,69.1,Improving,Learning Milestone,Learning Progress
P00172,L015,ELA01,2026-08-18,68.8,77.8,9.0,100.0,Improving,Course Completion,Successful Completion
P00173,L015,MATH01,2025-09-03,72.7,72.7,0.0,25.6,Stable,Learning Milestone,Learning Progress
P00174,L015,MATH01,2026-01-09,72.7,75.0,2.3,49.8,Stable,Learning Milestone,Learning Progress
P00175,L015,MATH01,2026-05-26,72.7,66.7,-6.0,80.6,Needs Attention,Learning Milestone,Learning Progress
P00176,L015,MATH01,2026-07-12,72.7,77.8,5.1,100.0,Improving,Course Completion,Successful Completion
P00177,L015,SCI01,2025-10-10,70.6,70.6,0.0,40.2,Stable,Learning Milestone,Learning Progress
P00178,L015,SCI01,2025-10-22,70.6,72.7,2.1,32.0,Stable,Learning Milestone,Learning Progress
P00179,L015,SCI01,2025-12-16,70.6,70.6,0.0,44.6,Stable,Learning Milestone,Learning Progress
P00180,L015,SCI01,2026-05-12,70.6,70.0,-0.6,100.0,Stable,Course Completion,Successful Completion
P00181,L016,MATH04,2025-10-09,65.0,65.0,0.0,31.8,Stable,Learning Milestone,Learning Progress
P00182,L016,MATH04,2026-01-21,65.0,61.5,-3.5,53.9,Stable,Learning Milestone,Learning Progress
P00183,L016,MATH04,2026-06-21,65.0,75.0,10.0,89.7,Improving,Growth Champion,Strong Progress
P00184,L016,MATH04,2026-08-10,65.0,68.8,3.8,100.0,Stable,Course Completion,Successful Completion
P00185,L016,READ01,2025-09-03,60.0,60.0,0.0,23.0,Stable,Learning Milestone,Learning Progress
P00186,L016,READ01,2025-11-07,60.0,72.7,12.7,31.8,Improving,Growth Champion,Strong Progress
P00187,L016,READ01,2026-03-26,60.0,68.8,8.8,62.7,Improving,Learning Milestone,Learning Progress
P00188,L016,READ01,2026-07-27,60.0,70.6,10.6,100.0,Improving,Progress Star,Great Improvement
P00189,L016,SCI03,2025-09-16,66.7,66.7,0.0,30.5,Stable,Learning Milestone,Learning Progress
P00190,L016,SCI03,2025-12-02,66.7,70.0,3.3,47.8,Stable,Learning Milestone,Learning Progress
P00191,L016,SCI03,2026-03-23,66.7,60.0,-6.7,66.5,Needs Attention,Learning Milestone,Learning Progress
P00192,L016,SCI03,2026-07-28,66.7,71.4,4.7,100.0,Stable,Course Completion,Successful Completion
P00193,L017,ELA01,2025-09-06,73.3,73.3,0.0,20.0,Stable,Learning Milestone,Learning Progress
P00194,L017,ELA01,2025-09-25,73.3,69.2,-4.1,34.1,Stable,Learning Milestone,Learning Progress
P00195,L017,ELA01,2025-10-24,73.3,70.0,-3.3,32.6,Stable,Learning Milestone,Learning Progress
P00196,L017,ELA01,2026-07-14,73.3,73.7,0.4,100.0,Stable,Course Completion,Successful Completion
P00197,L017,MATH01,2025-09-07,69.2,69.2,0.0,28.3,Stable,Learning Milestone,Learning Progress
P00198,L017,MATH01,2025-10-01,69.2,76.9,7.7,32.4,Improving,Learning Milestone,Learning Progress
P00199,L017,MATH01,2025-12-18,69.2,72.2,3.0,47.6,Stable,Learning Milestone,Learning Progress
P00200,L017,MATH01,2026-08-10,69.2,81.8,12.6,100.0,Improving,Progress Star,Great Improvement
P00201,L017,READ01,2025-11-01,66.7,66.7,0.0,38.0,Stable,Learning Milestone,Learning Progress
P00202,L017,READ01,2025-11-10,66.7,66.7,0.0,43.3,Stable,Learning Milestone,Learning Progress
P00203,L017,READ01,2026-02-11,66.7,80.0,13.3,56.5,Improving,Growth Champion,Strong Progress
P00204,L017,READ01,2026-08-24,66.7,75.0,8.3,100.0,Improving,Course Completion,Successful Completion
P00205,L018,ELA01,2025-10-06,64.3,64.3,0.0,28.7,Stable,Learning Milestone,Learning Progress
P00206,L018,ELA01,2025-12-13,64.3,70.0,5.7,46.2,Improving,Learning Milestone,Learning Progress
P00207,L018,ELA01,2026-03-24,64.3,70.0,5.7,73.2,Improving,Learning Milestone,Learning Progress
P00208,L018,ELA01,2026-07-15,64.3,72.7,8.4,100.0,Improving,Course Completion,Successful Completion
P00209,L018,MATH01,2025-11-17,70.0,70.0,0.0,45.1,Stable,Learning Milestone,Learning Progress
P00210,L018,MATH01,2026-02-18,70.0,75.0,5.0,67.9,Improving,Learning Milestone,Learning Progress
P00211,L018,MATH01,2026-04-09,70.0,66.7,-3.3,71.0,Stable,Learning Milestone,Learning Progress
P00212,L018,MATH01,2026-05-19,70.0,69.2,-0.8,100.0,Stable,Course Completion,Successful Completion
P00213,L018,SCI01,2025-10-04,62.5,62.5,0.0,28.7,Stable,Learning Milestone,Learning Progress
P00214,L018,SCI01,2025-12-25,62.5,71.4,8.9,53.9,Improving,Learning Milestone,Learning Progress
P00215,L018,SCI01,2026-01-20,62.5,68.4,5.9,59.2,Improving,Learning Milestone,Learning Progress
P00216,L018,SCI01,2026-08-25,62.5,69.2,6.7,100.0,Improving,Course Completion,Successful Completion
P00217,L019,ELA02,2025-09-16,84.6,84.6,0.0,28.0,Stable,Learning Milestone,Learning Progress
P00218,L019,ELA02,2025-12-22,84.6,90.9,6.3,52.2,Improving,Learning Milestone,Learning Progress
P00219,L019,ELA02,2026-03-30,84.6,90.0,5.4,68.1,Improving,Learning Milestone,Learning Progress
P00220,L019,ELA02,2026-08-04,84.6,86.7,2.1,100.0,Stable,Course Completion,Successful Completion
P00221,L019,MATH02,2025-10-19,80.0,80.0,0.0,39.4,Stable,Learning Milestone,Learning Progress
P00222,L019,MATH02,2025-11-15,80.0,80.0,0.0,47.0,Stable,Learning Milestone,Learning Progress
P00223,L019,MATH02,2025-12-26,80.0,85.7,5.7,44.8,Improving,Learning Milestone,Learning Progress
P00224,L019,MATH02,2026-05-27,80.0,88.9,8.9,100.0,Improving,Course Completion,Successful Completion
P00225,L019,MATH03,2025-09-07,85.0,85.0,0.0,26.4,Stable,Learning Milestone,Learning Progress
P00226,L019,MATH03,2025-11-12,85.0,90.0,5.0,43.7,Improving,Learning Milestone,Learning Progress
P00227,L019,MATH03,2025-12-05,85.0,84.2,-0.8,40.0,Stable,Learning Milestone,Learning Progress
P00228,L019,MATH03,2026-04-22,85.0,88.2,3.2,100.0,Stable,Course Completion,Successful Completion
P00229,L020,MATH04,2025-09-17,75.0,75.0,0.0,25.9,Stable,Learning Milestone,Learning Progress
P00230,L020,MATH04,2026-01-06,75.0,71.4,-3.6,54.0,Stable,Learning Milestone,Learning Progress
P00231,L020,MATH04,2026-03-17,75.0,75.0,0.0,62.4,Stable,Learning Milestone,Learning Progress
P00232,L020,MATH04,2026-08-14,75.0,71.4,-3.6,100.0,Stable,Course Completion,Successful Completion
P00233,L020,READ01,2025-09-03,75.0,75.0,0.0,24.8,Stable,Learning Milestone,Learning Progress
P00234,L020,READ01,2025-09-28,75.0,64.3,-10.7,26.8,Needs Attention,Learning Milestone,Learning Progress
P00235,L020,READ01,2026-02-28,75.0,75.0,0.0,62.3,Stable,Learning Milestone,Learning Progress
P00236,L020,READ01,2026-05-09,75.0,69.2,-5.8,100.0,Needs Attention,Course Completion,Successful Completion
P00237,L020,SCI03,2025-09-22,72.7,72.7,0.0,27.1,Stable,Learning Milestone,Learning Progress
P00238,L020,SCI03,2026-01-20,72.7,71.4,-1.3,55.4,Stable,Learning Milestone,Learning Progress
P00239,L020,SCI03,2026-05-25,72.7,71.4,-1.3,72.7,Stable,Learning Milestone,Learning Progress
P00240,L020,SCI03,2026-08-26,72.7,76.5,3.8,100.0,Stable,Course Completion,Successful Completion
P00241,L021,ELA01,2025-11-13,66.7,66.7,0.0,30.7,Stable,Learning Milestone,Learning Progress
P00242,L021,ELA01,2025-12-14,66.7,75.0,8.3,51.7,Improving,Learning Milestone,Learning Progress
P00243,L021,ELA01,2026-05-23,66.7,64.7,-2.0,79.1,Stable,Learning Milestone,Learning Progress
P00244,L021,ELA01,2026-08-26,66.7,68.4,1.7,100.0,Stable,Course Completion,Successful Completion
P00245,L021,MATH01,2025-09-04,61.1,61.1,0.0,29.4,Stable,Learning Milestone,Learning Progress
P00246,L021,MATH01,2025-11-04,61.1,72.7,11.6,36.6,Improving,Growth Champion,Strong Progress
P00247,L021,MATH01,2026-03-26,61.1,71.4,10.3,68.5,Improving,Growth Champion,Strong Progress
P00248,L021,MATH01,2026-08-10,61.1,68.4,7.3,100.0,Improving,Course Completion,Successful Completion
P00249,L021,READ01,2025-10-20,66.7,66.7,0.0,33.2,Stable,Learning Milestone,Learning Progress
P00250,L021,READ01,2025-12-03,66.7,70.6,3.9,45.3,Stable,Learning Milestone,Learning Progress
P00251,L021,READ01,2026-04-15,66.7,72.7,6.0,74.7,Improving,Learning Milestone,Learning Progress
P00252,L021,READ01,2026-08-22,66.7,66.7,0.0,100.0,Stable,Course Completion,Successful Completion
P00253,L022,ELA01,2025-09-13,64.7,64.7,0.0,25.6,Stable,Learning Milestone,Learning Progress
P00254,L022,ELA01,2025-10-24,64.7,64.3,-0.4,34.6,Stable,Learning Milestone,Learning Progress
P00255,L022,ELA01,2026-01-05,64.7,64.3,-0.4,41.8,Stable,Learning Milestone,Learning Progress
P00256,L022,ELA01,2026-05-17,64.7,72.7,8.0,100.0,Improving,Course Completion,Successful Completion
P00257,L022,MATH01,2025-09-06,65.0,65.0,0.0,21.2,Stable,Learning Milestone,Learning Progress
P00258,L022,MATH01,2025-09-18,65.0,57.9,-7.1,31.0,Needs Attention,Learning Milestone,Learning Progress
P00259,L022,MATH01,2026-03-19,65.0,58.8,-6.2,65.6,Needs Attention,Learning Milestone,Learning Progress
P00260,L022,MATH01,2026-06-25,65.0,61.5,-3.5,100.0,Stable,Course Completion,Successful Completion
P00261,L022,SCI01,2025-11-12,66.7,66.7,0.0,42.6,Stable,Learning Milestone,Learning Progress
P00262,L022,SCI01,2025-11-27,66.7,57.1,-9.6,39.2,Needs Attention,Learning Milestone,Learning Progress
P00263,L022,SCI01,2026-01-02,66.7,64.3,-2.4,51.8,Stable,Learning Milestone,Learning Progress
P00264,L022,SCI01,2026-08-03,66.7,66.7,0.0,100.0,Stable,Course Completion,Successful Completion
P00265,L023,ELA04,2025-09-16,81.8,81.8,0.0,27.4,Stable,Learning Milestone,Learning Progress
P00266,L023,ELA04,2025-09-24,81.8,76.5,-5.3,26.0,Needs Attention,Learning Milestone,Learning Progress
P00267,L023,ELA04,2025-11-21,81.8,75.0,-6.8,44.1,Needs Attention,Learning Milestone,Learning Progress
P00268,L023,ELA04,2026-08-07,81.8,72.7,-9.1,100.0,Needs Attention,Course Completion,Successful Completion
P00269,L023,READ01,2025-09-16,73.3,73.3,0.0,28.5,Stable,Learning Milestone,Learning Progress
P00270,L023,READ01,2025-11-29,73.3,75.0,1.7,39.1,Stable,Learning Milestone,Learning Progress
P00271,L023,READ01,2026-04-15,73.3,78.6,5.3,69.5,Improving,Learning Milestone,Learning Progress
P00272,L023,READ01,2026-07-21,73.3,75.0,1.7,100.0,Stable,Course Completion,Successful Completion
P00273,L023,SCI03,2025-10-03,82.4,82.4,0.0,34.3,Stable,Learning Milestone,Learning Progress
P00274,L023,SCI03,2025-11-29,82.4,71.4,-11.0,37.0,Needs Attention,Learning Milestone,Learning Progress
P00275,L023,SCI03,2026-05-21,82.4,77.8,-4.6,76.7,Stable,Learning Milestone,Learning Progress
P00276,L023,SCI03,2026-08-02,82.4,78.9,-3.5,100.0,Stable,Course Completion,Successful Completion
P00277,L024,ELA04,2025-10-05,72.7,72.7,0.0,31.7,Stable,Learning Milestone,Learning Progress
P00278,L024,ELA04,2026-03-12,72.7,69.2,-3.5,59.4,Stable,Learning Milestone,Learning Progress
P00279,L024,ELA04,2026-04-13,72.7,64.3,-8.4,70.3,Needs Attention,Learning Milestone,Learning Progress
P00280,L024,ELA04,2026-07-18,72.7,78.6,5.9,100.0,Improving,Course Completion,Successful Completion
P00281,L024,MATH04,2025-09-30,66.7,66.7,0.0,26.8,Stable,Learning Milestone,Learning Progress
P00282,L024,MATH04,2026-03-24,66.7,75.0,8.3,66.6,Improving,Learning Milestone,Learning Progress
P00283,L024,MATH04,2026-05-24,66.7,70.0,3.3,77.4,Stable,Learning Milestone,Learning Progress
P00284,L024,MATH04,2026-07-14,66.7,70.0,3.3,100.0,Stable,Course Completion,Successful Completion
P00285,L024,READ01,2025-09-13,70.0,70.0,0.0,23.9,Stable,Learning Milestone,Learning Progress
P00286,L024,READ01,2025-10-20,70.0,66.7,-3.3,35.5,Stable,Learning Milestone,Learning Progress
P00287,L024,READ01,2026-06-26,70.0,70.0,0.0,83.2,Stable,Learning Milestone,Learning Progress
P00288,L024,READ01,2026-08-09,70.0,72.2,2.2,100.0,Stable,Course Completion,Successful Completion
P00289,L025,MATH03,2025-09-10,76.5,76.5,0.0,28.0,Stable,Learning Milestone,Learning Progress
P00290,L025,MATH03,2026-06-01,76.5,66.7,-9.8,82.2,Needs Attention,Learning Milestone,Learning Progress
P00291,L025,MATH03,2026-07-09,76.5,73.3,-3.2,87.4,Stable,Learning Milestone,Learning Progress
P00292,L025,MATH03,2026-08-17,76.5,84.2,7.7,100.0,Improving,Course Completion,Successful Completion
P00293,L025,READ01,2025-10-07,72.2,72.2,0.0,26.6,Stable,Learning Milestone,Learning Progress
P00294,L025,READ01,2025-10-12,72.2,78.6,6.4,39.1,Improving,Learning Milestone,Learning Progress
P00295,L025,READ01,2026-04-02,72.2,75.0,2.8,71.6,Stable,Learning Milestone,Learning Progress
P00296,L025,READ01,2026-07-11,72.2,70.0,-2.2,100.0,Stable,Course Completion,Successful Completion
P00297,L025,SCI02,2025-09-08,76.5,76.5,0.0,20.1,Stable,Learning Milestone,Learning Progress
P00298,L025,SCI02,2025-09-30,76.5,66.7,-9.8,28.6,Needs Attention,Learning Milestone,Learning Progress
P00299,L025,SCI02,2025-10-10,76.5,73.7,-2.8,31.7,Stable,Learning Milestone,Learning Progress
P00300,L025,SCI02,2026-01-06,76.5,78.6,2.1,100.0,Stable,Course Completion,Successful Completion
P00301,L026,MATH01,2025-12-22,84.6,84.6,0.0,51.6,Stable,Learning Milestone,Learning Progress
P00302,L026,MATH01,2026-02-02,84.6,81.8,-2.8,62.5,Stable,Learning Milestone,Learning Progress
P00303,L026,MATH01,2026-04-16,84.6,76.9,-7.7,80.0,Needs Attention,Learning Milestone,Learning Progress
P00304,L026,MATH01,2026-08-28,84.6,82.4,-2.2,100.0,Stable,Course Completion,Successful Completion
P00305,L026,READ01,2025-09-14,76.9,76.9,0.0,28.1,Stable,Learning Milestone,Learning Progress
P00306,L026,READ01,2026-01-13,76.9,80.0,3.1,57.9,Stable,Learning Milestone,Learning Progress
P00307,L026,READ01,2026-02-26,76.9,85.7,8.8,60.7,Improving,Learning Milestone,Learning Progress
P00308,L026,READ01,2026-07-09,76.9,83.3,6.4,100.0,Improving,Course Completion,Successful Completion
P00309,L026,SCI01,2025-09-11,81.2,81.2,0.0,20.0,Stable,Learning Milestone,Learning Progress
P00310,L026,SCI01,2025-09-18,81.2,80.0,-1.2,33.0,Stable,Learning Milestone,Learning Progress
P00311,L026,SCI01,2026-01-21,81.2,75.0,-6.2,54.2,Needs Attention,Learning Milestone,Learning Progress
P00312,L026,SCI01,2026-06-29,81.2,81.2,0.0,100.0,Stable,Course Completion,Successful Completion
P00313,L027,ELA01,2025-09-05,70.0,70.0,0.0,27.0,Stable,Learning Milestone,Learning Progress
P00314,L027,ELA01,2025-12-21,70.0,73.3,3.3,48.5,Stable,Learning Milestone,Learning Progress
P00315,L027,ELA01,2026-04-27,70.0,69.2,-0.8,74.7,Stable,Learning Milestone,Learning Progress
P00316,L027,ELA01,2026-07-24,70.0,75.0,5.0,100.0,Improving,Course Completion,Successful Completion
P00317,L027,READ01,2025-09-09,66.7,66.7,0.0,33.1,Stable,Learning Milestone,Learning Progress
P00318,L027,READ01,2025-10-02,66.7,72.7,6.0,30.9,Improving,Learning Milestone,Learning Progress
P00319,L027,READ01,2026-01-10,66.7,66.7,0.0,58.5,Stable,Learning Milestone,Learning Progress
P00320,L027,READ01,2026-08-14,66.7,78.9,12.2,100.0,Improving,Progress Star,Great Improvement
P00321,L027,SCI01,2025-09-08,66.7,66.7,0.0,27.8,Stable,Learning Milestone,Learning Progress
P00322,L027,SCI01,2025-11-07,66.7,73.3,6.6,38.4,Improving,Learning Milestone,Learning Progress
P00323,L027,SCI01,2026-01-19,66.7,80.0,13.3,57.7,Improving,Growth Champion,Strong Progress
P00324,L027,SCI01,2026-08-16,66.7,75.0,8.3,100.0,Improving,Course Completion,Successful Completion
P00325,L028,ELA04,2025-09-16,78.6,78.6,0.0,24.4,Stable,Learning Milestone,Learning Progress
P00326,L028,ELA04,2025-11-22,78.6,80.0,1.4,38.0,Stable,Learning Milestone,Learning Progress
P00327,L028,ELA04,2026-03-11,78.6,84.2,5.6,66.0,Improving,Learning Milestone,Learning Progress
P00328,L028,ELA04,2026-07-31,78.6,84.2,5.6,100.0,Improving,Course Completion,Successful Completion
P00329,L028,MATH04,2025-11-10,78.9,78.9,0.0,39.2,Stable,Learning Milestone,Learning Progress
P00330,L028,MATH04,2026-03-28,78.9,81.2,2.3,72.1,Stable,Learning Milestone,Learning Progress
P00331,L028,MATH04,2026-06-27,78.9,83.3,4.4,87.8,Stable,Learning Milestone,Learning Progress
P00332,L028,MATH04,2026-08-12,78.9,83.3,4.4,100.0,Stable,Course Completion,Successful Completion
P00333,L028,SCI03,2025-09-27,76.5,76.5,0.0,36.0,Stable,Learning Milestone,Learning Progress
P00334,L028,SCI03,2026-04-30,76.5,80.0,3.5,76.8,Stable,Learning Milestone,Learning Progress
P00335,L028,SCI03,2026-05-29,76.5,81.2,4.7,84.7,Stable,Learning Milestone,Learning Progress
P00336,L028,SCI03,2026-08-04,76.5,88.2,11.7,100.0,Improving,Progress Star,Great Improvement
P00337,L029,ELA04,2025-10-08,68.8,68.8,0.0,33.9,Stable,Learning Milestone,Learning Progress
P00338,L029,ELA04,2026-03-01,68.8,66.7,-2.1,65.7,Stable,Learning Milestone,Learning Progress
P00339,L029,ELA04,2026-04-18,68.8,63.6,-5.2,79.0,Needs Attention,Learning Milestone,Learning Progress
P00340,L029,ELA04,2026-07-20,68.8,70.0,1.2,100.0,Stable,Course Completion,Successful Completion
P00341,L029,MATH04,2025-09-13,54.5,54.5,0.0,32.3,Stable,Learning Milestone,Learning Progress
P00342,L029,MATH04,2025-09-18,54.5,62.5,8.0,35.1,Improving,Learning Milestone,Learning Progress
P00343,L029,MATH04,2025-11-25,54.5,69.2,14.7,34.4,Improving,Growth Champion,Strong Progress
P00344,L029,MATH04,2026-08-20,54.5,73.7,19.2,100.0,Improving,Progress Star,Great Improvement
P00345,L029,READ01,2025-10-20,60.0,60.0,0.0,37.6,Stable,Learning Milestone,Learning Progress
P00346,L029,READ01,2025-12-28,60.0,71.4,11.4,48.0,Improving,Growth Champion,Strong Progress
P00347,L029,READ01,2026-02-22,60.0,63.2,3.2,58.9,Stable,Learning Milestone,Learning Progress
P00348,L029,READ01,2026-06-29,60.0,70.6,10.6,100.0,Improving,Progress Star,Great Improvement
P00349,L030,MATH01,2025-10-20,84.6,84.6,0.0,32.6,Stable,Learning Milestone,Learning Progress
P00350,L030,MATH01,2025-11-12,84.6,72.2,-12.4,39.0,Needs Attention,Learning Milestone,Learning Progress
P00351,L030,MATH01,2026-01-11,84.6,80.0,-4.6,55.4,Stable,Learning Milestone,Learning Progress
P00352,L030,MATH01,2026-08-08,84.6,81.8,-2.8,100.0,Stable,Course Completion,Successful Completion
P00353,L030,READ01,2025-10-15,72.7,72.7,0.0,36.2,Stable,Learning Milestone,Learning Progress
P00354,L030,READ01,2025-11-10,72.7,73.3,0.6,40.0,Stable,Learning Milestone,Learning Progress
P00355,L030,READ01,2026-03-01,72.7,81.2,8.5,60.2,Improving,Learning Milestone,Learning Progress
P00356,L030,READ01,2026-08-09,72.7,80.0,7.3,100.0,Improving,Course Completion,Successful Completion
P00357,L030,SCI01,2025-11-10,69.2,69.2,0.0,43.9,Stable,Learning Milestone,Learning Progress
P00358,L030,SCI01,2025-12-22,69.2,82.4,13.2,47.5,Improving,Growth Champion,Strong Progress
P00359,L030,SCI01,2026-03-12,69.2,75.0,5.8,69.2,Improving,Learning Milestone,Learning Progress
P00360,L030,SCI01,2026-08-11,69.2,82.4,13.2,100.0,Improving,Progress Star,Great Improvement
P00361,L031,ELA04,2025-10-30,75.0,75.0,0.0,34.6,Stable,Learning Milestone,Learning Progress
P00362,L031,ELA04,2026-01-05,75.0,70.6,-4.4,52.6,Stable,Learning Milestone,Learning Progress
P00363,L031,ELA04,2026-04-06,75.0,80.0,5.0,69.4,Improving,Learning Milestone,Learning Progress
P00364,L031,ELA04,2026-08-06,75.0,81.2,6.2,100.0,Improving,Course Completion,Successful Completion
P00365,L031,MATH04,2025-09-20,84.2,84.2,0.0,36.2,Stable,Learning Milestone,Learning Progress
P00366,L031,MATH04,2026-03-14,84.2,78.6,-5.6,62.5,Needs Attention,Learning Milestone,Learning Progress
P00367,L031,MATH04,2026-07-12,84.2,81.2,-3.0,93.4,Stable,Learning Milestone,Learning Progress
P00368,L031,MATH04,2026-08-19,84.2,72.7,-11.5,100.0,Needs Attention,Course Completion,Successful Completion
P00369,L031,READ01,2025-09-24,76.9,76.9,0.0,24.7,Stable,Learning Milestone,Learning Progress
P00370,L031,READ01,2026-02-05,76.9,72.7,-4.2,53.3,Stable,Learning Milestone,Learning Progress
P00371,L031,READ01,2026-03-29,76.9,83.3,6.4,66.9,Improving,Learning Milestone,Learning Progress
P00372,L031,READ01,2026-07-23,76.9,81.8,4.9,100.0,Stable,Course Completion,Successful Completion
P00373,L032,ELA02,2025-10-22,60.0,60.0,0.0,42.4,Stable,Learning Milestone,Learning Progress
P00374,L032,ELA02,2025-12-13,60.0,71.4,11.4,45.4,Improving,Growth Champion,Strong Progress
P00375,L032,ELA02,2026-01-19,60.0,71.4,11.4,57.4,Improving,Growth Champion,Strong Progress
P00376,L032,ELA02,2026-04-23,60.0,70.6,10.6,100.0,Improving,Progress Star,Great Improvement
P00377,L032,ELA03,2025-11-20,71.4,71.4,0.0,42.5,Stable,Learning Milestone,Learning Progress
P00378,L032,ELA03,2025-12-27,71.4,76.9,5.5,49.3,Improving,Learning Milestone,Learning Progress
P00379,L032,ELA03,2026-03-22,71.4,63.6,-7.8,71.6,Needs Attention,Learning Milestone,Learning Progress
P00380,L032,ELA03,2026-06-02,71.4,70.0,-1.4,100.0,Stable,Course Completion,Successful Completion
P00381,L032,SCI02,2025-09-18,64.3,64.3,0.0,35.4,Stable,Learning Milestone,Learning Progress
P00382,L032,SCI02,2025-11-07,64.3,62.5,-1.8,33.7,Stable,Learning Milestone,Learning Progress
P00383,L032,SCI02,2026-03-13,64.3,63.6,-0.7,67.9,Stable,Learning Milestone,Learning Progress
P00384,L032,SCI02,2026-08-02,64.3,66.7,2.4,100.0,Stable,Course Completion,Successful Completion
P00385,L033,ELA04,2025-09-13,76.5,76.5,0.0,26.2,Stable,Learning Milestone,Learning Progress
P00386,L033,ELA04,2025-12-24,76.5,81.8,5.3,48.9,Improving,Learning Milestone,Learning Progress
P00387,L033,ELA04,2026-03-23,76.5,81.8,5.3,64.9,Improving,Learning Milestone,Learning Progress
P00388,L033,ELA04,2026-06-23,76.5,83.3,6.8,100.0,Improving,Course Completion,Successful Completion
P00389,L033,READ01,2025-09-07,75.0,75.0,0.0,20.7,Stable,Learning Milestone,Learning Progress
P00390,L033,READ01,2025-11-02,75.0,80.0,5.0,33.8,Improving,Learning Milestone,Learning Progress
P00391,L033,READ01,2025-11-22,75.0,82.4,7.4,43.9,Improving,Learning Milestone,Learning Progress
P00392,L033,READ01,2026-05-25,75.0,72.7,-2.3,100.0,Stable,Course Completion,Successful Completion
P00393,L033,SCI03,2025-10-01,70.0,70.0,0.0,28.4,Stable,Learning Milestone,Learning Progress
P00394,L033,SCI03,2026-01-08,70.0,78.6,8.6,56.9,Improving,Learning Milestone,Learning Progress
P00395,L033,SCI03,2026-02-20,70.0,80.0,10.0,55.6,Improving,Growth Champion,Strong Progress
P00396,L033,SCI03,2026-05-11,70.0,72.7,2.7,100.0,Stable,Course Completion,Successful Completion
P00397,L034,MATH04,2025-10-10,64.3,64.3,0.0,31.0,Stable,Learning Milestone,Learning Progress
P00398,L034,MATH04,2025-11-18,64.3,73.3,9.0,43.5,Improving,Learning Milestone,Learning Progress
P00399,L034,MATH04,2025-12-20,64.3,63.2,-1.1,47.9,Stable,Learning Milestone,Learning Progress
P00400,L034,MATH04,2026-07-01,64.3,69.2,4.9,100.0,Stable,Course Completion,Successful Completion
P00401,L034,READ01,2025-10-02,63.2,63.2,0.0,24.0,Stable,Learning Milestone,Learning Progress
P00402,L034,READ01,2025-10-19,63.2,69.2,6.0,38.4,Improving,Learning Milestone,Learning Progress
P00403,L034,READ01,2026-04-23,63.2,68.4,5.2,72.3,Improving,Learning Milestone,Learning Progress
P00404,L034,READ01,2026-08-22,63.2,72.2,9.0,100.0,Improving,Course Completion,Successful Completion
P00405,L034,SCI03,2025-11-12,64.3,64.3,0.0,36.8,Stable,Learning Milestone,Learning Progress
P00406,L034,SCI03,2026-02-13,64.3,66.7,2.4,55.4,Stable,Learning Milestone,Learning Progress
P00407,L034,SCI03,2026-05-26,64.3,75.0,10.7,86.0,Improving,Growth Champion,Strong Progress
P00408,L034,SCI03,2026-07-30,64.3,70.0,5.7,100.0,Improving,Course Completion,Successful Completion
P00409,L035,ELA01,2025-09-01,66.7,66.7,0.0,20.8,Stable,Learning Milestone,Learning Progress
P00410,L035,ELA01,2025-10-10,66.7,71.4,4.7,39.0,Stable,Learning Milestone,Learning Progress
P00411,L035,ELA01,2025-11-24,66.7,68.8,2.1,44.9,Stable,Learning Milestone,Learning Progress
P00412,L035,ELA01,2026-05-02,66.7,77.8,11.1,100.0,Improving,Progress Star,Great Improvement
P00413,L035,MATH01,2025-09-03,68.4,68.4,0.0,30.4,Stable,Learning Milestone,Learning Progress
P00414,L035,MATH01,2025-12-09,68.4,73.3,4.9,47.2,Stable,Learning Milestone,Learning Progress
P00415,L035,MATH01,2026-03-04,68.4,70.0,1.6,63.8,Stable,Learning Milestone,Learning Progress
P00416,L035,MATH01,2026-05-28,68.4,71.4,3.0,100.0,Stable,Course Completion,Successful Completion
P00417,L035,READ01,2025-11-13,64.7,64.7,0.0,41.9,Stable,Learning Milestone,Learning Progress
P00418,L035,READ01,2026-01-21,64.7,70.0,5.3,56.3,Improving,Learning Milestone,Learning Progress
P00419,L035,READ01,2026-06-14,64.7,80.0,15.3,92.7,Improving,Growth Champion,Strong Progress
P00420,L035,READ01,2026-08-31,64.7,75.0,10.3,100.0,Improving,Progress Star,Great Improvement
P00421,L036,ELA01,2025-09-23,84.6,84.6,0.0,28.9,Stable,Learning Milestone,Learning Progress
P00422,L036,ELA01,2025-11-28,84.6,85.7,1.1,38.2,Stable,Learning Milestone,Learning Progress
P00423,L036,ELA01,2026-01-20,84.6,90.9,6.3,53.8,Improving,Learning Milestone,Learning Progress
P00424,L036,ELA01,2026-07-09,84.6,83.3,-1.3,100.0,Stable,Course Completion,Successful Completion
P00425,L036,READ01,2025-11-28,82.4,82.4,0.0,47.1,Stable,Learning Milestone,Learning Progress
P00426,L036,READ01,2026-04-21,82.4,83.3,0.9,70.6,Stable,Learning Milestone,Learning Progress
P00427,L036,READ01,2026-05-10,82.4,91.7,9.3,76.8,Improving,Learning Milestone,Learning Progress
P00428,L036,READ01,2026-07-21,82.4,90.0,7.6,100.0,Improving,Course Completion,Successful Completion
P00429,L036,SCI01,2025-10-20,78.9,78.9,0.0,31.2,Stable,Learning Milestone,Learning Progress
P00430,L036,SCI01,2025-12-09,78.9,85.0,6.1,46.0,Improving,Learning Milestone,Learning Progress
P00431,L036,SCI01,2026-02-08,78.9,93.3,14.4,56.0,Improving,Growth Champion,Strong Progress
P00432,L036,SCI01,2026-08-02,78.9,85.0,6.1,100.0,Improving,Course Completion,Successful Completion
P00433,L037,ELA01,2025-10-18,76.5,76.5,0.0,36.6,Stable,Learning Milestone,Learning Progress
P00434,L037,ELA01,2026-02-26,76.5,75.0,-1.5,61.3,Stable,Learning Milestone,Learning Progress
P00435,L037,ELA01,2026-05-09,76.5,85.7,9.2,70.2,Improving,Learning Milestone,Learning Progress
P00436,L037,ELA01,2026-07-26,76.5,78.6,2.1,100.0,Stable,Course Completion,Successful Completion
P00437,L037,MATH01,2025-10-30,83.3,83.3,0.0,34.9,Stable,Learning Milestone,Learning Progress
P00438,L037,MATH01,2025-12-05,83.3,73.3,-10.0,38.2,Needs Attention,Learning Milestone,Learning Progress
P00439,L037,MATH01,2026-05-23,83.3,72.7,-10.6,71.9,Needs Attention,Learning Milestone,Learning Progress
P00440,L037,MATH01,2026-08-04,83.3,73.3,-10.0,100.0,Needs Attention,Course Completion,Successful Completion
P00441,L037,SCI01,2025-09-06,70.6,70.6,0.0,25.6,Stable,Learning Milestone,Learning Progress
P00442,L037,SCI01,2025-11-26,70.6,75.0,4.4,41.7,Stable,Learning Milestone,Learning Progress
P00443,L037,SCI01,2026-03-11,70.6,78.6,8.0,63.6,Improving,Learning Milestone,Learning Progress
P00444,L037,SCI01,2026-07-24,70.6,75.0,4.4,100.0,Stable,Course Completion,Successful Completion
P00445,L038,MATH01,2025-10-17,73.3,73.3,0.0,36.1,Stable,Learning Milestone,Learning Progress
P00446,L038,MATH01,2025-12-14,73.3,80.0,6.7,45.9,Improving,Learning Milestone,Learning Progress
P00447,L038,MATH01,2026-04-12,73.3,69.2,-4.1,67.9,Stable,Learning Milestone,Learning Progress
P00448,L038,MATH01,2026-08-17,73.3,81.2,7.9,100.0,Improving,Course Completion,Successful Completion
P00449,L038,READ01,2025-09-12,76.5,76.5,0.0,22.4,Stable,Learning Milestone,Learning Progress
P00450,L038,READ01,2025-12-05,76.5,81.2,4.7,42.9,Stable,Learning Milestone,Learning Progress
P00451,L038,READ01,2026-03-03,76.5,80.0,3.5,61.7,Stable,Learning Milestone,Learning Progress
P00452,L038,READ01,2026-06-07,76.5,83.3,6.8,100.0,Improving,Course Completion,Successful Completion
P00453,L038,SCI01,2025-09-15,73.7,73.7,0.0,28.1,Stable,Learning Milestone,Learning Progress
P00454,L038,SCI01,2025-11-25,73.7,83.3,9.6,42.2,Improving,Learning Milestone,Learning Progress
P00455,L038,SCI01,2026-03-25,73.7,75.0,1.3,68.2,Stable,Learning Milestone,Learning Progress
P00456,L038,SCI01,2026-07-01,73.7,71.4,-2.3,100.0,Stable,Course Completion,Successful Completion
P00457,L039,ELA04,2025-09-18,70.6,70.6,0.0,30.9,Stable,Learning Milestone,Learning Progress
P00458,L039,ELA04,2025-11-23,70.6,68.8,-1.8,45.9,Stable,Learning Milestone,Learning Progress
P00459,L039,ELA04,2026-03-23,70.6,70.0,-0.6,63.4,Stable,Learning Milestone,Learning Progress
P00460,L039,ELA04,2026-08-16,70.6,80.0,9.4,100.0,Improving,Course Completion,Successful Completion
P00461,L039,MATH04,2025-10-28,72.2,72.2,0.0,39.4,Stable,Learning Milestone,Learning Progress
P00462,L039,MATH04,2026-02-19,72.2,78.9,6.7,62.9,Improving,Learning Milestone,Learning Progress
P00463,L039,MATH04,2026-04-06,72.2,75.0,2.8,67.0,Stable,Learning Milestone,Learning Progress
P00464,L039,MATH04,2026-08-31,72.2,75.0,2.8,100.0,Stable,Course Completion,Successful Completion
P00465,L039,READ01,2025-09-14,69.2,69.2,0.0,23.9,Stable,Learning Milestone,Learning Progress
P00466,L039,READ01,2026-02-25,69.2,72.2,3.0,63.4,Stable,Learning Milestone,Learning Progress
P00467,L039,READ01,2026-06-01,69.2,76.9,7.7,81.1,Improving,Learning Milestone,Learning Progress
P00468,L039,READ01,2026-08-09,69.2,78.6,9.4,100.0,Improving,Course Completion,Successful Completion
P00469,L040,MATH04,2025-09-13,68.8,68.8,0.0,25.7,Stable,Learning Milestone,Learning Progress
P00470,L040,MATH04,2026-01-15,68.8,63.6,-5.2,61.8,Needs Attention,Learning Milestone,Learning Progress
P00471,L040,MATH04,2026-01-30,68.8,58.3,-10.5,56.9,Needs Attention,Learning Milestone,Learning Progress
P00472,L040,MATH04,2026-08-12,68.8,73.3,4.5,100.0,Stable,Course Completion,Successful Completion
P00473,L040,READ01,2025-10-30,70.0,70.0,0.0,31.4,Stable,Learning Milestone,Learning Progress
P00474,L040,READ01,2026-01-03,70.0,64.3,-5.7,53.6,Needs Attention,Learning Milestone,Learning Progress
P00475,L040,READ01,2026-05-22,70.0,65.0,-5.0,69.1,Needs Attention,Learning Milestone,Learning Progress
P00476,L040,READ01,2026-07-13,70.0,70.6,0.6,100.0,Stable,Course Completion,Successful Completion
P00477,L040,SCI03,2025-09-21,70.0,70.0,0.0,31.6,Stable,Learning Milestone,Learning Progress
P00478,L040,SCI03,2026-02-15,70.0,62.5,-7.5,62.8,Needs Attention,Learning Milestone,Learning Progress
P00479,L040,SCI03,2026-04-23,70.0,64.3,-5.7,70.0,Needs Attention,Learning Milestone,Learning Progress
P00480,L040,SCI03,2026-06-19,70.0,75.0,5.0,100.0,Improving,Course Completion,Successful Completion
P00481,L041,ELA01,2025-10-27,75.0,75.0,0.0,34.4,Stable,Learning Milestone,Learning Progress
P00482,L041,ELA01,2025-12-18,75.0,81.2,6.2,46.6,Improving,Learning Milestone,Learning Progress
P00483,L041,ELA01,2026-01-27,75.0,85.7,10.7,53.8,Improving,Growth Champion,Strong Progress
P00484,L041,ELA01,2026-06-20,75.0,85.0,10.0,100.0,Improving,Progress Star,Great Improvement
P00485,L041,READ01,2025-09-17,80.0,80.0,0.0,34.6,Stable,Learning Milestone,Learning Progress
P00486,L041,READ01,2026-01-09,80.0,80.0,0.0,52.0,Stable,Learning Milestone,Learning Progress
P00487,L041,READ01,2026-06-15,80.0,81.2,1.2,88.5,Stable,Learning Milestone,Learning Progress
P00488,L041,READ01,2026-08-05,80.0,83.3,3.3,100.0,Stable,Course Completion,Successful Completion
P00489,L041,SCI01,2025-09-10,78.9,78.9,0.0,23.0,Stable,Learning Milestone,Learning Progress
P00490,L041,SCI01,2025-10-20,78.9,87.5,8.6,40.0,Improving,Learning Milestone,Learning Progress
P00491,L041,SCI01,2025-12-23,78.9,80.0,1.1,50.3,Stable,Learning Milestone,Learning Progress
P00492,L041,SCI01,2026-08-30,78.9,84.6,5.7,100.0,Improving,Course Completion,Successful Completion
P00493,L042,ELA04,2025-09-12,53.8,53.8,0.0,29.1,Stable,Learning Milestone,Learning Progress
P00494,L042,ELA04,2026-03-09,53.8,66.7,12.9,59.9,Improving,Growth Champion,Strong Progress
P00495,L042,ELA04,2026-06-10,53.8,68.4,14.6,89.5,Improving,Growth Champion,Strong Progress
P00496,L042,ELA04,2026-08-17,53.8,65.0,11.2,100.0,Improving,Progress Star,Great Improvement
P00497,L042,READ01,2025-11-20,57.1,57.1,0.0,41.2,Stable,Learning Milestone,Learning Progress
P00498,L042,READ01,2025-12-25,57.1,63.6,6.5,53.8,Improving,Learning Milestone,Learning Progress
P00499,L042,READ01,2026-03-26,57.1,61.5,4.4,61.1,Stable,Learning Milestone,Learning Progress
P00500,L042,READ01,2026-05-12,57.1,73.3,16.2,100.0,Improving,Progress Star,Great Improvement
P00501,L042,SCI03,2025-09-04,62.5,62.5,0.0,24.6,Stable,Learning Milestone,Learning Progress
P00502,L042,SCI03,2025-10-06,62.5,57.1,-5.4,41.2,Needs Attention,Learning Milestone,Learning Progress
P00503,L042,SCI03,2026-01-04,62.5,65.0,2.5,46.5,Stable,Learning Milestone,Learning Progress
P00504,L042,SCI03,2026-08-16,62.5,70.0,7.5,100.0,Improving,Course Completion,Successful Completion
P00505,L043,MATH01,2025-09-14,63.2,63.2,0.0,21.9,Stable,Learning Milestone,Learning Progress
P00506,L043,MATH01,2025-12-23,63.2,66.7,3.5,51.9,Stable,Learning Milestone,Learning Progress
P00507,L043,MATH01,2026-02-05,63.2,60.0,-3.2,55.0,Stable,Learning Milestone,Learning Progress
P00508,L043,MATH01,2026-06-16,63.2,61.1,-2.1,100.0,Stable,Course Completion,Successful Completion
P00509,L043,READ01,2025-10-24,62.5,62.5,0.0,39.0,Stable,Learning Milestone,Learning Progress
P00510,L043,READ01,2025-11-03,62.5,57.1,-5.4,37.3,Needs Attention,Learning Milestone,Learning Progress
P00511,L043,READ01,2026-01-13,62.5,66.7,4.2,53.4,Stable,Learning Milestone,Learning Progress
P00512,L043,READ01,2026-06-24,62.5,60.0,-2.5,100.0,Stable,Course Completion,Successful Completion
P00513,L043,SCI01,2025-11-19,60.0,60.0,0.0,39.6,Stable,Learning Milestone,Learning Progress
P00514,L043,SCI01,2026-02-24,60.0,70.6,10.6,60.6,Improving,Growth Champion,Strong Progress
P00515,L043,SCI01,2026-05-26,60.0,66.7,6.7,81.0,Improving,Learning Milestone,Learning Progress
P00516,L043,SCI01,2026-07-27,60.0,63.6,3.6,100.0,Stable,Course Completion,Successful Completion
P00517,L044,MATH04,2025-09-01,57.1,57.1,0.0,21.8,Stable,Learning Milestone,Learning Progress
P00518,L044,MATH04,2025-12-09,57.1,66.7,9.6,33.3,Improving,Learning Milestone,Learning Progress
P00519,L044,MATH04,2026-06-29,57.1,66.7,9.6,89.7,Improving,Learning Milestone,Learning Progress
P00520,L044,MATH04,2026-07-27,57.1,64.7,7.6,100.0,Improving,Course Completion,Successful Completion
P00521,L044,READ01,2025-10-03,60.0,60.0,0.0,32.4,Stable,Learning Milestone,Learning Progress
P00522,L044,READ01,2025-11-07,60.0,64.7,4.7,39.9,Stable,Learning Milestone,Learning Progress
P00523,L044,READ01,2026-01-21,60.0,69.2,9.2,52.0,Improving,Learning Milestone,Learning Progress
P00524,L044,READ01,2026-06-10,60.0,64.7,4.7,100.0,Stable,Course Completion,Successful Completion
P00525,L044,SCI03,2025-09-07,60.0,60.0,0.0,29.6,Stable,Learning Milestone,Learning Progress
P00526,L044,SCI03,2025-12-26,60.0,61.1,1.1,49.1,Stable,Learning Milestone,Learning Progress
P00527,L044,SCI03,2026-05-27,60.0,69.2,9.2,90.2,Improving,Learning Milestone,Learning Progress
P00528,L044,SCI03,2026-08-07,60.0,70.6,10.6,100.0,Improving,Progress Star,Great Improvement
P00529,L045,ELA04,2025-12-27,66.7,66.7,0.0,49.8,Stable,Learning Milestone,Learning Progress
P00530,L045,ELA04,2026-01-16,66.7,64.7,-2.0,48.5,Stable,Learning Milestone,Learning Progress
P00531,L045,ELA04,2026-04-02,66.7,66.7,0.0,72.4,Stable,Learning Milestone,Learning Progress
P00532,L045,ELA04,2026-08-01,66.7,57.1,-9.6,100.0,Needs Attention,Course Completion,Successful Completion
P00533,L045,MATH04,2026-02-12,69.2,69.2,0.0,53.5,Stable,Learning Milestone,Learning Progress
P00534,L045,MATH04,2026-02-14,69.2,61.1,-8.1,56.7,Needs Attention,Learning Milestone,Learning Progress
P00535,L045,MATH04,2026-04-07,69.2,60.0,-9.2,71.0,Needs Attention,Learning Milestone,Learning Progress
P00536,L045,MATH04,2026-06-14,69.2,60.0,-9.2,100.0,Needs Attention,Course Completion,Successful Completion
P00537,L045,READ01,2025-10-04,66.7,66.7,0.0,29.5,Stable,Learning Milestone,Learning Progress
P00538,L045,READ01,2025-11-23,66.7,69.2,2.5,41.4,Stable,Learning Milestone,Learning Progress
P00539,L045,READ01,2026-04-10,66.7,57.9,-8.8,69.6,Needs Attention,Learning Milestone,Learning Progress
P00540,L045,READ01,2026-08-11,66.7,63.2,-3.5,100.0,Stable,Course Completion,Successful Completion
P00541,L046,ELA01,2025-09-29,86.7,86.7,0.0,33.5,Stable,Learning Milestone,Learning Progress
P00542,L046,ELA01,2025-10-22,86.7,88.2,1.5,34.2,Stable,Learning Milestone,Learning Progress
P00543,L046,ELA01,2026-03-12,86.7,89.5,2.8,72.9,Stable,Learning Milestone,Learning Progress
P00544,L046,ELA01,2026-07-25,86.7,92.9,6.2,100.0,Improving,Course Completion,Successful Completion
P00545,L046,MATH01,2025-09-09,87.5,87.5,0.0,22.8,Stable,Learning Milestone,Learning Progress
P00546,L046,MATH01,2025-10-01,87.5,92.9,5.4,32.2,Improving,Learning Milestone,Learning Progress
P00547,L046,MATH01,2026-05-08,87.5,94.4,6.9,78.4,Improving,Learning Milestone,Learning Progress
P00548,L046,MATH01,2026-06-17,87.5,90.9,3.4,100.0,Stable,Course Completion,Successful Completion
P00549,L046,SCI01,2025-10-05,88.2,88.2,0.0,27.8,Stable,Learning Milestone,Learning Progress
P00550,L046,SCI01,2025-11-11,88.2,83.3,-4.9,40.0,Stable,Learning Milestone,Learning Progress
P00551,L046,SCI01,2026-03-04,88.2,85.0,-3.2,61.5,Stable,Learning Milestone,Learning Progress
P00552,L046,SCI01,2026-08-31,88.2,91.7,3.5,100.0,Stable,Course Completion,Successful Completion
P00553,L047,ELA02,2025-09-26,75.0,75.0,0.0,33.1,Stable,Learning Milestone,Learning Progress
P00554,L047,ELA02,2025-12-16,75.0,78.9,3.9,44.3,Stable,Learning Milestone,Learning Progress
P00555,L047,ELA02,2026-04-13,75.0,83.3,8.3,72.9,Improving,Learning Milestone,Learning Progress
P00556,L047,ELA02,2026-04-17,75.0,73.7,-1.3,100.0,Stable,Course Completion,Successful Completion
P00557,L047,ELA03,2025-10-08,73.7,73.7,0.0,27.0,Stable,Learning Milestone,Learning Progress
P00558,L047,ELA03,2025-12-03,73.7,78.9,5.2,40.1,Improving,Learning Milestone,Learning Progress
P00559,L047,ELA03,2026-04-20,73.7,86.7,13.0,72.6,Improving,Growth Champion,Strong Progress
P00560,L047,ELA03,2026-07-31,73.7,84.6,10.9,100.0,Improving,Progress Star,Great Improvement
P00561,L047,MATH03,2025-10-22,80.0,80.0,0.0,35.3,Stable,Learning Milestone,Learning Progress
P00562,L047,MATH03,2025-11-18,80.0,73.3,-6.7,39.8,Needs Attention,Learning Milestone,Learning Progress
P00563,L047,MATH03,2025-12-06,80.0,75.0,-5.0,43.5,Needs Attention,Learning Milestone,Learning Progress
P00564,L047,MATH03,2026-06-23,80.0,81.8,1.8,100.0,Stable,Course Completion,Successful Completion
P00565,L048,ELA02,2025-10-17,82.4,82.4,0.0,39.0,Stable,Learning Milestone,Learning Progress
P00566,L048,ELA02,2025-12-07,82.4,86.7,4.3,43.1,Stable,Learning Milestone,Learning Progress
P00567,L048,ELA02,2026-03-04,82.4,81.8,-0.6,72.7,Stable,Learning Milestone,Learning Progress
P00568,L048,ELA02,2026-05-19,82.4,83.3,0.9,100.0,Stable,Course Completion,Successful Completion
P00569,L048,ELA03,2025-09-16,85.7,85.7,0.0,33.4,Stable,Learning Milestone,Learning Progress
P00570,L048,ELA03,2026-02-04,85.7,80.0,-5.7,59.6,Needs Attention,Learning Milestone,Learning Progress
P00571,L048,ELA03,2026-03-26,85.7,84.2,-1.5,75.5,Stable,Learning Milestone,Learning Progress
P00572,L048,ELA03,2026-07-18,85.7,84.6,-1.1,100.0,Stable,Course Completion,Successful Completion
P00573,L048,MATH03,2025-11-05,80.0,80.0,0.0,35.1,Stable,Learning Milestone,Learning Progress
P00574,L048,MATH03,2025-11-11,80.0,80.0,0.0,37.5,Stable,Learning Milestone,Learning Progress
P00575,L048,MATH03,2026-04-29,80.0,83.3,3.3,70.4,Stable,Learning Milestone,Learning Progress
P00576,L048,MATH03,2026-08-22,80.0,83.3,3.3,100.0,Stable,Course Completion,Successful Completion
P00577,L049,ELA01,2025-10-13,78.9,78.9,0.0,34.9,Stable,Learning Milestone,Learning Progress
P00578,L049,ELA01,2025-11-13,78.9,78.6,-0.3,40.8,Stable,Learning Milestone,Learning Progress
P00579,L049,ELA01,2026-01-23,78.9,78.9,0.0,54.6,Stable,Learning Milestone,Learning Progress
P00580,L049,ELA01,2026-08-04,78.9,80.0,1.1,100.0,Stable,Course Completion,Successful Completion
P00581,L049,READ01,2025-11-08,73.7,73.7,0.0,46.0,Stable,Learning Milestone,Learning Progress
P00582,L049,READ01,2026-04-01,73.7,71.4,-2.3,71.2,Stable,Learning Milestone,Learning Progress
P00583,L049,READ01,2026-04-26,73.7,86.7,13.0,77.5,Improving,Growth Champion,Strong Progress
P00584,L049,READ01,2026-06-02,73.7,78.9,5.2,100.0,Improving,Course Completion,Successful Completion
P00585,L049,SCI01,2025-09-08,83.3,83.3,0.0,20.0,Stable,Learning Milestone,Learning Progress
P00586,L049,SCI01,2025-09-25,83.3,75.0,-8.3,22.7,Needs Attention,Learning Milestone,Learning Progress
P00587,L049,SCI01,2025-12-11,83.3,76.9,-6.4,54.1,Needs Attention,Learning Milestone,Learning Progress
P00588,L049,SCI01,2026-07-21,83.3,76.5,-6.8,100.0,Needs Attention,Course Completion,Successful Completion
P00589,L050,ELA02,2025-09-26,62.5,62.5,0.0,27.7,Stable,Learning Milestone,Learning Progress
P00590,L050,ELA02,2025-12-13,62.5,66.7,4.2,47.2,Stable,Learning Milestone,Learning Progress
P00591,L050,ELA02,2026-04-06,62.5,66.7,4.2,71.9,Stable,Learning Milestone,Learning Progress
P00592,L050,ELA02,2026-07-10,62.5,70.0,7.5,100.0,Improving,Course Completion,Successful Completion
P00593,L050,READ01,2025-09-09,53.8,53.8,0.0,33.7,Stable,Learning Milestone,Learning Progress
P00594,L050,READ01,2025-12-09,53.8,63.2,9.4,51.4,Improving,Learning Milestone,Learning Progress
P00595,L050,READ01,2026-03-23,53.8,66.7,12.9,63.6,Improving,Growth Champion,Strong Progress
P00596,L050,READ01,2026-08-15,53.8,65.0,11.2,100.0,Improving,Progress Star,Great Improvement
P00597,L050,SCI02,2025-10-31,58.8,58.8,0.0,35.8,Stable,Learning Milestone,Learning Progress
P00598,L050,SCI02,2026-01-09,58.8,61.1,2.3,51.2,Stable,Learning Milestone,Learning Progress
P00599,L050,SCI02,2026-02-20,58.8,54.5,-4.3,56.1,Stable,Learning Milestone,Learning Progress
P00600,L050,SCI02,2026-08-02,58.8,63.6,4.8,100.0,Stable,Course Completion,Successful Completion
P00601,L051,ELA03,2025-10-16,80.0,80.0,0.0,34.1,Stable,Learning Milestone,Learning Progress
P00602,L051,ELA03,2025-12-25,80.0,81.8,1.8,44.9,Stable,Learning Milestone,Learning Progress
P00603,L051,ELA03,2026-03-05,80.0,78.6,-1.4,66.8,Stable,Learning Milestone,Learning Progress
P00604,L051,ELA03,2026-07-06,80.0,78.9,-1.1,100.0,Stable,Course Completion,Successful Completion
P00605,L051,MATH02,2025-11-21,75.0,75.0,0.0,42.9,Stable,Learning Milestone,Learning Progress
P00606,L051,MATH02,2026-01-03,75.0,75.0,0.0,56.0,Stable,Learning Milestone,Learning Progress
P00607,L051,MATH02,2026-04-03,75.0,76.9,1.9,63.2,Stable,Learning Milestone,Learning Progress
P00608,L051,MATH02,2026-07-28,75.0,80.0,5.0,100.0,Improving,Course Completion,Successful Completion
P00609,L051,READ01,2025-12-28,78.6,78.6,0.0,50.0,Stable,Learning Milestone,Learning Progress
P00610,L051,READ01,2026-04-13,78.6,73.7,-4.9,72.4,Stable,Learning Milestone,Learning Progress
P00611,L051,READ01,2026-07-04,78.6,75.0,-3.6,92.5,Stable,Learning Milestone,Learning Progress
P00612,L051,READ01,2026-08-05,78.6,78.9,0.3,100.0,Stable,Course Completion,Successful Completion
P00613,L052,ELA02,2025-09-25,70.6,70.6,0.0,30.3,Stable,Learning Milestone,Learning Progress
P00614,L052,ELA02,2026-01-20,70.6,76.9,6.3,55.3,Improving,Learning Milestone,Learning Progress
P00615,L052,ELA02,2026-02-24,70.6,80.0,9.4,62.6,Improving,Learning Milestone,Learning Progress
P00616,L052,ELA02,2026-08-16,70.6,76.9,6.3,100.0,Improving,Course Completion,Successful Completion
P00617,L052,MATH02,2026-02-25,70.0,70.0,0.0,60.8,Stable,Learning Milestone,Learning Progress
P00618,L052,MATH02,2026-04-14,70.0,75.0,5.0,72.4,Improving,Learning Milestone,Learning Progress
P00619,L052,MATH02,2026-05-26,70.0,75.0,5.0,81.8,Improving,Learning Milestone,Learning Progress
P00620,L052,MATH02,2026-07-29,70.0,88.2,18.2,100.0,Improving,Progress Star,Great Improvement
P00621,L052,READ01,2026-03-12,78.9,78.9,0.0,59.5,Stable,Learning Milestone,Learning Progress
P00622,L052,READ01,2026-05-08,78.9,75.0,-3.9,75.4,Stable,Learning Milestone,Learning Progress
P00623,L052,READ01,2026-06-17,78.9,81.8,2.9,92.4,Stable,Learning Milestone,Learning Progress
P00624,L052,READ01,2026-08-29,78.9,78.9,0.0,100.0,Stable,Course Completion,Successful Completion
P00625,L053,ELA04,2025-10-17,95.0,95.0,0.0,39.2,Stable,Learning Milestone,Learning Progress
P00626,L053,ELA04,2026-02-08,95.0,92.3,-2.7,64.3,Stable,Learning Milestone,Learning Progress
P00627,L053,ELA04,2026-05-13,95.0,93.3,-1.7,77.5,Stable,Learning Milestone,Learning Progress
P00628,L053,ELA04,2026-07-25,95.0,94.7,-0.3,100.0,Stable,Course Completion,Successful Completion
P00629,L053,READ01,2025-10-09,90.9,90.9,0.0,34.9,Stable,Learning Milestone,Learning Progress
P00630,L053,READ01,2025-12-11,90.9,91.7,0.8,46.6,Stable,Learning Milestone,Learning Progress
P00631,L053,READ01,2026-06-03,90.9,90.9,0.0,78.2,Stable,Learning Milestone,Learning Progress
P00632,L053,READ01,2026-08-23,90.9,100.0,9.1,100.0,Improving,Course Completion,Successful Completion
P00633,L053,SCI03,2025-09-14,95.0,95.0,0.0,29.5,Stable,Learning Milestone,Learning Progress
P00634,L053,SCI03,2025-12-24,95.0,89.5,-5.5,52.2,Needs Attention,Learning Milestone,Learning Progress
P00635,L053,SCI03,2026-01-04,95.0,100.0,5.0,49.5,Improving,Learning Milestone,Learning Progress
P00636,L053,SCI03,2026-08-22,95.0,93.3,-1.7,100.0,Stable,Course Completion,Successful Completion
P00637,L054,ELA02,2025-12-29,81.2,81.2,0.0,52.2,Stable,Learning Milestone,Learning Progress
P00638,L054,ELA02,2026-02-17,81.2,78.9,-2.3,59.1,Stable,Learning Milestone,Learning Progress
P00639,L054,ELA02,2026-06-03,81.2,84.2,3.0,80.5,Stable,Learning Milestone,Learning Progress
P00640,L054,ELA02,2026-08-23,81.2,83.3,2.1,100.0,Stable,Course Completion,Successful Completion
P00641,L054,READ01,2025-09-30,82.4,82.4,0.0,27.9,Stable,Learning Milestone,Learning Progress
P00642,L054,READ01,2026-02-25,82.4,81.8,-0.6,72.1,Stable,Learning Milestone,Learning Progress
P00643,L054,READ01,2026-06-14,82.4,80.0,-2.4,83.1,Stable,Learning Milestone,Learning Progress
P00644,L054,READ01,2026-07-30,82.4,75.0,-7.4,100.0,Needs Attention,Course Completion,Successful Completion
P00645,L054,SCI02,2025-10-10,73.3,73.3,0.0,39.8,Stable,Learning Milestone,Learning Progress
P00646,L054,SCI02,2025-12-30,73.3,83.3,10.0,49.0,Improving,Growth Champion,Strong Progress
P00647,L054,SCI02,2026-03-06,73.3,80.0,6.7,64.8,Improving,Learning Milestone,Learning Progress
P00648,L054,SCI02,2026-08-21,73.3,84.2,10.9,100.0,Improving,Progress Star,Great Improvement
P00649,L055,ELA04,2025-10-20,83.3,83.3,0.0,28.6,Stable,Learning Milestone,Learning Progress
P00650,L055,ELA04,2025-11-30,83.3,81.8,-1.5,37.3,Stable,Learning Milestone,Learning Progress
P00651,L055,ELA04,2026-04-14,83.3,91.7,8.4,71.6,Improving,Learning Milestone,Learning Progress
P00652,L055,ELA04,2026-08-16,83.3,88.2,4.9,100.0,Stable,Course Completion,Successful Completion
P00653,L055,MATH04,2025-10-12,90.0,90.0,0.0,41.0,Stable,Learning Milestone,Learning Progress
P00654,L055,MATH04,2026-01-10,90.0,81.8,-8.2,51.0,Needs Attention,Learning Milestone,Learning Progress
P00655,L055,MATH04,2026-04-20,90.0,85.7,-4.3,80.4,Stable,Learning Milestone,Learning Progress
P00656,L055,MATH04,2026-07-29,90.0,82.4,-7.6,100.0,Needs Attention,Course Completion,Successful Completion
P00657,L055,SCI03,2025-10-16,85.0,85.0,0.0,41.9,Stable,Learning Milestone,Learning Progress
P00658,L055,SCI03,2025-10-19,85.0,87.5,2.5,36.9,Stable,Learning Milestone,Learning Progress
P00659,L055,SCI03,2026-03-26,85.0,86.7,1.7,69.7,Stable,Learning Milestone,Learning Progress
P00660,L055,SCI03,2026-08-25,85.0,85.7,0.7,100.0,Stable,Course Completion,Successful Completion
P00661,L056,MATH01,2025-09-15,75.0,75.0,0.0,30.2,Stable,Learning Milestone,Learning Progress
P00662,L056,MATH01,2025-09-25,75.0,75.0,0.0,36.7,Stable,Learning Milestone,Learning Progress
P00663,L056,MATH01,2026-02-08,75.0,70.0,-5.0,57.4,Needs Attention,Learning Milestone,Learning Progress
P00664,L056,MATH01,2026-07-26,75.0,86.7,11.7,100.0,Improving,Progress Star,Great Improvement
P00665,L056,READ01,2025-12-11,81.2,81.2,0.0,44.8,Stable,Learning Milestone,Learning Progress
P00666,L056,READ01,2026-03-26,81.2,88.2,7.0,73.9,Improving,Learning Milestone,Learning Progress
P00667,L056,READ01,2026-04-11,81.2,90.0,8.8,74.2,Improving,Learning Milestone,Learning Progress
P00668,L056,READ01,2026-07-18,81.2,78.6,-2.6,100.0,Stable,Course Completion,Successful Completion
P00669,L056,SCI01,2025-10-04,76.9,76.9,0.0,33.1,Stable,Learning Milestone,Learning Progress
P00670,L056,SCI01,2025-11-12,76.9,80.0,3.1,40.0,Stable,Learning Milestone,Learning Progress
P00671,L056,SCI01,2026-03-07,76.9,85.0,8.1,65.2,Improving,Learning Milestone,Learning Progress
P00672,L056,SCI01,2026-08-09,76.9,80.0,3.1,100.0,Stable,Course Completion,Successful Completion
P00673,L057,ELA04,2025-09-08,63.6,63.6,0.0,25.5,Stable,Learning Milestone,Learning Progress
P00674,L057,ELA04,2025-12-15,63.6,66.7,3.1,52.1,Stable,Learning Milestone,Learning Progress
P00675,L057,ELA04,2026-06-20,63.6,69.2,5.6,86.6,Improving,Learning Milestone,Learning Progress
P00676,L057,ELA04,2026-08-19,63.6,71.4,7.8,100.0,Improving,Course Completion,Successful Completion
P00677,L057,MATH04,2025-10-15,69.2,69.2,0.0,37.6,Stable,Learning Milestone,Learning Progress
P00678,L057,MATH04,2025-11-01,69.2,70.6,1.4,32.5,Stable,Learning Milestone,Learning Progress
P00679,L057,MATH04,2026-03-22,69.2,66.7,-2.5,70.1,Stable,Learning Milestone,Learning Progress
P00680,L057,MATH04,2026-06-12,69.2,66.7,-2.5,100.0,Stable,Course Completion,Successful Completion
P00681,L057,SCI03,2025-09-06,68.8,68.8,0.0,27.3,Stable,Learning Milestone,Learning Progress
P00682,L057,SCI03,2026-01-08,68.8,63.6,-5.2,53.8,Needs Attention,Learning Milestone,Learning Progress
P00683,L057,SCI03,2026-03-31,68.8,75.0,6.2,72.9,Improving,Learning Milestone,Learning Progress
P00684,L057,SCI03,2026-07-18,68.8,71.4,2.6,100.0,Stable,Course Completion,Successful Completion
P00685,L058,ELA02,2025-09-11,71.4,71.4,0.0,30.2,Stable,Learning Milestone,Learning Progress
P00686,L058,ELA02,2026-03-17,71.4,70.6,-0.8,70.2,Stable,Learning Milestone,Learning Progress
P00687,L058,ELA02,2026-06-20,71.4,66.7,-4.7,92.2,Stable,Learning Milestone,Learning Progress
P00688,L058,ELA02,2026-07-30,71.4,70.6,-0.8,100.0,Stable,Course Completion,Successful Completion
P00689,L058,MATH02,2025-09-22,60.0,60.0,0.0,31.0,Stable,Learning Milestone,Learning Progress
P00690,L058,MATH02,2025-12-06,60.0,58.8,-1.2,40.9,Stable,Learning Milestone,Learning Progress
P00691,L058,MATH02,2026-05-16,60.0,66.7,6.7,73.9,Improving,Learning Milestone,Learning Progress
P00692,L058,MATH02,2026-08-06,60.0,73.7,13.7,100.0,Improving,Progress Star,Great Improvement
P00693,L058,MATH03,2025-09-30,62.5,62.5,0.0,31.3,Stable,Learning Milestone,Learning Progress
P00694,L058,MATH03,2025-10-28,62.5,66.7,4.2,41.3,Stable,Learning Milestone,Learning Progress
P00695,L058,MATH03,2026-02-10,62.5,68.8,6.3,57.0,Improving,Learning Milestone,Learning Progress
P00696,L058,MATH03,2026-08-17,62.5,61.5,-1.0,100.0,Stable,Course Completion,Successful Completion
P00697,L059,ELA02,2025-11-08,76.9,76.9,0.0,39.9,Stable,Learning Milestone,Learning Progress
P00698,L059,ELA02,2026-01-04,76.9,80.0,3.1,47.3,Stable,Learning Milestone,Learning Progress
P00699,L059,ELA02,2026-03-06,76.9,81.2,4.3,60.4,Stable,Learning Milestone,Learning Progress
P00700,L059,ELA02,2026-08-07,76.9,84.6,7.7,100.0,Improving,Course Completion,Successful Completion
P00701,L059,MATH03,2025-09-13,80.0,80.0,0.0,25.3,Stable,Learning Milestone,Learning Progress
P00702,L059,MATH03,2025-12-15,80.0,85.0,5.0,51.4,Improving,Learning Milestone,Learning Progress
P00703,L059,MATH03,2026-04-15,80.0,76.5,-3.5,74.0,Stable,Learning Milestone,Learning Progress
P00704,L059,MATH03,2026-08-22,80.0,72.7,-7.3,100.0,Needs Attention,Course Completion,Successful Completion
P00705,L059,READ01,2025-11-13,80.0,80.0,0.0,42.2,Stable,Learning Milestone,Learning Progress
P00706,L059,READ01,2025-11-29,80.0,75.0,-5.0,45.4,Needs Attention,Learning Milestone,Learning Progress
P00707,L059,READ01,2026-01-25,80.0,75.0,-5.0,56.8,Needs Attention,Learning Milestone,Learning Progress
P00708,L059,READ01,2026-07-24,80.0,76.5,-3.5,100.0,Stable,Course Completion,Successful Completion
P00709,L060,MATH03,2025-10-13,86.7,86.7,0.0,29.9,Stable,Learning Milestone,Learning Progress
P00710,L060,MATH03,2025-11-16,86.7,93.8,7.1,46.0,Improving,Learning Milestone,Learning Progress
P00711,L060,MATH03,2026-02-12,86.7,94.1,7.4,58.4,Improving,Learning Milestone,Learning Progress
P00712,L060,MATH03,2026-08-31,86.7,100.0,13.3,100.0,Improving,Progress Star,Great Improvement
P00713,L060,READ01,2025-10-04,86.7,86.7,0.0,33.6,Stable,Learning Milestone,Learning Progress
P00714,L060,READ01,2025-11-17,86.7,88.2,1.5,37.9,Stable,Learning Milestone,Learning Progress
P00715,L060,READ01,2025-12-19,86.7,91.7,5.0,43.7,Improving,Learning Milestone,Learning Progress
P00716,L060,READ01,2026-03-02,86.7,94.4,7.7,100.0,Improving,Course Completion,Successful Completion
P00717,L060,SCI02,2025-09-21,91.7,91.7,0.0,26.5,Stable,Learning Milestone,Learning Progress
P00718,L060,SCI02,2025-10-29,91.7,89.5,-2.2,33.3,Stable,Learning Milestone,Learning Progress
P00719,L060,SCI02,2026-01-06,91.7,88.2,-3.5,54.4,Stable,Learning Milestone,Learning Progress
P00720,L060,SCI02,2026-08-20,91.7,91.7,0.0,100.0,Stable,Course Completion,Successful Completion
P00721,L061,ELA04,2025-09-06,80.0,80.0,0.0,31.0,Stable,Learning Milestone,Learning Progress
P00722,L061,ELA04,2025-10-12,80.0,80.0,0.0,30.0,Stable,Learning Milestone,Learning Progress
P00723,L061,ELA04,2026-06-10,80.0,83.3,3.3,76.2,Stable,Learning Milestone,Learning Progress
P00724,L061,ELA04,2026-08-04,80.0,80.0,0.0,100.0,Stable,Course Completion,Successful Completion
P00725,L061,MATH04,2025-09-02,76.9,76.9,0.0,32.6,Stable,Learning Milestone,Learning Progress
P00726,L061,MATH04,2025-10-17,76.9,81.8,4.9,36.6,Stable,Learning Milestone,Learning Progress
P00727,L061,MATH04,2025-12-05,76.9,70.6,-6.3,57.4,Needs Attention,Learning Milestone,Learning Progress
P00728,L061,MATH04,2026-08-18,76.9,78.9,2.0,100.0,Stable,Course Completion,Successful Completion
P00729,L061,READ01,2025-09-12,73.3,73.3,0.0,28.2,Stable,Learning Milestone,Learning Progress
P00730,L061,READ01,2025-10-25,73.3,80.0,6.7,27.5,Improving,Learning Milestone,Learning Progress
P00731,L061,READ01,2025-11-05,73.3,81.8,8.5,40.1,Improving,Learning Milestone,Learning Progress
P00732,L061,READ01,2026-05-19,73.3,80.0,6.7,100.0,Improving,Course Completion,Successful Completion
P00733,L062,ELA04,2025-12-07,76.9,76.9,0.0,43.4,Stable,Learning Milestone,Learning Progress
P00734,L062,ELA04,2026-02-08,76.9,86.7,9.8,57.4,Improving,Learning Milestone,Learning Progress
P00735,L062,ELA04,2026-05-04,76.9,81.2,4.3,75.2,Stable,Learning Milestone,Learning Progress
P00736,L062,ELA04,2026-06-07,76.9,80.0,3.1,100.0,Stable,Course Completion,Successful Completion
P00737,L062,MATH04,2025-09-04,68.4,68.4,0.0,34.0,Stable,Learning Milestone,Learning Progress
P00738,L062,MATH04,2025-11-13,68.4,76.9,8.5,38.6,Improving,Learning Milestone,Learning Progress
P00739,L062,MATH04,2025-12-11,68.4,77.8,9.4,46.5,Improving,Learning Milestone,Learning Progress
P00740,L062,MATH04,2026-06-05,68.4,85.0,16.6,100.0,Improving,Progress Star,Great Improvement
P00741,L062,SCI03,2025-10-01,75.0,75.0,0.0,34.3,Stable,Learning Milestone,Learning Progress
P00742,L062,SCI03,2025-10-02,75.0,76.5,1.5,32.1,Stable,Learning Milestone,Learning Progress
P00743,L062,SCI03,2026-02-24,75.0,80.0,5.0,60.1,Improving,Learning Milestone,Learning Progress
P00744,L062,SCI03,2026-07-15,75.0,85.7,10.7,100.0,Improving,Progress Star,Great Improvement
P00745,L063,MATH04,2025-10-05,76.9,76.9,0.0,33.0,Stable,Learning Milestone,Learning Progress
P00746,L063,MATH04,2025-11-12,76.9,85.7,8.8,38.6,Improving,Learning Milestone,Learning Progress
P00747,L063,MATH04,2026-02-13,76.9,75.0,-1.9,58.8,Stable,Learning Milestone,Learning Progress
P00748,L063,MATH04,2026-08-28,76.9,86.7,9.8,100.0,Improving,Course Completion,Successful Completion
P00749,L063,READ01,2025-09-09,76.5,76.5,0.0,32.4,Stable,Learning Milestone,Learning Progress
P00750,L063,READ01,2025-11-17,76.5,75.0,-1.5,44.3,Stable,Learning Milestone,Learning Progress
P00751,L063,READ01,2025-12-21,76.5,73.7,-2.8,53.6,Stable,Learning Milestone,Learning Progress
P00752,L063,READ01,2026-07-01,76.5,82.4,5.9,100.0,Improving,Course Completion,Successful Completion
P00753,L063,SCI03,2025-09-10,73.3,73.3,0.0,29.2,Stable,Learning Milestone,Learning Progress
P00754,L063,SCI03,2025-12-17,73.3,75.0,1.7,42.5,Stable,Learning Milestone,Learning Progress
P00755,L063,SCI03,2026-03-09,73.3,80.0,6.7,71.3,Improving,Learning Milestone,Learning Progress
P00756,L063,SCI03,2026-04-17,73.3,76.9,3.6,100.0,Stable,Course Completion,Successful Completion
P00757,L064,ELA04,2025-09-10,63.6,63.6,0.0,25.8,Stable,Learning Milestone,Learning Progress
P00758,L064,ELA04,2026-02-08,63.6,58.8,-4.8,60.8,Stable,Learning Milestone,Learning Progress
P00759,L064,ELA04,2026-05-09,63.6,53.8,-9.8,79.5,Needs Attention,Learning Milestone,Learning Progress
P00760,L064,ELA04,2026-06-16,63.6,64.7,1.1,100.0,Stable,Course Completion,Successful Completion
P00761,L064,READ01,2025-09-06,58.3,58.3,0.0,24.4,Stable,Learning Milestone,Learning Progress
P00762,L064,READ01,2026-01-06,58.3,54.5,-3.8,48.7,Stable,Learning Milestone,Learning Progress
P00763,L064,READ01,2026-01-31,58.3,58.3,0.0,66.5,Stable,Learning Milestone,Learning Progress
P00764,L064,READ01,2026-08-25,58.3,64.7,6.4,100.0,Improving,Course Completion,Successful Completion
P00765,L064,SCI03,2025-11-14,57.1,57.1,0.0,39.6,Stable,Learning Milestone,Learning Progress
P00766,L064,SCI03,2026-02-15,57.1,60.0,2.9,56.6,Stable,Learning Milestone,Learning Progress
P00767,L064,SCI03,2026-05-06,57.1,61.5,4.4,76.9,Stable,Learning Milestone,Learning Progress
P00768,L064,SCI03,2026-07-15,57.1,50.0,-7.1,100.0,Needs Attention,Course Completion,Successful Completion
P00769,L065,ELA03,2025-09-29,72.2,72.2,0.0,30.7,Stable,Learning Milestone,Learning Progress
P00770,L065,ELA03,2025-12-26,72.2,76.9,4.7,50.4,Stable,Learning Milestone,Learning Progress
P00771,L065,ELA03,2026-01-12,72.2,75.0,2.8,59.5,Stable,Learning Milestone,Learning Progress
P00772,L065,ELA03,2026-08-16,72.2,76.5,4.3,100.0,Stable,Course Completion,Successful Completion
P00773,L065,MATH02,2025-09-09,66.7,66.7,0.0,26.8,Stable,Learning Milestone,Learning Progress
P00774,L065,MATH02,2025-11-03,66.7,68.8,2.1,35.4,Stable,Learning Milestone,Learning Progress
P00775,L065,MATH02,2026-02-15,66.7,75.0,8.3,60.6,Improving,Learning Milestone,Learning Progress
P00776,L065,MATH02,2026-06-10,66.7,80.0,13.3,100.0,Improving,Progress Star,Great Improvement
P00777,L065,READ01,2025-10-03,75.0,75.0,0.0,29.5,Stable,Learning Milestone,Learning Progress
P00778,L065,READ01,2025-10-23,75.0,73.3,-1.7,29.9,Stable,Learning Milestone,Learning Progress
P00779,L065,READ01,2025-11-17,75.0,70.0,-5.0,41.3,Needs Attention,Learning Milestone,Learning Progress
P00780,L065,READ01,2026-05-26,75.0,72.7,-2.3,100.0,Stable,Course Completion,Successful Completion
P00781,L066,MATH02,2025-09-19,76.5,76.5,0.0,36.2,Stable,Learning Milestone,Learning Progress
P00782,L066,MATH02,2025-10-05,76.5,72.2,-4.3,33.9,Stable,Learning Milestone,Learning Progress
P00783,L066,MATH02,2025-12-27,76.5,73.7,-2.8,47.3,Stable,Learning Milestone,Learning Progress
P00784,L066,MATH02,2026-06-29,76.5,86.7,10.2,100.0,Improving,Progress Star,Great Improvement
P00785,L066,READ01,2025-09-15,77.8,77.8,0.0,23.0,Stable,Learning Milestone,Learning Progress
P00786,L066,READ01,2026-01-25,77.8,81.8,4.0,49.9,Stable,Learning Milestone,Learning Progress
P00787,L066,READ01,2026-07-06,77.8,84.6,6.8,96.0,Improving,Learning Milestone,Learning Progress
P00788,L066,READ01,2026-08-10,77.8,84.6,6.8,100.0,Improving,Course Completion,Successful Completion
P00789,L066,SCI02,2025-12-02,80.0,80.0,0.0,41.6,Stable,Learning Milestone,Learning Progress
P00790,L066,SCI02,2025-12-15,80.0,73.7,-6.3,42.8,Needs Attention,Learning Milestone,Learning Progress
P00791,L066,SCI02,2026-02-18,80.0,80.0,0.0,56.6,Stable,Learning Milestone,Learning Progress
P00792,L066,SCI02,2026-05-14,80.0,80.0,0.0,100.0,Stable,Course Completion,Successful Completion
P00793,L067,ELA01,2025-09-08,77.8,77.8,0.0,31.7,Stable,Learning Milestone,Learning Progress
P00794,L067,ELA01,2025-10-28,77.8,66.7,-11.1,36.6,Needs Attention,Learning Milestone,Learning Progress
P00795,L067,ELA01,2026-04-22,77.8,76.5,-1.3,67.2,Stable,Learning Milestone,Learning Progress
P00796,L067,ELA01,2026-08-22,77.8,73.7,-4.1,100.0,Stable,Course Completion,Successful Completion
P00797,L067,MATH01,2025-09-01,73.3,73.3,0.0,20.4,Stable,Learning Milestone,Learning Progress
P00798,L067,MATH01,2025-10-20,73.3,72.7,-0.6,32.7,Stable,Learning Milestone,Learning Progress
P00799,L067,MATH01,2026-02-03,73.3,72.7,-0.6,62.2,Stable,Learning Milestone,Learning Progress
P00800,L067,MATH01,2026-06-18,73.3,80.0,6.7,100.0,Improving,Course Completion,Successful Completion
P00801,L067,SCI01,2025-12-13,80.0,80.0,0.0,44.3,Stable,Learning Milestone,Learning Progress
P00802,L067,SCI01,2026-01-15,80.0,76.9,-3.1,48.1,Stable,Learning Milestone,Learning Progress
P00803,L067,SCI01,2026-01-23,80.0,75.0,-5.0,50.8,Needs Attention,Learning Milestone,Learning Progress
P00804,L067,SCI01,2026-08-30,80.0,70.0,-10.0,100.0,Needs Attention,Course Completion,Successful Completion
P00805,L068,ELA04,2025-11-23,83.3,83.3,0.0,42.1,Stable,Learning Milestone,Learning Progress
P00806,L068,ELA04,2026-03-11,83.3,84.2,0.9,65.1,Stable,Learning Milestone,Learning Progress
P00807,L068,ELA04,2026-04-30,83.3,85.0,1.7,74.1,Stable,Learning Milestone,Learning Progress
P00808,L068,ELA04,2026-08-04,83.3,83.3,0.0,100.0,Stable,Course Completion,Successful Completion
P00809,L068,READ01,2025-10-30,84.2,84.2,0.0,33.0,Stable,Learning Milestone,Learning Progress
P00810,L068,READ01,2026-02-14,84.2,82.4,-1.8,60.4,Stable,Learning Milestone,Learning Progress
P00811,L068,READ01,2026-03-22,84.2,85.7,1.5,71.7,Stable,Learning Milestone,Learning Progress
P00812,L068,READ01,2026-08-03,84.2,90.0,5.8,100.0,Improving,Course Completion,Successful Completion
P00813,L068,SCI03,2025-09-22,84.2,84.2,0.0,28.6,Stable,Learning Milestone,Learning Progress
P00814,L068,SCI03,2025-11-24,84.2,83.3,-0.9,42.6,Stable,Learning Milestone,Learning Progress
P00815,L068,SCI03,2026-05-18,84.2,80.0,-4.2,82.8,Stable,Learning Milestone,Learning Progress
P00816,L068,SCI03,2026-08-15,84.2,92.3,8.1,100.0,Improving,Course Completion,Successful Completion
P00817,L069,ELA03,2025-09-16,55.6,55.6,0.0,33.9,Stable,Learning Milestone,Learning Progress
P00818,L069,ELA03,2026-01-09,55.6,55.0,-0.6,53.5,Stable,Learning Milestone,Learning Progress
P00819,L069,ELA03,2026-03-16,55.6,54.5,-1.1,65.5,Stable,Learning Milestone,Learning Progress
P00820,L069,ELA03,2026-08-25,55.6,63.2,7.6,100.0,Improving,Course Completion,Successful Completion
P00821,L069,MATH03,2025-10-19,60.0,60.0,0.0,30.2,Stable,Learning Milestone,Learning Progress
P00822,L069,MATH03,2026-02-06,60.0,58.8,-1.2,59.6,Stable,Learning Milestone,Learning Progress
P00823,L069,MATH03,2026-04-20,60.0,56.2,-3.8,74.3,Stable,Learning Milestone,Learning Progress
P00824,L069,MATH03,2026-08-27,60.0,52.9,-7.1,100.0,Needs Attention,Course Completion,Successful Completion
P00825,L069,SCI02,2025-10-05,64.7,64.7,0.0,33.8,Stable,Learning Milestone,Learning Progress
P00826,L069,SCI02,2025-10-07,64.7,53.3,-11.4,33.6,Needs Attention,Learning Milestone,Learning Progress
P00827,L069,SCI02,2025-12-16,64.7,60.0,-4.7,46.1,Stable,Learning Milestone,Learning Progress
P00828,L069,SCI02,2026-08-15,64.7,60.0,-4.7,100.0,Stable,Course Completion,Successful Completion
P00829,L070,ELA04,2025-09-21,75.0,75.0,0.0,26.8,Stable,Learning Milestone,Learning Progress
P00830,L070,ELA04,2025-11-23,75.0,80.0,5.0,43.2,Improving,Learning Milestone,Learning Progress
P00831,L070,ELA04,2026-02-17,75.0,80.0,5.0,59.3,Improving,Learning Milestone,Learning Progress
P00832,L070,ELA04,2026-08-18,75.0,81.8,6.8,100.0,Improving,Course Completion,Successful Completion
P00833,L070,MATH04,2025-09-13,76.9,76.9,0.0,29.5,Stable,Learning Milestone,Learning Progress
P00834,L070,MATH04,2025-10-15,76.9,80.0,3.1,33.2,Stable,Learning Milestone,Learning Progress
P00835,L070,MATH04,2025-12-05,76.9,83.3,6.4,38.7,Improving,Learning Milestone,Learning Progress
P00836,L070,MATH04,2026-08-07,76.9,83.3,6.4,100.0,Improving,Course Completion,Successful Completion
P00837,L070,READ01,2025-09-13,81.2,81.2,0.0,30.6,Stable,Learning Milestone,Learning Progress
P00838,L070,READ01,2026-04-13,81.2,87.5,6.3,66.3,Improving,Learning Milestone,Learning Progress
P00839,L070,READ01,2026-06-16,81.2,81.8,0.6,85.5,Stable,Learning Milestone,Learning Progress
P00840,L070,READ01,2026-08-24,81.2,88.9,7.7,100.0,Improving,Course Completion,Successful Completion
P00841,L071,ELA04,2025-09-06,84.2,84.2,0.0,24.6,Stable,Learning Milestone,Learning Progress
P00842,L071,ELA04,2025-10-01,84.2,76.5,-7.7,39.0,Needs Attention,Learning Milestone,Learning Progress
P00843,L071,ELA04,2026-03-10,84.2,77.8,-6.4,64.9,Needs Attention,Learning Milestone,Learning Progress
P00844,L071,ELA04,2026-08-07,84.2,88.2,4.0,100.0,Stable,Course Completion,Successful Completion
P00845,L071,READ01,2025-12-25,81.2,81.2,0.0,49.8,Stable,Learning Milestone,Learning Progress
P00846,L071,READ01,2026-01-13,81.2,80.0,-1.2,51.7,Stable,Learning Milestone,Learning Progress
P00847,L071,READ01,2026-03-31,81.2,92.3,11.1,68.4,Improving,Growth Champion,Strong Progress
P00848,L071,READ01,2026-07-18,81.2,81.2,0.0,100.0,Stable,Course Completion,Successful Completion
P00849,L071,SCI03,2025-10-09,84.2,84.2,0.0,37.2,Stable,Learning Milestone,Learning Progress
P00850,L071,SCI03,2026-01-26,84.2,85.0,0.8,63.1,Stable,Learning Milestone,Learning Progress
P00851,L071,SCI03,2026-05-13,84.2,86.7,2.5,78.2,Stable,Learning Milestone,Learning Progress
P00852,L071,SCI03,2026-07-04,84.2,94.1,9.9,100.0,Improving,Course Completion,Successful Completion
P00853,L072,ELA03,2025-11-11,78.6,78.6,0.0,37.9,Stable,Learning Milestone,Learning Progress
P00854,L072,ELA03,2026-04-06,78.6,80.0,1.4,65.0,Stable,Learning Milestone,Learning Progress
P00855,L072,ELA03,2026-07-11,78.6,85.7,7.1,92.6,Improving,Learning Milestone,Learning Progress
P00856,L072,ELA03,2026-08-19,78.6,93.3,14.7,100.0,Improving,Progress Star,Great Improvement
P00857,L072,MATH03,2025-10-07,78.6,78.6,0.0,20.2,Stable,Learning Milestone,Learning Progress
P00858,L072,MATH03,2026-01-09,78.6,81.8,3.2,61.6,Stable,Learning Milestone,Learning Progress
P00859,L072,MATH03,2026-04-24,78.6,84.2,5.6,71.1,Improving,Learning Milestone,Learning Progress
P00860,L072,MATH03,2026-07-08,78.6,82.4,3.8,100.0,Stable,Course Completion,Successful Completion
P00861,L072,SCI02,2025-10-17,83.3,83.3,0.0,41.2,Stable,Learning Milestone,Learning Progress
P00862,L072,SCI02,2026-02-23,83.3,78.6,-4.7,56.2,Stable,Learning Milestone,Learning Progress
P00863,L072,SCI02,2026-05-09,83.3,84.6,1.3,81.1,Stable,Learning Milestone,Learning Progress
P00864,L072,SCI02,2026-08-21,83.3,83.3,0.0,100.0,Stable,Course Completion,Successful Completion
P00865,L073,ELA02,2025-09-22,63.6,63.6,0.0,24.0,Stable,Learning Milestone,Learning Progress
P00866,L073,ELA02,2025-11-01,63.6,60.0,-3.6,44.4,Stable,Learning Milestone,Learning Progress
P00867,L073,ELA02,2025-12-02,63.6,71.4,7.8,47.6,Improving,Learning Milestone,Learning Progress
P00868,L073,ELA02,2026-03-18,63.6,66.7,3.1,100.0,Stable,Course Completion,Successful Completion
P00869,L073,MATH03,2025-11-27,61.5,61.5,0.0,44.4,Stable,Learning Milestone,Learning Progress
P00870,L073,MATH03,2025-12-22,61.5,66.7,5.2,50.5,Improving,Learning Milestone,Learning Progress
P00871,L073,MATH03,2026-03-16,61.5,64.7,3.2,60.5,Stable,Learning Milestone,Learning Progress
P00872,L073,MATH03,2026-06-27,61.5,68.4,6.9,100.0,Improving,Course Completion,Successful Completion
P00873,L073,READ01,2025-09-02,68.4,68.4,0.0,21.5,Stable,Learning Milestone,Learning Progress
P00874,L073,READ01,2026-01-01,68.4,63.6,-4.8,44.6,Stable,Learning Milestone,Learning Progress
P00875,L073,READ01,2026-02-05,68.4,63.2,-5.2,59.0,Needs Attention,Learning Milestone,Learning Progress
P00876,L073,READ01,2026-08-10,68.4,70.0,1.6,100.0,Stable,Course Completion,Successful Completion
P00877,L074,ELA02,2025-09-11,76.9,76.9,0.0,25.5,Stable,Learning Milestone,Learning Progress
P00878,L074,ELA02,2026-03-18,76.9,75.0,-1.9,64.9,Stable,Learning Milestone,Learning Progress
P00879,L074,ELA02,2026-05-14,76.9,75.0,-1.9,73.0,Stable,Learning Milestone,Learning Progress
P00880,L074,ELA02,2026-07-13,76.9,75.0,-1.9,100.0,Stable,Course Completion,Successful Completion
P00881,L074,READ01,2025-09-19,75.0,75.0,0.0,31.7,Stable,Learning Milestone,Learning Progress
P00882,L074,READ01,2025-10-17,75.0,83.3,8.3,37.6,Improving,Learning Milestone,Learning Progress
P00883,L074,READ01,2026-03-06,75.0,78.6,3.6,65.5,Stable,Learning Milestone,Learning Progress
P00884,L074,READ01,2026-08-29,75.0,72.2,-2.8,100.0,Stable,Course Completion,Successful Completion
P00885,L074,SCI02,2025-09-12,81.2,81.2,0.0,24.7,Stable,Learning Milestone,Learning Progress
P00886,L074,SCI02,2026-02-24,81.2,82.4,1.2,64.4,Stable,Learning Milestone,Learning Progress
P00887,L074,SCI02,2026-03-19,81.2,78.6,-2.6,69.3,Stable,Learning Milestone,Learning Progress
P00888,L074,SCI02,2026-06-20,81.2,78.9,-2.3,100.0,Stable,Course Completion,Successful Completion
P00889,L075,ELA04,2025-09-05,85.7,85.7,0.0,24.1,Stable,Learning Milestone,Learning Progress
P00890,L075,ELA04,2025-11-27,85.7,75.0,-10.7,47.6,Needs Attention,Learning Milestone,Learning Progress
P00891,L075,ELA04,2026-01-04,85.7,76.9,-8.8,49.3,Needs Attention,Learning Milestone,Learning Progress
P00892,L075,ELA04,2026-06-01,85.7,76.9,-8.8,100.0,Needs Attention,Course Completion,Successful Completion
P00893,L075,MATH04,2025-11-30,81.2,81.2,0.0,43.0,Stable,Learning Milestone,Learning Progress
P00894,L075,MATH04,2026-01-26,81.2,70.0,-11.2,51.1,Needs Attention,Learning Milestone,Learning Progress
P00895,L075,MATH04,2026-06-08,81.2,81.8,0.6,89.1,Stable,Learning Milestone,Learning Progress
P00896,L075,MATH04,2026-08-02,81.2,77.8,-3.4,100.0,Stable,Course Completion,Successful Completion
P00897,L075,READ01,2025-09-22,75.0,75.0,0.0,26.5,Stable,Learning Milestone,Learning Progress
P00898,L075,READ01,2025-10-05,75.0,76.5,1.5,26.4,Stable,Learning Milestone,Learning Progress
P00899,L075,READ01,2026-01-06,75.0,77.8,2.8,46.0,Stable,Learning Milestone,Learning Progress
P00900,L075,READ01,2026-07-25,75.0,80.0,5.0,100.0,Improving,Course Completion,Successful Completion
P00901,L076,ELA02,2025-09-19,81.8,81.8,0.0,36.4,Stable,Learning Milestone,Learning Progress
P00902,L076,ELA02,2025-11-25,81.8,87.5,5.7,40.2,Improving,Learning Milestone,Learning Progress
P00903,L076,ELA02,2026-03-28,81.8,83.3,1.5,73.6,Stable,Learning Milestone,Learning Progress
P00904,L076,ELA02,2026-05-27,81.8,92.3,10.5,100.0,Improving,Progress Star,Great Improvement
P00905,L076,MATH02,2025-11-06,80.0,80.0,0.0,33.9,Stable,Learning Milestone,Learning Progress
P00906,L076,MATH02,2026-03-10,80.0,86.7,6.7,62.3,Improving,Learning Milestone,Learning Progress
P00907,L076,MATH02,2026-04-26,80.0,83.3,3.3,68.7,Stable,Learning Milestone,Learning Progress
P00908,L076,MATH02,2026-08-31,80.0,83.3,3.3,100.0,Stable,Course Completion,Successful Completion
P00909,L076,READ01,2025-09-13,85.0,85.0,0.0,23.9,Stable,Learning Milestone,Learning Progress
P00910,L076,READ01,2025-12-21,85.0,88.2,3.2,40.3,Stable,Learning Milestone,Learning Progress
P00911,L076,READ01,2026-05-19,85.0,89.5,4.5,84.6,Stable,Learning Milestone,Learning Progress
P00912,L076,READ01,2026-08-31,85.0,90.0,5.0,100.0,Improving,Course Completion,Successful Completion
P00913,L077,MATH01,2025-09-12,61.1,61.1,0.0,24.5,Stable,Learning Milestone,Learning Progress
P00914,L077,MATH01,2026-01-04,61.1,71.4,10.3,51.6,Improving,Growth Champion,Strong Progress
P00915,L077,MATH01,2026-02-16,61.1,69.2,8.1,56.3,Improving,Learning Milestone,Learning Progress
P00916,L077,MATH01,2026-07-02,61.1,66.7,5.6,100.0,Improving,Course Completion,Successful Completion
P00917,L077,READ01,2025-09-01,58.8,58.8,0.0,36.8,Stable,Learning Milestone,Learning Progress
P00918,L077,READ01,2025-10-04,58.8,70.0,11.2,32.6,Improving,Growth Champion,Strong Progress
P00919,L077,READ01,2026-01-09,58.8,70.6,11.8,49.4,Improving,Growth Champion,Strong Progress
P00920,L077,READ01,2026-06-18,58.8,66.7,7.9,100.0,Improving,Course Completion,Successful Completion
P00921,L077,SCI01,2025-11-18,64.3,64.3,0.0,35.1,Stable,Learning Milestone,Learning Progress
P00922,L077,SCI01,2026-02-17,64.3,72.7,8.4,66.4,Improving,Learning Milestone,Learning Progress
P00923,L077,SCI01,2026-04-14,64.3,71.4,7.1,77.4,Improving,Learning Milestone,Learning Progress
P00924,L077,SCI01,2026-08-05,64.3,68.8,4.5,100.0,Stable,Course Completion,Successful Completion
P00925,L078,ELA04,2025-10-26,73.7,73.7,0.0,31.9,Stable,Learning Milestone,Learning Progress
P00926,L078,ELA04,2025-11-27,73.7,81.8,8.1,49.0,Improving,Learning Milestone,Learning Progress
P00927,L078,ELA04,2026-01-15,73.7,71.4,-2.3,54.8,Stable,Learning Milestone,Learning Progress
P00928,L078,ELA04,2026-05-10,73.7,76.9,3.2,100.0,Stable,Course Completion,Successful Completion
P00929,L078,MATH04,2025-09-05,72.7,72.7,0.0,27.6,Stable,Learning Milestone,Learning Progress
P00930,L078,MATH04,2025-10-13,72.7,80.0,7.3,27.6,Improving,Learning Milestone,Learning Progress
P00931,L078,MATH04,2025-11-16,72.7,73.3,0.6,35.9,Stable,Learning Milestone,Learning Progress
P00932,L078,MATH04,2026-06-04,72.7,72.7,0.0,100.0,Stable,Course Completion,Successful Completion
P00933,L078,SCI03,2025-10-12,72.7,72.7,0.0,36.0,Stable,Learning Milestone,Learning Progress
P00934,L078,SCI03,2026-01-03,72.7,75.0,2.3,45.0,Stable,Learning Milestone,Learning Progress
P00935,L078,SCI03,2026-05-05,72.7,81.2,8.5,75.0,Improving,Learning Milestone,Learning Progress
P00936,L078,SCI03,2026-08-06,72.7,80.0,7.3,100.0,Improving,Course Completion,Successful Completion
P00937,L079,ELA01,2025-11-02,83.3,83.3,0.0,40.9,Stable,Learning Milestone,Learning Progress
P00938,L079,ELA01,2026-04-11,83.3,90.0,6.7,73.4,Improving,Learning Milestone,Learning Progress
P00939,L079,ELA01,2026-07-27,83.3,90.0,6.7,88.7,Improving,Learning Milestone,Learning Progress
P00940,L079,ELA01,2026-08-10,83.3,94.1,10.8,100.0,Improving,Progress Star,Great Improvement
P00941,L079,READ01,2025-11-23,85.7,85.7,0.0,37.4,Stable,Learning Milestone,Learning Progress
P00942,L079,READ01,2026-02-21,85.7,92.9,7.2,65.0,Improving,Learning Milestone,Learning Progress
P00943,L079,READ01,2026-05-01,85.7,100.0,14.3,72.7,Improving,Growth Champion,Strong Progress
P00944,L079,READ01,2026-08-22,85.7,93.3,7.6,100.0,Improving,Course Completion,Successful Completion
P00945,L079,SCI01,2025-11-08,91.7,91.7,0.0,39.9,Stable,Learning Milestone,Learning Progress
P00946,L079,SCI01,2026-02-15,91.7,93.3,1.6,60.2,Stable,Learning Milestone,Learning Progress
P00947,L079,SCI01,2026-04-19,91.7,100.0,8.3,75.1,Improving,Learning Milestone,Learning Progress
P00948,L079,SCI01,2026-08-29,91.7,94.7,3.0,100.0,Stable,Course Completion,Successful Completion
P00949,L080,ELA04,2025-09-09,70.0,70.0,0.0,29.8,Stable,Learning Milestone,Learning Progress
P00950,L080,ELA04,2026-04-02,70.0,71.4,1.4,70.7,Stable,Learning Milestone,Learning Progress
P00951,L080,ELA04,2026-06-02,70.0,75.0,5.0,76.4,Improving,Learning Milestone,Learning Progress
P00952,L080,ELA04,2026-07-25,70.0,80.0,10.0,100.0,Improving,Progress Star,Great Improvement
P00953,L080,READ01,2025-11-15,75.0,75.0,0.0,38.2,Stable,Learning Milestone,Learning Progress
P00954,L080,READ01,2025-12-13,75.0,72.2,-2.8,41.8,Stable,Learning Milestone,Learning Progress
P00955,L080,READ01,2026-02-18,75.0,73.7,-1.3,58.9,Stable,Learning Milestone,Learning Progress
P00956,L080,READ01,2026-05-15,75.0,73.7,-1.3,100.0,Stable,Course Completion,Successful Completion
P00957,L080,SCI03,2025-09-10,75.0,75.0,0.0,27.9,Stable,Learning Milestone,Learning Progress
P00958,L080,SCI03,2025-10-03,75.0,73.7,-1.3,35.8,Stable,Learning Milestone,Learning Progress
P00959,L080,SCI03,2026-03-28,75.0,78.6,3.6,73.1,Stable,Learning Milestone,Learning Progress
P00960,L080,SCI03,2026-07-19,75.0,75.0,0.0,100.0,Stable,Course Completion,Successful Completion
P00961,L081,ELA01,2025-10-05,60.0,60.0,0.0,34.1,Stable,Learning Milestone,Learning Progress
P00962,L081,ELA01,2026-03-18,60.0,70.0,10.0,66.2,Improving,Growth Champion,Strong Progress
P00963,L081,ELA01,2026-06-13,60.0,73.3,13.3,86.8,Improving,Growth Champion,Strong Progress
P00964,L081,ELA01,2026-08-24,60.0,68.4,8.4,100.0,Improving,Course Completion,Successful Completion
P00965,L081,MATH01,2025-10-13,66.7,66.7,0.0,33.4,Stable,Learning Milestone,Learning Progress
P00966,L081,MATH01,2025-11-02,66.7,70.0,3.3,46.4,Stable,Learning Milestone,Learning Progress
P00967,L081,MATH01,2026-05-05,66.7,72.2,5.5,73.5,Improving,Learning Milestone,Learning Progress
P00968,L081,MATH01,2026-08-09,66.7,68.8,2.1,100.0,Stable,Course Completion,Successful Completion
P00969,L081,READ01,2025-11-22,69.2,69.2,0.0,36.5,Stable,Learning Milestone,Learning Progress
P00970,L081,READ01,2026-01-10,69.2,64.3,-4.9,55.2,Stable,Learning Milestone,Learning Progress
P00971,L081,READ01,2026-04-01,69.2,66.7,-2.5,74.4,Stable,Learning Milestone,Learning Progress
P00972,L081,READ01,2026-08-10,69.2,66.7,-2.5,100.0,Stable,Course Completion,Successful Completion
P00973,L082,ELA04,2025-10-22,81.8,81.8,0.0,36.1,Stable,Learning Milestone,Learning Progress
P00974,L082,ELA04,2025-11-10,81.8,86.7,4.9,42.3,Stable,Learning Milestone,Learning Progress
P00975,L082,ELA04,2026-05-27,81.8,81.8,0.0,81.2,Stable,Learning Milestone,Learning Progress
P00976,L082,ELA04,2026-07-06,81.8,83.3,1.5,100.0,Stable,Course Completion,Successful Completion
P00977,L082,MATH04,2025-09-21,81.8,81.8,0.0,29.7,Stable,Learning Milestone,Learning Progress
P00978,L082,MATH04,2026-01-31,81.8,89.5,7.7,51.9,Improving,Learning Milestone,Learning Progress
P00979,L082,MATH04,2026-03-26,81.8,81.2,-0.6,76.9,Stable,Learning Milestone,Learning Progress
P00980,L082,MATH04,2026-08-03,81.8,83.3,1.5,100.0,Stable,Course Completion,Successful Completion
P00981,L082,READ01,2025-09-17,81.2,81.2,0.0,30.0,Stable,Learning Milestone,Learning Progress
P00982,L082,READ01,2026-01-04,81.2,83.3,2.1,48.2,Stable,Learning Milestone,Learning Progress
P00983,L082,READ01,2026-02-10,81.2,72.7,-8.5,49.3,Needs Attention,Learning Milestone,Learning Progress
P00984,L082,READ01,2026-07-24,81.2,85.7,4.5,100.0,Stable,Course Completion,Successful Completion
P00985,L083,ELA04,2025-11-09,71.4,71.4,0.0,33.4,Stable,Learning Milestone,Learning Progress
P00986,L083,ELA04,2026-01-28,71.4,75.0,3.6,60.1,Stable,Learning Milestone,Learning Progress
P00987,L083,ELA04,2026-03-30,71.4,66.7,-4.7,65.8,Stable,Learning Milestone,Learning Progress
P00988,L083,ELA04,2026-06-30,71.4,69.2,-2.2,100.0,Stable,Course Completion,Successful Completion
P00989,L083,READ01,2025-09-09,66.7,66.7,0.0,22.4,Stable,Learning Milestone,Learning Progress
P00990,L083,READ01,2025-11-04,66.7,66.7,0.0,38.6,Stable,Learning Milestone,Learning Progress
P00991,L083,READ01,2026-04-29,66.7,68.4,1.7,71.6,Stable,Learning Milestone,Learning Progress
P00992,L083,READ01,2026-08-29,66.7,75.0,8.3,100.0,Improving,Course Completion,Successful Completion
P00993,L083,SCI03,2025-10-28,68.4,68.4,0.0,38.0,Stable,Learning Milestone,Learning Progress
P00994,L083,SCI03,2025-11-08,68.4,72.7,4.3,36.7,Stable,Learning Milestone,Learning Progress
P00995,L083,SCI03,2026-01-20,68.4,70.6,2.2,57.5,Stable,Learning Milestone,Learning Progress
P00996,L083,SCI03,2026-08-17,68.4,73.3,4.9,100.0,Stable,Course Completion,Successful Completion
P00997,L084,MATH04,2025-10-04,69.2,69.2,0.0,31.9,Stable,Learning Milestone,Learning Progress
P00998,L084,MATH04,2026-02-03,69.2,75.0,5.8,51.1,Improving,Learning Milestone,Learning Progress
P00999,L084,MATH04,2026-04-21,69.2,77.8,8.6,72.5,Improving,Learning Milestone,Learning Progress
P01000,L084,MATH04,2026-07-27,69.2,78.6,9.4,100.0,Improving,Course Completion,Successful Completion
P01001,L084,READ01,2025-09-11,69.2,69.2,0.0,32.4,Stable,Learning Milestone,Learning Progress
P01002,L084,READ01,2025-10-25,69.2,77.8,8.6,33.1,Improving,Learning Milestone,Learning Progress
P01003,L084,READ01,2026-01-08,69.2,83.3,14.1,60.7,Improving,Growth Champion,Strong Progress
P01004,L084,READ01,2026-06-18,69.2,81.8,12.6,100.0,Improving,Progress Star,Great Improvement
P01005,L084,SCI03,2025-11-14,76.9,76.9,0.0,34.2,Stable,Learning Milestone,Learning Progress
P01006,L084,SCI03,2025-12-15,76.9,75.0,-1.9,43.3,Stable,Learning Milestone,Learning Progress
P01007,L084,SCI03,2026-03-19,76.9,80.0,3.1,71.7,Stable,Learning Milestone,Learning Progress
P01008,L084,SCI03,2026-08-06,76.9,75.0,-1.9,100.0,Stable,Course Completion,Successful Completion
P01009,L085,MATH01,2025-12-12,94.7,94.7,0.0,46.1,Stable,Learning Milestone,Learning Progress
P01010,L085,MATH01,2026-01-18,94.7,100.0,5.3,54.2,Improving,Learning Milestone,Learning Progress
P01011,L085,MATH01,2026-07-06,94.7,93.8,-0.9,83.8,Stable,Learning Milestone,Learning Progress
P01012,L085,MATH01,2026-08-23,94.7,100.0,5.3,100.0,Improving,Course Completion,Successful Completion
P01013,L085,READ01,2025-09-23,100.0,100.0,0.0,25.6,Stable,Learning Milestone,Learning Progress
P01014,L085,READ01,2026-01-20,100.0,100.0,0.0,57.4,Stable,Learning Milestone,Learning Progress
P01015,L085,READ01,2026-06-05,100.0,90.0,-10.0,87.5,Needs Attention,Learning Milestone,Learning Progress
P01016,L085,READ01,2026-08-19,100.0,91.7,-8.3,100.0,Needs Attention,Course Completion,Successful Completion
P01017,L085,SCI01,2025-10-23,92.3,92.3,0.0,39.6,Stable,Learning Milestone,Learning Progress
P01018,L085,SCI01,2025-11-09,92.3,100.0,7.7,46.6,Improving,Learning Milestone,Learning Progress
P01019,L085,SCI01,2026-04-14,92.3,90.0,-2.3,72.4,Stable,Learning Milestone,Learning Progress
P01020,L085,SCI01,2026-08-15,92.3,100.0,7.7,100.0,Improving,Course Completion,Successful Completion
P01021,L086,ELA04,2025-11-20,70.0,70.0,0.0,41.2,Stable,Learning Milestone,Learning Progress
P01022,L086,ELA04,2025-11-28,70.0,76.9,6.9,40.2,Improving,Learning Milestone,Learning Progress
P01023,L086,ELA04,2025-12-29,70.0,69.2,-0.8,46.5,Stable,Learning Milestone,Learning Progress
P01024,L086,ELA04,2026-08-08,70.0,76.9,6.9,100.0,Improving,Course Completion,Successful Completion
P01025,L086,MATH04,2025-11-28,71.4,71.4,0.0,42.5,Stable,Learning Milestone,Learning Progress
P01026,L086,MATH04,2026-02-09,71.4,68.8,-2.6,59.5,Stable,Learning Milestone,Learning Progress
P01027,L086,MATH04,2026-04-16,71.4,83.3,11.9,65.8,Improving,Growth Champion,Strong Progress
P01028,L086,MATH04,2026-07-10,71.4,66.7,-4.7,100.0,Stable,Course Completion,Successful Completion
P01029,L086,READ01,2025-09-04,70.0,70.0,0.0,29.7,Stable,Learning Milestone,Learning Progress
P01030,L086,READ01,2025-11-18,70.0,69.2,-0.8,36.6,Stable,Learning Milestone,Learning Progress
P01031,L086,READ01,2026-03-11,70.0,72.2,2.2,64.4,Stable,Learning Milestone,Learning Progress
P01032,L086,READ01,2026-08-19,70.0,68.4,-1.6,100.0,Stable,Course Completion,Successful Completion
P01033,L087,ELA04,2025-10-12,81.8,81.8,0.0,28.2,Stable,Learning Milestone,Learning Progress
P01034,L087,ELA04,2025-10-13,81.8,81.8,0.0,36.9,Stable,Learning Milestone,Learning Progress
P01035,L087,ELA04,2026-02-13,81.8,78.9,-2.9,57.8,Stable,Learning Milestone,Learning Progress
P01036,L087,ELA04,2026-07-24,81.8,81.8,0.0,100.0,Stable,Course Completion,Successful Completion
P01037,L087,MATH04,2025-09-28,80.0,80.0,0.0,32.3,Stable,Learning Milestone,Learning Progress
P01038,L087,MATH04,2025-12-02,80.0,83.3,3.3,46.1,Stable,Learning Milestone,Learning Progress
P01039,L087,MATH04,2026-01-02,80.0,78.6,-1.4,46.0,Stable,Learning Milestone,Learning Progress
P01040,L087,MATH04,2026-06-03,80.0,84.6,4.6,100.0,Stable,Course Completion,Successful Completion
P01041,L087,SCI03,2025-10-07,80.0,80.0,0.0,29.5,Stable,Learning Milestone,Learning Progress
P01042,L087,SCI03,2025-11-15,80.0,73.3,-6.7,36.2,Needs Attention,Learning Milestone,Learning Progress
P01043,L087,SCI03,2026-04-15,80.0,80.0,0.0,74.2,Stable,Learning Milestone,Learning Progress
P01044,L087,SCI03,2026-07-17,80.0,80.0,0.0,100.0,Stable,Course Completion,Successful Completion
P01045,L088,ELA04,2025-10-16,68.8,68.8,0.0,35.9,Stable,Learning Milestone,Learning Progress
P01046,L088,ELA04,2026-01-19,68.8,66.7,-2.1,50.5,Stable,Learning Milestone,Learning Progress
P01047,L088,ELA04,2026-03-05,68.8,68.8,0.0,64.4,Stable,Learning Milestone,Learning Progress
P01048,L088,ELA04,2026-07-23,68.8,63.2,-5.6,100.0,Needs Attention,Course Completion,Successful Completion
P01049,L088,READ01,2025-09-09,70.0,70.0,0.0,31.9,Stable,Learning Milestone,Learning Progress
P01050,L088,READ01,2025-11-04,70.0,61.1,-8.9,33.0,Needs Attention,Learning Milestone,Learning Progress
P01051,L088,READ01,2026-05-28,70.0,66.7,-3.3,75.9,Stable,Learning Milestone,Learning Progress
P01052,L088,READ01,2026-07-23,70.0,61.5,-8.5,100.0,Needs Attention,Course Completion,Successful Completion
P01053,L088,SCI03,2025-10-14,73.7,73.7,0.0,34.7,Stable,Learning Milestone,Learning Progress
P01054,L088,SCI03,2025-11-21,73.7,66.7,-7.0,41.4,Needs Attention,Learning Milestone,Learning Progress
P01055,L088,SCI03,2026-01-28,73.7,66.7,-7.0,51.3,Needs Attention,Learning Milestone,Learning Progress
P01056,L088,SCI03,2026-08-09,73.7,70.0,-3.7,100.0,Stable,Course Completion,Successful Completion
P01057,L089,ELA01,2025-10-04,65.0,65.0,0.0,25.1,Stable,Learning Milestone,Learning Progress
P01058,L089,ELA01,2025-11-19,65.0,65.0,0.0,35.3,Stable,Learning Milestone,Learning Progress
P01059,L089,ELA01,2026-03-24,65.0,73.3,8.3,66.6,Improving,Learning Milestone,Learning Progress
P01060,L089,ELA01,2026-08-23,65.0,75.0,10.0,100.0,Improving,Progress Star,Great Improvement
P01061,L089,MATH01,2025-10-02,60.0,60.0,0.0,36.3,Stable,Learning Milestone,Learning Progress
P01062,L089,MATH01,2026-02-22,60.0,69.2,9.2,56.1,Improving,Learning Milestone,Learning Progress
P01063,L089,MATH01,2026-07-10,60.0,69.2,9.2,95.5,Improving,Learning Milestone,Learning Progress
P01064,L089,MATH01,2026-08-23,60.0,75.0,15.0,100.0,Improving,Progress Star,Great Improvement
P01065,L089,READ01,2025-09-22,60.0,60.0,0.0,34.3,Stable,Learning Milestone,Learning Progress
P01066,L089,READ01,2025-12-05,60.0,70.0,10.0,52.1,Improving,Growth Champion,Strong Progress
P01067,L089,READ01,2026-03-01,60.0,77.8,17.8,62.6,Improving,Growth Champion,Strong Progress
P01068,L089,READ01,2026-08-12,60.0,72.2,12.2,100.0,Improving,Progress Star,Great Improvement
P01069,L090,ELA02,2025-09-05,60.0,60.0,0.0,25.4,Stable,Learning Milestone,Learning Progress
P01070,L090,ELA02,2026-02-15,60.0,57.9,-2.1,57.1,Stable,Learning Milestone,Learning Progress
P01071,L090,ELA02,2026-04-25,60.0,62.5,2.5,70.8,Stable,Learning Milestone,Learning Progress
P01072,L090,ELA02,2026-06-10,60.0,62.5,2.5,100.0,Stable,Course Completion,Successful Completion
P01073,L090,ELA03,2025-09-30,57.1,57.1,0.0,29.7,Stable,Learning Milestone,Learning Progress
P01074,L090,ELA03,2025-11-08,57.1,50.0,-7.1,36.0,Needs Attention,Learning Milestone,Learning Progress
P01075,L090,ELA03,2026-03-08,57.1,58.8,1.7,62.8,Stable,Learning Milestone,Learning Progress
P01076,L090,ELA03,2026-07-10,57.1,53.8,-3.3,100.0,Stable,Course Completion,Successful Completion
P01077,L090,SCI02,2025-11-03,61.1,61.1,0.0,41.8,Stable,Learning Milestone,Learning Progress
P01078,L090,SCI02,2026-04-21,61.1,61.5,0.4,66.4,Stable,Learning Milestone,Learning Progress
P01079,L090,SCI02,2026-05-28,61.1,58.3,-2.8,79.2,Stable,Learning Milestone,Learning Progress
P01080,L090,SCI02,2026-08-31,61.1,60.0,-1.1,100.0,Stable,Course Completion,Successful Completion
P01081,L091,ELA03,2025-10-08,88.2,88.2,0.0,27.9,Stable,Learning Milestone,Learning Progress
P01082,L091,ELA03,2025-12-20,88.2,90.0,1.8,47.2,Stable,Learning Milestone,Learning Progress
P01083,L091,ELA03,2026-05-17,88.2,87.5,-0.7,78.8,Stable,Learning Milestone,Learning Progress
P01084,L091,ELA03,2026-07-08,88.2,84.6,-3.6,100.0,Stable,Course Completion,Successful Completion
P01085,L091,MATH03,2025-09-10,90.0,90.0,0.0,27.2,Stable,Learning Milestone,Learning Progress
P01086,L091,MATH03,2025-10-20,90.0,87.5,-2.5,31.6,Stable,Learning Milestone,Learning Progress
P01087,L091,MATH03,2026-04-07,90.0,90.9,0.9,78.0,Stable,Learning Milestone,Learning Progress
P01088,L091,MATH03,2026-08-22,90.0,93.3,3.3,100.0,Stable,Course Completion,Successful Completion
P01089,L091,READ01,2025-10-26,83.3,83.3,0.0,38.5,Stable,Learning Milestone,Learning Progress
P01090,L091,READ01,2026-04-12,83.3,85.7,2.4,75.0,Stable,Learning Milestone,Learning Progress
P01091,L091,READ01,2026-05-07,83.3,90.0,6.7,77.1,Improving,Learning Milestone,Learning Progress
P01092,L091,READ01,2026-07-18,83.3,82.4,-0.9,100.0,Stable,Course Completion,Successful Completion
P01093,L092,ELA04,2025-09-11,71.4,71.4,0.0,27.3,Stable,Learning Milestone,Learning Progress
P01094,L092,ELA04,2025-11-15,71.4,66.7,-4.7,40.5,Stable,Learning Milestone,Learning Progress
P01095,L092,ELA04,2026-02-17,71.4,75.0,3.6,62.4,Stable,Learning Milestone,Learning Progress
P01096,L092,ELA04,2026-06-17,71.4,72.2,0.8,100.0,Stable,Course Completion,Successful Completion
P01097,L092,MATH04,2026-03-26,73.7,73.7,0.0,73.5,Stable,Learning Milestone,Learning Progress
P01098,L092,MATH04,2026-06-21,73.7,75.0,1.3,87.7,Stable,Learning Milestone,Learning Progress
P01099,L092,MATH04,2026-07-17,73.7,72.7,-1.0,92.8,Stable,Learning Milestone,Learning Progress
P01100,L092,MATH04,2026-08-28,73.7,78.9,5.2,100.0,Improving,Course Completion,Successful Completion
P01101,L092,READ01,2025-09-24,72.7,72.7,0.0,33.7,Stable,Learning Milestone,Learning Progress
P01102,L092,READ01,2025-12-29,72.7,70.0,-2.7,54.7,Stable,Learning Milestone,Learning Progress
P01103,L092,READ01,2026-03-28,72.7,68.4,-4.3,66.9,Stable,Learning Milestone,Learning Progress
P01104,L092,READ01,2026-07-28,72.7,82.4,9.7,100.0,Improving,Course Completion,Successful Completion
P01105,L093,ELA01,2025-09-16,76.9,76.9,0.0,29.5,Stable,Learning Milestone,Learning Progress
P01106,L093,ELA01,2025-11-29,76.9,69.2,-7.7,45.9,Needs Attention,Learning Milestone,Learning Progress
P01107,L093,ELA01,2026-04-15,76.9,73.3,-3.6,77.1,Stable,Learning Milestone,Learning Progress
P01108,L093,ELA01,2026-07-26,76.9,80.0,3.1,100.0,Stable,Course Completion,Successful Completion
P01109,L093,MATH01,2025-09-08,70.0,70.0,0.0,30.1,Stable,Learning Milestone,Learning Progress
P01110,L093,MATH01,2025-10-21,70.0,72.7,2.7,33.7,Stable,Learning Milestone,Learning Progress
P01111,L093,MATH01,2026-05-05,70.0,77.8,7.8,81.7,Improving,Learning Milestone,Learning Progress
P01112,L093,MATH01,2026-08-11,70.0,80.0,10.0,100.0,Improving,Progress Star,Great Improvement
P01113,L093,READ01,2025-10-31,73.7,73.7,0.0,37.9,Stable,Learning Milestone,Learning Progress
P01114,L093,READ01,2025-11-12,73.7,80.0,6.3,44.2,Improving,Learning Milestone,Learning Progress
P01115,L093,READ01,2026-03-28,73.7,72.2,-1.5,78.2,Stable,Learning Milestone,Learning Progress
P01116,L093,READ01,2026-08-22,73.7,75.0,1.3,100.0,Stable,Course Completion,Successful Completion
P01117,L094,MATH01,2025-09-12,71.4,71.4,0.0,24.1,Stable,Learning Milestone,Learning Progress
P01118,L094,MATH01,2026-01-13,71.4,69.2,-2.2,63.4,Stable,Learning Milestone,Learning Progress
P01119,L094,MATH01,2026-05-27,71.4,73.3,1.9,81.9,Stable,Learning Milestone,Learning Progress
P01120,L094,MATH01,2026-08-12,71.4,72.7,1.3,100.0,Stable,Course Completion,Successful Completion
P01121,L094,READ01,2025-09-09,70.6,70.6,0.0,26.2,Stable,Learning Milestone,Learning Progress
P01122,L094,READ01,2025-11-13,70.6,70.6,0.0,44.9,Stable,Learning Milestone,Learning Progress
P01123,L094,READ01,2026-01-22,70.6,73.3,2.7,64.9,Stable,Learning Milestone,Learning Progress
P01124,L094,READ01,2026-07-24,70.6,68.4,-2.2,100.0,Stable,Course Completion,Successful Completion
P01125,L094,SCI01,2025-09-29,63.6,63.6,0.0,30.4,Stable,Learning Milestone,Learning Progress
P01126,L094,SCI01,2025-10-30,63.6,70.0,6.4,35.8,Improving,Learning Milestone,Learning Progress
P01127,L094,SCI01,2026-03-19,63.6,73.7,10.1,68.9,Improving,Growth Champion,Strong Progress
P01128,L094,SCI01,2026-07-05,63.6,76.9,13.3,100.0,Improving,Progress Star,Great Improvement
P01129,L095,MATH02,2025-09-23,88.2,88.2,0.0,36.0,Stable,Learning Milestone,Learning Progress
P01130,L095,MATH02,2025-10-19,88.2,81.8,-6.4,38.0,Needs Attention,Learning Milestone,Learning Progress
P01131,L095,MATH02,2026-01-24,88.2,90.0,1.8,65.0,Stable,Learning Milestone,Learning Progress
P01132,L095,MATH02,2026-05-20,88.2,94.4,6.2,100.0,Improving,Course Completion,Successful Completion
P01133,L095,MATH03,2026-02-22,92.3,92.3,0.0,57.5,Stable,Learning Milestone,Learning Progress
P01134,L095,MATH03,2026-05-10,92.3,88.9,-3.4,82.6,Stable,Learning Milestone,Learning Progress
P01135,L095,MATH03,2026-06-21,92.3,84.6,-7.7,85.9,Needs Attention,Learning Milestone,Learning Progress
P01136,L095,MATH03,2026-08-18,92.3,94.7,2.4,100.0,Stable,Course Completion,Successful Completion
P01137,L095,READ01,2025-09-01,87.5,87.5,0.0,23.7,Stable,Learning Milestone,Learning Progress
P01138,L095,READ01,2025-10-11,87.5,86.7,-0.8,34.3,Stable,Learning Milestone,Learning Progress
P01139,L095,READ01,2025-11-24,87.5,88.2,0.7,39.7,Stable,Learning Milestone,Learning Progress
P01140,L095,READ01,2026-08-14,87.5,100.0,12.5,100.0,Improving,Progress Star,Great Improvement
P01141,L096,ELA03,2026-01-07,57.1,57.1,0.0,50.5,Stable,Learning Milestone,Learning Progress
P01142,L096,ELA03,2026-05-18,57.1,52.6,-4.5,74.1,Stable,Learning Milestone,Learning Progress
P01143,L096,ELA03,2026-07-04,57.1,60.0,2.9,90.6,Stable,Learning Milestone,Learning Progress
P01144,L096,ELA03,2026-08-21,57.1,55.0,-2.1,100.0,Stable,Course Completion,Successful Completion
P01145,L096,MATH03,2025-10-02,53.8,53.8,0.0,31.7,Stable,Learning Milestone,Learning Progress
P01146,L096,MATH03,2026-03-26,53.8,53.3,-0.5,69.5,Stable,Learning Milestone,Learning Progress
P01147,L096,MATH03,2026-05-03,53.8,53.3,-0.5,74.9,Stable,Learning Milestone,Learning Progress
P01148,L096,MATH03,2026-08-25,53.8,61.1,7.3,100.0,Improving,Course Completion,Successful Completion
P01149,L096,SCI02,2025-10-08,52.6,52.6,0.0,27.1,Stable,Learning Milestone,Learning Progress
P01150,L096,SCI02,2025-11-16,52.6,50.0,-2.6,37.9,Stable,Learning Milestone,Learning Progress
P01151,L096,SCI02,2026-03-27,52.6,47.4,-5.2,66.3,Needs Attention,Learning Milestone,Learning Progress
P01152,L096,SCI02,2026-07-31,52.6,53.3,0.7,100.0,Stable,Course Completion,Successful Completion
P01153,L097,MATH01,2025-12-10,72.2,72.2,0.0,46.5,Stable,Learning Milestone,Learning Progress
P01154,L097,MATH01,2026-03-19,72.2,82.4,10.2,74.6,Improving,Growth Champion,Strong Progress
P01155,L097,MATH01,2026-04-18,72.2,75.0,2.8,69.0,Stable,Learning Milestone,Learning Progress
P01156,L097,MATH01,2026-06-06,72.2,72.2,0.0,100.0,Stable,Course Completion,Successful Completion
P01157,L097,READ01,2025-11-06,70.0,70.0,0.0,45.8,Stable,Learning Milestone,Learning Progress
P01158,L097,READ01,2025-12-10,70.0,75.0,5.0,39.9,Improving,Learning Milestone,Learning Progress
P01159,L097,READ01,2026-05-13,70.0,80.0,10.0,80.1,Improving,Growth Champion,Strong Progress
P01160,L097,READ01,2026-06-23,70.0,80.0,10.0,100.0,Improving,Progress Star,Great Improvement
P01161,L097,SCI01,2025-11-30,75.0,75.0,0.0,35.3,Stable,Learning Milestone,Learning Progress
P01162,L097,SCI01,2026-01-16,75.0,75.0,0.0,51.7,Stable,Learning Milestone,Learning Progress
P01163,L097,SCI01,2026-02-23,75.0,70.0,-5.0,64.7,Needs Attention,Learning Milestone,Learning Progress
P01164,L097,SCI01,2026-06-05,75.0,81.2,6.2,100.0,Improving,Course Completion,Successful Completion
P01165,L098,ELA01,2025-10-23,72.7,72.7,0.0,38.0,Stable,Learning Milestone,Learning Progress
P01166,L098,ELA01,2026-01-12,72.7,70.6,-2.1,55.5,Stable,Learning Milestone,Learning Progress
P01167,L098,ELA01,2026-03-27,72.7,75.0,2.3,62.6,Stable,Learning Milestone,Learning Progress
P01168,L098,ELA01,2026-06-21,72.7,66.7,-6.0,100.0,Needs Attention,Course Completion,Successful Completion
P01169,L098,READ01,2025-09-25,66.7,66.7,0.0,36.3,Stable,Learning Milestone,Learning Progress
P01170,L098,READ01,2025-11-24,66.7,63.2,-3.5,44.9,Stable,Learning Milestone,Learning Progress
P01171,L098,READ01,2026-05-05,66.7,62.5,-4.2,74.6,Stable,Learning Milestone,Learning Progress
P01172,L098,READ01,2026-07-04,66.7,73.3,6.6,100.0,Improving,Course Completion,Successful Completion
P01173,L098,SCI01,2025-10-23,66.7,66.7,0.0,33.0,Stable,Learning Milestone,Learning Progress
P01174,L098,SCI01,2025-12-24,66.7,66.7,0.0,52.9,Stable,Learning Milestone,Learning Progress
P01175,L098,SCI01,2026-03-20,66.7,64.3,-2.4,70.7,Stable,Learning Milestone,Learning Progress
P01176,L098,SCI01,2026-08-30,66.7,72.2,5.5,100.0,Improving,Course Completion,Successful Completion
P01177,L099,ELA04,2025-10-20,76.9,76.9,0.0,36.0,Stable,Learning Milestone,Learning Progress
P01178,L099,ELA04,2026-03-07,76.9,71.4,-5.5,59.5,Needs Attention,Learning Milestone,Learning Progress
P01179,L099,ELA04,2026-05-02,76.9,81.8,4.9,69.7,Stable,Learning Milestone,Learning Progress
P01180,L099,ELA04,2026-07-15,76.9,88.9,12.0,100.0,Improving,Progress Star,Great Improvement
P01181,L099,READ01,2026-02-10,84.2,84.2,0.0,58.0,Stable,Learning Milestone,Learning Progress
P01182,L099,READ01,2026-03-06,84.2,81.8,-2.4,67.6,Stable,Learning Milestone,Learning Progress
P01183,L099,READ01,2026-06-05,84.2,83.3,-0.9,85.8,Stable,Learning Milestone,Learning Progress
P01184,L099,READ01,2026-08-31,84.2,75.0,-9.2,100.0,Needs Attention,Course Completion,Successful Completion
P01185,L099,SCI03,2025-09-04,84.6,84.6,0.0,30.4,Stable,Learning Milestone,Learning Progress
P01186,L099,SCI03,2025-11-06,84.6,75.0,-9.6,34.8,Needs Attention,Learning Milestone,Learning Progress
P01187,L099,SCI03,2026-03-04,84.6,78.9,-5.7,67.2,Needs Attention,Learning Milestone,Learning Progress
P01188,L099,SCI03,2026-07-07,84.6,80.0,-4.6,100.0,Stable,Course Completion,Successful Completion
P01189,L100,MATH01,2025-09-05,75.0,75.0,0.0,30.8,Stable,Learning Milestone,Learning Progress
P01190,L100,MATH01,2025-10-01,75.0,76.9,1.9,31.1,Stable,Learning Milestone,Learning Progress
P01191,L100,MATH01,2026-01-04,75.0,76.5,1.5,42.8,Stable,Learning Milestone,Learning Progress
P01192,L100,MATH01,2026-05-25,75.0,83.3,8.3,100.0,Improving,Course Completion,Successful Completion
P01193,L100,READ01,2025-11-13,75.0,75.0,0.0,43.3,Stable,Learning Milestone,Learning Progress
P01194,L100,READ01,2026-01-28,75.0,83.3,8.3,53.9,Improving,Learning Milestone,Learning Progress
P01195,L100,READ01,2026-04-18,75.0,77.8,2.8,70.7,Stable,Learning Milestone,Learning Progress
P01196,L100,READ01,2026-08-20,75.0,85.0,10.0,100.0,Improving,Progress Star,Great Improvement
P01197,L100,SCI01,2025-10-06,80.0,80.0,0.0,24.5,Stable,Learning Milestone,Learning Progress
P01198,L100,SCI01,2025-11-07,80.0,70.0,-10.0,29.3,Needs Attention,Learning Milestone,Learning Progress
P01199,L100,SCI01,2026-02-10,80.0,78.6,-1.4,63.6,Stable,Learning Milestone,Learning Progress
P01200,L100,SCI01,2026-07-27,80.0,78.9,-1.1,100.0,Stable,Course Completion,Successful Completion
